<gpx xmlns:ns3="http://www.garmin.com/xmlschemas/TrackPointExtension/v1" xmlns="http://www.topografix.com/GPX/1/1" xmlns:xsi="http://www.w3.org/2001/XMLSchema-instance" xmlns:ns2="http://www.garmin.com/xmlschemas/GpxExtensions/v3" creator="Garmin Connect" version="1.1" xsi:schemaLocation="http://www.topografix.com/GPX/1/1 http://www.topografix.com/GPX/11.xsd">
  <extensions>
<distance>5035.74</distance>
<average_hr>134.0</average_hr>
<average_speed>2.3499999046325684</average_speed>
<start_time>2026-08-20T10:48:40+00:00</start_time>
<end_time>2026-08-20T11:24:23.211000+00:00</end_time>
<moving_time>2126.928</moving_time>
<elapsed_time>2143.211</elapsed_time>
</extensions>
<metadata>
    <link href="connect.garmin.com">
      <text>Garmin Connect</text>
    </link>
    <time>2026-08-20T10:48:40.000Z</time>
  </metadata>
  <trk>
    <name>朝阳区 跑步</name>
    <type>running</type>
    <trkseg>
      <trkpt lat="39.98590822331607341766357421875" lon="116.49921848438680171966552734375">
        <ele>38.40000152587890625</ele>
        <time>2026-08-20T10:48:47.000Z</time>
        <extensions>
          <ns3:TrackPointExtension>
            <ns3:hr>84</ns3:hr>
            <ns3:cad>53</ns3:cad>
          </ns3:TrackPointExtension>
        </extensions>
      </trkpt>
      <trkpt lat="39.98590067960321903228759765625" lon="116.49918361566960811614990234375">
        <ele>38.40000152587890625</ele>
        <time>2026-08-20T10:48:48.000Z</time>
        <extensions>
          <ns3:TrackPointExtension>
            <ns3:hr>82</ns3:hr>
            <ns3:cad>53</ns3:cad>
          </ns3:TrackPointExtension>
        </extensions>
      </trkpt>
      <trkpt lat="39.985806047916412353515625" lon="116.49925653822720050811767578125">
        <ele>38.200000762939453125</ele>
        <time>2026-08-20T10:48:49.000Z</time>
        <extensions>
          <ns3:TrackPointExtension>
            <ns3:hr>79</ns3:hr>
            <ns3:cad>53</ns3:cad>
          </ns3:TrackPointExtension>
        </extensions>
      </trkpt>
      <trkpt lat="39.98565307818353176116943359375" lon="116.4994631521403789520263671875">
        <ele>38.200000762939453125</ele>
        <time>2026-08-20T10:48:50.000Z</time>
        <extensions>
          <ns3:TrackPointExtension>
            <ns3:hr>76</ns3:hr>
            <ns3:cad>55</ns3:cad>
          </ns3:TrackPointExtension>
        </extensions>
      </trkpt>
      <trkpt lat="39.985599182546138763427734375" lon="116.49947647936642169952392578125">
        <ele>38.200000762939453125</ele>
        <time>2026-08-20T10:48:51.000Z</time>
        <extensions>
          <ns3:TrackPointExtension>
            <ns3:hr>76</ns3:hr>
            <ns3:cad>55</ns3:cad>
          </ns3:TrackPointExtension>
        </extensions>
      </trkpt>
      <trkpt lat="39.98560823500156402587890625" lon="116.4994619786739349365234375">
        <ele>38.200000762939453125</ele>
        <time>2026-08-20T10:48:52.000Z</time>
        <extensions>
          <ns3:TrackPointExtension>
            <ns3:hr>76</ns3:hr>
            <ns3:cad>55</ns3:cad>
          </ns3:TrackPointExtension>
        </extensions>
      </trkpt>
      <trkpt lat="39.98561225831508636474609375" lon="116.49944865144789218902587890625">
        <ele>38.200000762939453125</ele>
        <time>2026-08-20T10:48:53.000Z</time>
        <extensions>
          <ns3:TrackPointExtension>
            <ns3:hr>76</ns3:hr>
            <ns3:cad>55</ns3:cad>
          </ns3:TrackPointExtension>
        </extensions>
      </trkpt>
      <trkpt lat="39.98562030494213104248046875" lon="116.499462984502315521240234375">
        <ele>38.200000762939453125</ele>
        <time>2026-08-20T10:48:54.000Z</time>
        <extensions>
          <ns3:TrackPointExtension>
            <ns3:hr>76</ns3:hr>
            <ns3:cad>55</ns3:cad>
          </ns3:TrackPointExtension>
        </extensions>
      </trkpt>
      <trkpt lat="39.985620640218257904052734375" lon="116.49946323595941066741943359375">
        <ele>38.200000762939453125</ele>
        <time>2026-08-20T10:48:55.000Z</time>
        <extensions>
          <ns3:TrackPointExtension>
            <ns3:hr>76</ns3:hr>
            <ns3:cad>55</ns3:cad>
          </ns3:TrackPointExtension>
        </extensions>
      </trkpt>
      <trkpt lat="39.9856218136847019195556640625" lon="116.49948134087026119232177734375">
        <ele>38</ele>
        <time>2026-08-20T10:48:56.000Z</time>
        <extensions>
          <ns3:TrackPointExtension>
            <ns3:hr>76</ns3:hr>
            <ns3:cad>55</ns3:cad>
          </ns3:TrackPointExtension>
        </extensions>
      </trkpt>
      <trkpt lat="39.98562675900757312774658203125" lon="116.49949349462985992431640625">
        <ele>38</ele>
        <time>2026-08-20T10:48:57.000Z</time>
        <extensions>
          <ns3:TrackPointExtension>
            <ns3:hr>77</ns3:hr>
            <ns3:cad>54</ns3:cad>
          </ns3:TrackPointExtension>
        </extensions>
      </trkpt>
      <trkpt lat="39.985629357397556304931640625" lon="116.49950665421783924102783203125">
        <ele>38</ele>
        <time>2026-08-20T10:48:58.000Z</time>
        <extensions>
          <ns3:TrackPointExtension>
            <ns3:hr>77</ns3:hr>
            <ns3:cad>53</ns3:cad>
          </ns3:TrackPointExtension>
        </extensions>
      </trkpt>
      <trkpt lat="39.985632039606571197509765625" lon="116.49951905943453311920166015625">
        <ele>38</ele>
        <time>2026-08-20T10:48:59.000Z</time>
        <extensions>
          <ns3:TrackPointExtension>
            <ns3:hr>77</ns3:hr>
            <ns3:cad>53</ns3:cad>
          </ns3:TrackPointExtension>
        </extensions>
      </trkpt>
      <trkpt lat="39.985634051263332366943359375" lon="116.49953599087893962860107421875">
        <ele>38</ele>
        <time>2026-08-20T10:49:00.000Z</time>
        <extensions>
          <ns3:TrackPointExtension>
            <ns3:hr>76</ns3:hr>
            <ns3:cad>53</ns3:cad>
          </ns3:TrackPointExtension>
        </extensions>
      </trkpt>
      <trkpt lat="39.9856375716626644134521484375" lon="116.4995509944856166839599609375">
        <ele>38</ele>
        <time>2026-08-20T10:49:01.000Z</time>
        <extensions>
          <ns3:TrackPointExtension>
            <ns3:hr>76</ns3:hr>
            <ns3:cad>52</ns3:cad>
          </ns3:TrackPointExtension>
        </extensions>
      </trkpt>
      <trkpt lat="39.98563933186233043670654296875" lon="116.4995654113590717315673828125">
        <ele>38</ele>
        <time>2026-08-20T10:49:02.000Z</time>
        <extensions>
          <ns3:TrackPointExtension>
            <ns3:hr>77</ns3:hr>
            <ns3:cad>52</ns3:cad>
          </ns3:TrackPointExtension>
        </extensions>
      </trkpt>
      <trkpt lat="39.985640756785869598388671875" lon="116.49958066642284393310546875">
        <ele>38</ele>
        <time>2026-08-20T10:49:03.000Z</time>
        <extensions>
          <ns3:TrackPointExtension>
            <ns3:hr>77</ns3:hr>
            <ns3:cad>53</ns3:cad>
          </ns3:TrackPointExtension>
        </extensions>
      </trkpt>
      <trkpt lat="39.9856389127671718597412109375" lon="116.49959147907793521881103515625">
        <ele>38</ele>
        <time>2026-08-20T10:49:04.000Z</time>
        <extensions>
          <ns3:TrackPointExtension>
            <ns3:hr>77</ns3:hr>
            <ns3:cad>55</ns3:cad>
          </ns3:TrackPointExtension>
        </extensions>
      </trkpt>
      <trkpt lat="39.9856355600059032440185546875" lon="116.4996043033897876739501953125">
        <ele>38</ele>
        <time>2026-08-20T10:49:05.000Z</time>
        <extensions>
          <ns3:TrackPointExtension>
            <ns3:hr>77</ns3:hr>
            <ns3:cad>55</ns3:cad>
          </ns3:TrackPointExtension>
        </extensions>
      </trkpt>
      <trkpt lat="39.9856342189013957977294921875" lon="116.4996197260916233062744140625">
        <ele>38</ele>
        <time>2026-08-20T10:49:06.000Z</time>
        <extensions>
          <ns3:TrackPointExtension>
            <ns3:hr>77</ns3:hr>
            <ns3:cad>55</ns3:cad>
          </ns3:TrackPointExtension>
        </extensions>
      </trkpt>
      <trkpt lat="39.9856345541775226593017578125" lon="116.4996336400508880615234375">
        <ele>38</ele>
        <time>2026-08-20T10:49:07.000Z</time>
        <extensions>
          <ns3:TrackPointExtension>
            <ns3:hr>77</ns3:hr>
            <ns3:cad>55</ns3:cad>
          </ns3:TrackPointExtension>
        </extensions>
      </trkpt>
      <trkpt lat="39.9856348894536495208740234375" lon="116.49964579381048679351806640625">
        <ele>38</ele>
        <time>2026-08-20T10:49:08.000Z</time>
        <extensions>
          <ns3:TrackPointExtension>
            <ns3:hr>77</ns3:hr>
            <ns3:cad>55</ns3:cad>
          </ns3:TrackPointExtension>
        </extensions>
      </trkpt>
      <trkpt lat="39.9856342189013957977294921875" lon="116.499662809073925018310546875">
        <ele>38</ele>
        <time>2026-08-20T10:49:09.000Z</time>
        <extensions>
          <ns3:TrackPointExtension>
            <ns3:hr>77</ns3:hr>
            <ns3:cad>55</ns3:cad>
          </ns3:TrackPointExtension>
        </extensions>
      </trkpt>
      <trkpt lat="39.98563346453011035919189453125" lon="116.49967546574771404266357421875">
        <ele>38</ele>
        <time>2026-08-20T10:49:10.000Z</time>
        <extensions>
          <ns3:TrackPointExtension>
            <ns3:hr>78</ns3:hr>
            <ns3:cad>56</ns3:cad>
          </ns3:TrackPointExtension>
        </extensions>
      </trkpt>
      <trkpt lat="39.98563162051141262054443359375" lon="116.4996926486492156982421875">
        <ele>38</ele>
        <time>2026-08-20T10:49:11.000Z</time>
        <extensions>
          <ns3:TrackPointExtension>
            <ns3:hr>78</ns3:hr>
            <ns3:cad>56</ns3:cad>
          </ns3:TrackPointExtension>
        </extensions>
      </trkpt>
      <trkpt lat="39.9856305308640003204345703125" lon="116.49970849044620990753173828125">
        <ele>38</ele>
        <time>2026-08-20T10:49:12.000Z</time>
        <extensions>
          <ns3:TrackPointExtension>
            <ns3:hr>78</ns3:hr>
            <ns3:cad>56</ns3:cad>
          </ns3:TrackPointExtension>
        </extensions>
      </trkpt>
      <trkpt lat="39.9856298603117465972900390625" lon="116.4997239969670772552490234375">
        <ele>38</ele>
        <time>2026-08-20T10:49:13.000Z</time>
        <extensions>
          <ns3:TrackPointExtension>
            <ns3:hr>78</ns3:hr>
            <ns3:cad>56</ns3:cad>
          </ns3:TrackPointExtension>
        </extensions>
      </trkpt>
      <trkpt lat="39.98562969267368316650390625" lon="116.49973816238343715667724609375">
        <ele>38</ele>
        <time>2026-08-20T10:49:14.000Z</time>
        <extensions>
          <ns3:TrackPointExtension>
            <ns3:hr>78</ns3:hr>
            <ns3:cad>55</ns3:cad>
          </ns3:TrackPointExtension>
        </extensions>
      </trkpt>
      <trkpt lat="39.98562944121658802032470703125" lon="116.499752663075923919677734375">
        <ele>38</ele>
        <time>2026-08-20T10:49:15.000Z</time>
        <extensions>
          <ns3:TrackPointExtension>
            <ns3:hr>79</ns3:hr>
            <ns3:cad>55</ns3:cad>
          </ns3:TrackPointExtension>
        </extensions>
      </trkpt>
      <trkpt lat="39.98562893830239772796630859375" lon="116.49977034889161586761474609375">
        <ele>38</ele>
        <time>2026-08-20T10:49:16.000Z</time>
        <extensions>
          <ns3:TrackPointExtension>
            <ns3:hr>78</ns3:hr>
            <ns3:cad>55</ns3:cad>
          </ns3:TrackPointExtension>
        </extensions>
      </trkpt>
      <trkpt lat="39.98562701046466827392578125" lon="116.4997866936028003692626953125">
        <ele>38</ele>
        <time>2026-08-20T10:49:17.000Z</time>
        <extensions>
          <ns3:TrackPointExtension>
            <ns3:hr>78</ns3:hr>
            <ns3:cad>55</ns3:cad>
          </ns3:TrackPointExtension>
        </extensions>
      </trkpt>
      <trkpt lat="39.98562407679855823516845703125" lon="116.4998027868568897247314453125">
        <ele>38</ele>
        <time>2026-08-20T10:49:18.000Z</time>
        <extensions>
          <ns3:TrackPointExtension>
            <ns3:hr>78</ns3:hr>
            <ns3:cad>55</ns3:cad>
          </ns3:TrackPointExtension>
        </extensions>
      </trkpt>
      <trkpt lat="39.9856223165988922119140625" lon="116.49981913156807422637939453125">
        <ele>38</ele>
        <time>2026-08-20T10:49:19.000Z</time>
        <extensions>
          <ns3:TrackPointExtension>
            <ns3:hr>79</ns3:hr>
            <ns3:cad>55</ns3:cad>
          </ns3:TrackPointExtension>
        </extensions>
      </trkpt>
      <trkpt lat="39.98562055639922618865966796875" lon="116.4998353086411952972412109375">
        <ele>38</ele>
        <time>2026-08-20T10:49:20.000Z</time>
        <extensions>
          <ns3:TrackPointExtension>
            <ns3:hr>79</ns3:hr>
            <ns3:cad>55</ns3:cad>
          </ns3:TrackPointExtension>
        </extensions>
      </trkpt>
      <trkpt lat="39.98561988584697246551513671875" lon="116.49984997697174549102783203125">
        <ele>38</ele>
        <time>2026-08-20T10:49:21.000Z</time>
        <extensions>
          <ns3:TrackPointExtension>
            <ns3:hr>79</ns3:hr>
            <ns3:cad>55</ns3:cad>
          </ns3:TrackPointExtension>
        </extensions>
      </trkpt>
      <trkpt lat="39.98561888001859188079833984375" lon="116.49986565113067626953125">
        <ele>38</ele>
        <time>2026-08-20T10:49:22.000Z</time>
        <extensions>
          <ns3:TrackPointExtension>
            <ns3:hr>79</ns3:hr>
            <ns3:cad>56</ns3:cad>
          </ns3:TrackPointExtension>
        </extensions>
      </trkpt>
      <trkpt lat="39.98561770655214786529541015625" lon="116.49988266639411449432373046875">
        <ele>38</ele>
        <time>2026-08-20T10:49:23.000Z</time>
        <extensions>
          <ns3:TrackPointExtension>
            <ns3:hr>79</ns3:hr>
            <ns3:cad>57</ns3:cad>
          </ns3:TrackPointExtension>
        </extensions>
      </trkpt>
      <trkpt lat="39.98561703599989414215087890625" lon="116.4998996816575527191162109375">
        <ele>38</ele>
        <time>2026-08-20T10:49:24.000Z</time>
        <extensions>
          <ns3:TrackPointExtension>
            <ns3:hr>80</ns3:hr>
            <ns3:cad>56</ns3:cad>
          </ns3:TrackPointExtension>
        </extensions>
      </trkpt>
      <trkpt lat="39.9856161139905452728271484375" lon="116.4999139308929443359375">
        <ele>38</ele>
        <time>2026-08-20T10:49:25.000Z</time>
        <extensions>
          <ns3:TrackPointExtension>
            <ns3:hr>80</ns3:hr>
            <ns3:cad>56</ns3:cad>
          </ns3:TrackPointExtension>
        </extensions>
      </trkpt>
      <trkpt lat="39.98561485670506954193115234375" lon="116.49992910213768482208251953125">
        <ele>38</ele>
        <time>2026-08-20T10:49:26.000Z</time>
        <extensions>
          <ns3:TrackPointExtension>
            <ns3:hr>80</ns3:hr>
            <ns3:cad>56</ns3:cad>
          </ns3:TrackPointExtension>
        </extensions>
      </trkpt>
      <trkpt lat="39.9856141023337841033935546875" lon="116.49994754232466220855712890625">
        <ele>38</ele>
        <time>2026-08-20T10:49:27.000Z</time>
        <extensions>
          <ns3:TrackPointExtension>
            <ns3:hr>80</ns3:hr>
            <ns3:cad>56</ns3:cad>
          </ns3:TrackPointExtension>
        </extensions>
      </trkpt>
      <trkpt lat="39.985612928867340087890625" lon="116.49996380321681499481201171875">
        <ele>38</ele>
        <time>2026-08-20T10:49:28.000Z</time>
        <extensions>
          <ns3:TrackPointExtension>
            <ns3:hr>81</ns3:hr>
            <ns3:cad>55</ns3:cad>
          </ns3:TrackPointExtension>
        </extensions>
      </trkpt>
      <trkpt lat="39.98561234213411808013916015625" lon="116.4999808184802532196044921875">
        <ele>38</ele>
        <time>2026-08-20T10:49:29.000Z</time>
        <extensions>
          <ns3:TrackPointExtension>
            <ns3:hr>81</ns3:hr>
            <ns3:cad>55</ns3:cad>
          </ns3:TrackPointExtension>
        </extensions>
      </trkpt>
      <trkpt lat="39.98561301268637180328369140625" lon="116.4999959059059619903564453125">
        <ele>38</ele>
        <time>2026-08-20T10:49:30.000Z</time>
        <extensions>
          <ns3:TrackPointExtension>
            <ns3:hr>81</ns3:hr>
            <ns3:cad>56</ns3:cad>
          </ns3:TrackPointExtension>
        </extensions>
      </trkpt>
      <trkpt lat="39.98561267741024494171142578125" lon="116.50001049041748046875">
        <ele>38</ele>
        <time>2026-08-20T10:49:31.000Z</time>
        <extensions>
          <ns3:TrackPointExtension>
            <ns3:hr>81</ns3:hr>
            <ns3:cad>56</ns3:cad>
          </ns3:TrackPointExtension>
        </extensions>
      </trkpt>
      <trkpt lat="39.98561301268637180328369140625" lon="116.50002323091030120849609375">
        <ele>38</ele>
        <time>2026-08-20T10:49:32.000Z</time>
        <extensions>
          <ns3:TrackPointExtension>
            <ns3:hr>81</ns3:hr>
            <ns3:cad>56</ns3:cad>
          </ns3:TrackPointExtension>
        </extensions>
      </trkpt>
      <trkpt lat="39.985610581934452056884765625" lon="116.50003571994602680206298828125">
        <ele>38</ele>
        <time>2026-08-20T10:49:33.000Z</time>
        <extensions>
          <ns3:TrackPointExtension>
            <ns3:hr>81</ns3:hr>
            <ns3:cad>56</ns3:cad>
          </ns3:TrackPointExtension>
        </extensions>
      </trkpt>
      <trkpt lat="39.9856080673635005950927734375" lon="116.5000495500862598419189453125">
        <ele>38</ele>
        <time>2026-08-20T10:49:34.000Z</time>
        <extensions>
          <ns3:TrackPointExtension>
            <ns3:hr>81</ns3:hr>
            <ns3:cad>55</ns3:cad>
          </ns3:TrackPointExtension>
        </extensions>
      </trkpt>
      <trkpt lat="39.9856047146022319793701171875" lon="116.5000632964074611663818359375">
        <ele>38</ele>
        <time>2026-08-20T10:49:35.000Z</time>
        <extensions>
          <ns3:TrackPointExtension>
            <ns3:hr>81</ns3:hr>
            <ns3:cad>55</ns3:cad>
          </ns3:TrackPointExtension>
        </extensions>
      </trkpt>
      <trkpt lat="39.98560094274580478668212890625" lon="116.50007595308125019073486328125">
        <ele>38</ele>
        <time>2026-08-20T10:49:36.000Z</time>
        <extensions>
          <ns3:TrackPointExtension>
            <ns3:hr>82</ns3:hr>
            <ns3:cad>53</ns3:cad>
          </ns3:TrackPointExtension>
        </extensions>
      </trkpt>
      <trkpt lat="39.9855973385274410247802734375" lon="116.5000842511653900146484375">
        <ele>38</ele>
        <time>2026-08-20T10:49:37.000Z</time>
        <extensions>
          <ns3:TrackPointExtension>
            <ns3:hr>81</ns3:hr>
            <ns3:cad>0</ns3:cad>
          </ns3:TrackPointExtension>
        </extensions>
      </trkpt>
      <trkpt lat="39.9855916388332843780517578125" lon="116.500091291964054107666015625">
        <ele>38</ele>
        <time>2026-08-20T10:49:38.000Z</time>
        <extensions>
          <ns3:TrackPointExtension>
            <ns3:hr>81</ns3:hr>
            <ns3:cad>53</ns3:cad>
          </ns3:TrackPointExtension>
        </extensions>
      </trkpt>
      <trkpt lat="39.9855852685868740081787109375" lon="116.5001031942665576934814453125">
        <ele>38</ele>
        <time>2026-08-20T10:49:39.000Z</time>
        <extensions>
          <ns3:TrackPointExtension>
            <ns3:hr>81</ns3:hr>
            <ns3:cad>53</ns3:cad>
          </ns3:TrackPointExtension>
        </extensions>
      </trkpt>
      <trkpt lat="39.98557680286467075347900390625" lon="116.50011635385453701019287109375">
        <ele>38</ele>
        <time>2026-08-20T10:49:40.000Z</time>
        <extensions>
          <ns3:TrackPointExtension>
            <ns3:hr>81</ns3:hr>
            <ns3:cad>53</ns3:cad>
          </ns3:TrackPointExtension>
        </extensions>
      </trkpt>
      <trkpt lat="39.9855685047805309295654296875" lon="116.50013077072799205780029296875">
        <ele>38</ele>
        <time>2026-08-20T10:49:41.000Z</time>
        <extensions>
          <ns3:TrackPointExtension>
            <ns3:hr>81</ns3:hr>
            <ns3:cad>53</ns3:cad>
          </ns3:TrackPointExtension>
        </extensions>
      </trkpt>
      <trkpt lat="39.98556154780089855194091796875" lon="116.5001400746405124664306640625">
        <ele>38</ele>
        <time>2026-08-20T10:49:42.000Z</time>
        <extensions>
          <ns3:TrackPointExtension>
            <ns3:hr>81</ns3:hr>
            <ns3:cad>51</ns3:cad>
          </ns3:TrackPointExtension>
        </extensions>
      </trkpt>
      <trkpt lat="39.98555568046867847442626953125" lon="116.50015105493366718292236328125">
        <ele>38</ele>
        <time>2026-08-20T10:49:43.000Z</time>
        <extensions>
          <ns3:TrackPointExtension>
            <ns3:hr>81</ns3:hr>
            <ns3:cad>0</ns3:cad>
          </ns3:TrackPointExtension>
        </extensions>
      </trkpt>
      <trkpt lat="39.98555182479321956634521484375" lon="116.50016211904585361480712890625">
        <ele>38</ele>
        <time>2026-08-20T10:49:44.000Z</time>
        <extensions>
          <ns3:TrackPointExtension>
            <ns3:hr>81</ns3:hr>
            <ns3:cad>0</ns3:cad>
          </ns3:TrackPointExtension>
        </extensions>
      </trkpt>
      <trkpt lat="39.98555132187902927398681640625" lon="116.500168740749359130859375">
        <ele>38</ele>
        <time>2026-08-20T10:49:45.000Z</time>
        <extensions>
          <ns3:TrackPointExtension>
            <ns3:hr>80</ns3:hr>
            <ns3:cad>0</ns3:cad>
          </ns3:TrackPointExtension>
        </extensions>
      </trkpt>
      <trkpt lat="39.9855517409741878509521484375" lon="116.50017636828124523162841796875">
        <ele>38</ele>
        <time>2026-08-20T10:49:46.000Z</time>
        <extensions>
          <ns3:TrackPointExtension>
            <ns3:hr>77</ns3:hr>
            <ns3:cad>0</ns3:cad>
          </ns3:TrackPointExtension>
        </extensions>
      </trkpt>
      <trkpt lat="39.98555417172610759735107421875" lon="116.50018818676471710205078125">
        <ele>38</ele>
        <time>2026-08-20T10:49:47.000Z</time>
        <extensions>
          <ns3:TrackPointExtension>
            <ns3:hr>76</ns3:hr>
            <ns3:cad>0</ns3:cad>
          </ns3:TrackPointExtension>
        </extensions>
      </trkpt>
      <trkpt lat="39.98555350117385387420654296875" lon="116.50020084343850612640380859375">
        <ele>38</ele>
        <time>2026-08-20T10:49:48.000Z</time>
        <extensions>
          <ns3:TrackPointExtension>
            <ns3:hr>76</ns3:hr>
            <ns3:cad>0</ns3:cad>
          </ns3:TrackPointExtension>
        </extensions>
      </trkpt>
      <trkpt lat="39.98555417172610759735107421875" lon="116.50021526031196117401123046875">
        <ele>38</ele>
        <time>2026-08-20T10:49:49.000Z</time>
        <extensions>
          <ns3:TrackPointExtension>
            <ns3:hr>77</ns3:hr>
            <ns3:cad>0</ns3:cad>
          </ns3:TrackPointExtension>
        </extensions>
      </trkpt>
      <trkpt lat="39.98555148951709270477294921875" lon="116.50023269467055797576904296875">
        <ele>38</ele>
        <time>2026-08-20T10:49:50.000Z</time>
        <extensions>
          <ns3:TrackPointExtension>
            <ns3:hr>77</ns3:hr>
            <ns3:cad>47</ns3:cad>
          </ns3:TrackPointExtension>
        </extensions>
      </trkpt>
      <trkpt lat="39.9855483882129192352294921875" lon="116.50025121867656707763671875">
        <ele>38</ele>
        <time>2026-08-20T10:49:51.000Z</time>
        <extensions>
          <ns3:TrackPointExtension>
            <ns3:hr>77</ns3:hr>
            <ns3:cad>47</ns3:cad>
          </ns3:TrackPointExtension>
        </extensions>
      </trkpt>
      <trkpt lat="39.98554595746099948883056640625" lon="116.5002688206732273101806640625">
        <ele>38</ele>
        <time>2026-08-20T10:49:52.000Z</time>
        <extensions>
          <ns3:TrackPointExtension>
            <ns3:hr>77</ns3:hr>
            <ns3:cad>48</ns3:cad>
          </ns3:TrackPointExtension>
        </extensions>
      </trkpt>
      <trkpt lat="39.985542856156826019287109375" lon="116.50028734467923641204833984375">
        <ele>38</ele>
        <time>2026-08-20T10:49:53.000Z</time>
        <extensions>
          <ns3:TrackPointExtension>
            <ns3:hr>77</ns3:hr>
            <ns3:cad>49</ns3:cad>
          </ns3:TrackPointExtension>
        </extensions>
      </trkpt>
      <trkpt lat="39.98554059304296970367431640625" lon="116.50030461139976978302001953125">
        <ele>37.799999237060546875</ele>
        <time>2026-08-20T10:49:54.000Z</time>
        <extensions>
          <ns3:TrackPointExtension>
            <ns3:hr>78</ns3:hr>
            <ns3:cad>49</ns3:cad>
          </ns3:TrackPointExtension>
        </extensions>
      </trkpt>
      <trkpt lat="39.98554444871842861175537109375" lon="116.5003147535026073455810546875">
        <ele>37.799999237060546875</ele>
        <time>2026-08-20T10:49:55.000Z</time>
        <extensions>
          <ns3:TrackPointExtension>
            <ns3:hr>78</ns3:hr>
            <ns3:cad>50</ns3:cad>
          </ns3:TrackPointExtension>
        </extensions>
      </trkpt>
      <trkpt lat="39.985551573336124420166015625" lon="116.50032875128090381622314453125">
        <ele>37.799999237060546875</ele>
        <time>2026-08-20T10:49:56.000Z</time>
        <extensions>
          <ns3:TrackPointExtension>
            <ns3:hr>78</ns3:hr>
            <ns3:cad>51</ns3:cad>
          </ns3:TrackPointExtension>
        </extensions>
      </trkpt>
      <trkpt lat="39.9855617992579936981201171875" lon="116.5003472752869129180908203125">
        <ele>37.799999237060546875</ele>
        <time>2026-08-20T10:49:57.000Z</time>
        <extensions>
          <ns3:TrackPointExtension>
            <ns3:hr>79</ns3:hr>
            <ns3:cad>51</ns3:cad>
          </ns3:TrackPointExtension>
        </extensions>
      </trkpt>
      <trkpt lat="39.98556707985699176788330078125" lon="116.50036898441612720489501953125">
        <ele>38</ele>
        <time>2026-08-20T10:49:58.000Z</time>
        <extensions>
          <ns3:TrackPointExtension>
            <ns3:hr>79</ns3:hr>
            <ns3:cad>57</ns3:cad>
          </ns3:TrackPointExtension>
        </extensions>
      </trkpt>
      <trkpt lat="39.98556976206600666046142578125" lon="116.5003751032054424285888671875">
        <ele>38</ele>
        <time>2026-08-20T10:49:59.000Z</time>
        <extensions>
          <ns3:TrackPointExtension>
            <ns3:hr>80</ns3:hr>
            <ns3:cad>57</ns3:cad>
          </ns3:TrackPointExtension>
        </extensions>
      </trkpt>
      <trkpt lat="39.98556942678987979888916015625" lon="116.5003819763660430908203125">
        <ele>38</ele>
        <time>2026-08-20T10:50:00.000Z</time>
        <extensions>
          <ns3:TrackPointExtension>
            <ns3:hr>80</ns3:hr>
            <ns3:cad>57</ns3:cad>
          </ns3:TrackPointExtension>
        </extensions>
      </trkpt>
      <trkpt lat="39.985569007694721221923828125" lon="116.50038407184183597564697265625">
        <ele>38</ele>
        <time>2026-08-20T10:50:01.000Z</time>
        <extensions>
          <ns3:TrackPointExtension>
            <ns3:hr>81</ns3:hr>
            <ns3:cad>57</ns3:cad>
          </ns3:TrackPointExtension>
        </extensions>
      </trkpt>
      <trkpt lat="39.9855701811611652374267578125" lon="116.5003898553550243377685546875">
        <ele>38</ele>
        <time>2026-08-20T10:50:02.000Z</time>
        <extensions>
          <ns3:TrackPointExtension>
            <ns3:hr>82</ns3:hr>
            <ns3:cad>58</ns3:cad>
          </ns3:TrackPointExtension>
        </extensions>
      </trkpt>
      <trkpt lat="39.98557202517986297607421875" lon="116.500394046306610107421875">
        <ele>38</ele>
        <time>2026-08-20T10:50:03.000Z</time>
        <extensions>
          <ns3:TrackPointExtension>
            <ns3:hr>82</ns3:hr>
            <ns3:cad>58</ns3:cad>
          </ns3:TrackPointExtension>
        </extensions>
      </trkpt>
      <trkpt lat="39.985564649105072021484375" lon="116.50040812790393829345703125">
        <ele>38</ele>
        <time>2026-08-20T10:50:04.000Z</time>
        <extensions>
          <ns3:TrackPointExtension>
            <ns3:hr>83</ns3:hr>
            <ns3:cad>57</ns3:cad>
          </ns3:TrackPointExtension>
        </extensions>
      </trkpt>
      <trkpt lat="39.9855621345341205596923828125" lon="116.500421203672885894775390625">
        <ele>38</ele>
        <time>2026-08-20T10:50:05.000Z</time>
        <extensions>
          <ns3:TrackPointExtension>
            <ns3:hr>83</ns3:hr>
            <ns3:cad>56</ns3:cad>
          </ns3:TrackPointExtension>
        </extensions>
      </trkpt>
      <trkpt lat="39.985564984381198883056640625" lon="116.5004324354231357574462890625">
        <ele>38</ele>
        <time>2026-08-20T10:50:06.000Z</time>
        <extensions>
          <ns3:TrackPointExtension>
            <ns3:hr>84</ns3:hr>
            <ns3:cad>55</ns3:cad>
          </ns3:TrackPointExtension>
        </extensions>
      </trkpt>
      <trkpt lat="39.98556724749505519866943359375" lon="116.5004418231546878814697265625">
        <ele>38</ele>
        <time>2026-08-20T10:50:07.000Z</time>
        <extensions>
          <ns3:TrackPointExtension>
            <ns3:hr>84</ns3:hr>
            <ns3:cad>55</ns3:cad>
          </ns3:TrackPointExtension>
        </extensions>
      </trkpt>
      <trkpt lat="39.98557261191308498382568359375" lon="116.50045598857104778289794921875">
        <ele>38</ele>
        <time>2026-08-20T10:50:08.000Z</time>
        <extensions>
          <ns3:TrackPointExtension>
            <ns3:hr>84</ns3:hr>
            <ns3:cad>52</ns3:cad>
          </ns3:TrackPointExtension>
        </extensions>
      </trkpt>
      <trkpt lat="39.98558568768203258514404296875" lon="116.500458419322967529296875">
        <ele>38</ele>
        <time>2026-08-20T10:50:09.000Z</time>
        <extensions>
          <ns3:TrackPointExtension>
            <ns3:hr>84</ns3:hr>
            <ns3:cad>52</ns3:cad>
          </ns3:TrackPointExtension>
        </extensions>
      </trkpt>
      <trkpt lat="39.98559893108904361724853515625" lon="116.50046437047421932220458984375">
        <ele>38</ele>
        <time>2026-08-20T10:50:10.000Z</time>
        <extensions>
          <ns3:TrackPointExtension>
            <ns3:hr>84</ns3:hr>
            <ns3:cad>52</ns3:cad>
          </ns3:TrackPointExtension>
        </extensions>
      </trkpt>
      <trkpt lat="39.98562164604663848876953125" lon="116.50047694332897663116455078125">
        <ele>38</ele>
        <time>2026-08-20T10:50:11.000Z</time>
        <extensions>
          <ns3:TrackPointExtension>
            <ns3:hr>85</ns3:hr>
            <ns3:cad>52</ns3:cad>
          </ns3:TrackPointExtension>
        </extensions>
      </trkpt>
      <trkpt lat="39.98564578592777252197265625" lon="116.500487588346004486083984375">
        <ele>38.200000762939453125</ele>
        <time>2026-08-20T10:50:12.000Z</time>
        <extensions>
          <ns3:TrackPointExtension>
            <ns3:hr>85</ns3:hr>
            <ns3:cad>82</ns3:cad>
          </ns3:TrackPointExtension>
        </extensions>
      </trkpt>
      <trkpt lat="39.985672943294048309326171875" lon="116.50049974210560321807861328125">
        <ele>38.200000762939453125</ele>
        <time>2026-08-20T10:50:13.000Z</time>
        <extensions>
          <ns3:TrackPointExtension>
            <ns3:hr>85</ns3:hr>
            <ns3:cad>82</ns3:cad>
          </ns3:TrackPointExtension>
        </extensions>
      </trkpt>
      <trkpt lat="39.98570236377418041229248046875" lon="116.50050208903849124908447265625">
        <ele>38.200000762939453125</ele>
        <time>2026-08-20T10:50:14.000Z</time>
        <extensions>
          <ns3:TrackPointExtension>
            <ns3:hr>85</ns3:hr>
            <ns3:cad>82</ns3:cad>
          </ns3:TrackPointExtension>
        </extensions>
      </trkpt>
      <trkpt lat="39.9857296049594879150390625" lon="116.50050192140042781829833984375">
        <ele>38.200000762939453125</ele>
        <time>2026-08-20T10:50:15.000Z</time>
        <extensions>
          <ns3:TrackPointExtension>
            <ns3:hr>86</ns3:hr>
            <ns3:cad>81</ns3:cad>
          </ns3:TrackPointExtension>
        </extensions>
      </trkpt>
      <trkpt lat="39.98575902543962001800537109375" lon="116.50050544179975986480712890625">
        <ele>38.200000762939453125</ele>
        <time>2026-08-20T10:50:16.000Z</time>
        <extensions>
          <ns3:TrackPointExtension>
            <ns3:hr>87</ns3:hr>
            <ns3:cad>81</ns3:cad>
          </ns3:TrackPointExtension>
        </extensions>
      </trkpt>
      <trkpt lat="39.985784254968166351318359375" lon="116.50050544179975986480712890625">
        <ele>38.200000762939453125</ele>
        <time>2026-08-20T10:50:17.000Z</time>
        <extensions>
          <ns3:TrackPointExtension>
            <ns3:hr>89</ns3:hr>
            <ns3:cad>85</ns3:cad>
          </ns3:TrackPointExtension>
        </extensions>
      </trkpt>
      <trkpt lat="39.9858072213828563690185546875" lon="116.5005001612007617950439453125">
        <ele>38.200000762939453125</ele>
        <time>2026-08-20T10:50:18.000Z</time>
        <extensions>
          <ns3:TrackPointExtension>
            <ns3:hr>90</ns3:hr>
            <ns3:cad>86</ns3:cad>
          </ns3:TrackPointExtension>
        </extensions>
      </trkpt>
      <trkpt lat="39.98582817614078521728515625" lon="116.50049798190593719482421875">
        <ele>38.200000762939453125</ele>
        <time>2026-08-20T10:50:19.000Z</time>
        <extensions>
          <ns3:TrackPointExtension>
            <ns3:hr>92</ns3:hr>
            <ns3:cad>86</ns3:cad>
          </ns3:TrackPointExtension>
        </extensions>
      </trkpt>
      <trkpt lat="39.9858503043651580810546875" lon="116.50049655698239803314208984375">
        <ele>38.200000762939453125</ele>
        <time>2026-08-20T10:50:20.000Z</time>
        <extensions>
          <ns3:TrackPointExtension>
            <ns3:hr>93</ns3:hr>
            <ns3:cad>86</ns3:cad>
          </ns3:TrackPointExtension>
        </extensions>
      </trkpt>
      <trkpt lat="39.9858722649514675140380859375" lon="116.5004958026111125946044921875">
        <ele>38.200000762939453125</ele>
        <time>2026-08-20T10:50:21.000Z</time>
        <extensions>
          <ns3:TrackPointExtension>
            <ns3:hr>94</ns3:hr>
            <ns3:cad>85</ns3:cad>
          </ns3:TrackPointExtension>
        </extensions>
      </trkpt>
      <trkpt lat="39.98589389026165008544921875" lon="116.5005008317530155181884765625">
        <ele>38.200000762939453125</ele>
        <time>2026-08-20T10:50:22.000Z</time>
        <extensions>
          <ns3:TrackPointExtension>
            <ns3:hr>95</ns3:hr>
            <ns3:cad>85</ns3:cad>
          </ns3:TrackPointExtension>
        </extensions>
      </trkpt>
      <trkpt lat="39.98591409064829349517822265625" lon="116.50050594471395015716552734375">
        <ele>38.200000762939453125</ele>
        <time>2026-08-20T10:50:23.000Z</time>
        <extensions>
          <ns3:TrackPointExtension>
            <ns3:hr>96</ns3:hr>
            <ns3:cad>85</ns3:cad>
          </ns3:TrackPointExtension>
        </extensions>
      </trkpt>
      <trkpt lat="39.985936470329761505126953125" lon="116.50051005184650421142578125">
        <ele>38.200000762939453125</ele>
        <time>2026-08-20T10:50:24.000Z</time>
        <extensions>
          <ns3:TrackPointExtension>
            <ns3:hr>96</ns3:hr>
            <ns3:cad>86</ns3:cad>
          </ns3:TrackPointExtension>
        </extensions>
      </trkpt>
      <trkpt lat="39.985963292419910430908203125" lon="116.50051566772162914276123046875">
        <ele>38.200000762939453125</ele>
        <time>2026-08-20T10:50:25.000Z</time>
        <extensions>
          <ns3:TrackPointExtension>
            <ns3:hr>96</ns3:hr>
            <ns3:cad>87</ns3:cad>
          </ns3:TrackPointExtension>
        </extensions>
      </trkpt>
      <trkpt lat="39.98598533682525157928466796875" lon="116.50051675736904144287109375">
        <ele>38.200000762939453125</ele>
        <time>2026-08-20T10:50:26.000Z</time>
        <extensions>
          <ns3:TrackPointExtension>
            <ns3:hr>96</ns3:hr>
            <ns3:cad>87</ns3:cad>
          </ns3:TrackPointExtension>
        </extensions>
      </trkpt>
      <trkpt lat="39.98600461520254611968994140625" lon="116.50051315315067768096923828125">
        <ele>38.200000762939453125</ele>
        <time>2026-08-20T10:50:27.000Z</time>
        <extensions>
          <ns3:TrackPointExtension>
            <ns3:hr>96</ns3:hr>
            <ns3:cad>87</ns3:cad>
          </ns3:TrackPointExtension>
        </extensions>
      </trkpt>
      <trkpt lat="39.98602330684661865234375" lon="116.5005229599773883819580078125">
        <ele>38.200000762939453125</ele>
        <time>2026-08-20T10:50:28.000Z</time>
        <extensions>
          <ns3:TrackPointExtension>
            <ns3:hr>96</ns3:hr>
            <ns3:cad>87</ns3:cad>
          </ns3:TrackPointExtension>
        </extensions>
      </trkpt>
      <trkpt lat="39.9860405735671520233154296875" lon="116.50051952339708805084228515625">
        <ele>38.40000152587890625</ele>
        <time>2026-08-20T10:50:29.000Z</time>
        <extensions>
          <ns3:TrackPointExtension>
            <ns3:hr>97</ns3:hr>
            <ns3:cad>85</ns3:cad>
          </ns3:TrackPointExtension>
        </extensions>
      </trkpt>
      <trkpt lat="39.98606110922992229461669921875" lon="116.5005387179553508758544921875">
        <ele>38.40000152587890625</ele>
        <time>2026-08-20T10:50:30.000Z</time>
        <extensions>
          <ns3:TrackPointExtension>
            <ns3:hr>97</ns3:hr>
            <ns3:cad>85</ns3:cad>
          </ns3:TrackPointExtension>
        </extensions>
      </trkpt>
      <trkpt lat="39.98607519082725048065185546875" lon="116.50054550729691982269287109375">
        <ele>38.40000152587890625</ele>
        <time>2026-08-20T10:50:31.000Z</time>
        <extensions>
          <ns3:TrackPointExtension>
            <ns3:hr>97</ns3:hr>
            <ns3:cad>84</ns3:cad>
          </ns3:TrackPointExtension>
        </extensions>
      </trkpt>
      <trkpt lat="39.98608642257750034332275390625" lon="116.500562690198421478271484375">
        <ele>38.59999847412109375</ele>
        <time>2026-08-20T10:50:32.000Z</time>
        <extensions>
          <ns3:TrackPointExtension>
            <ns3:hr>98</ns3:hr>
            <ns3:cad>85</ns3:cad>
          </ns3:TrackPointExtension>
        </extensions>
      </trkpt>
      <trkpt lat="39.98609748668968677520751953125" lon="116.5005859918892383575439453125">
        <ele>38.59999847412109375</ele>
        <time>2026-08-20T10:50:33.000Z</time>
        <extensions>
          <ns3:TrackPointExtension>
            <ns3:hr>98</ns3:hr>
            <ns3:cad>85</ns3:cad>
          </ns3:TrackPointExtension>
        </extensions>
      </trkpt>
      <trkpt lat="39.98610352165997028350830078125" lon="116.500609628856182098388671875">
        <ele>38.40000152587890625</ele>
        <time>2026-08-20T10:50:34.000Z</time>
        <extensions>
          <ns3:TrackPointExtension>
            <ns3:hr>99</ns3:hr>
            <ns3:cad>85</ns3:cad>
          </ns3:TrackPointExtension>
        </extensions>
      </trkpt>
      <trkpt lat="39.9860989116132259368896484375" lon="116.500636450946331024169921875">
        <ele>38.40000152587890625</ele>
        <time>2026-08-20T10:50:35.000Z</time>
        <extensions>
          <ns3:TrackPointExtension>
            <ns3:hr>99</ns3:hr>
            <ns3:cad>85</ns3:cad>
          </ns3:TrackPointExtension>
        </extensions>
      </trkpt>
      <trkpt lat="39.98610603623092174530029296875" lon="116.500656567513942718505859375">
        <ele>38.40000152587890625</ele>
        <time>2026-08-20T10:50:36.000Z</time>
        <extensions>
          <ns3:TrackPointExtension>
            <ns3:hr>99</ns3:hr>
            <ns3:cad>84</ns3:cad>
          </ns3:TrackPointExtension>
        </extensions>
      </trkpt>
      <trkpt lat="39.98610435985028743743896484375" lon="116.5006919391453266143798828125">
        <ele>38.40000152587890625</ele>
        <time>2026-08-20T10:50:37.000Z</time>
        <extensions>
          <ns3:TrackPointExtension>
            <ns3:hr>99</ns3:hr>
            <ns3:cad>84</ns3:cad>
          </ns3:TrackPointExtension>
        </extensions>
      </trkpt>
      <trkpt lat="39.98610335402190685272216796875" lon="116.5007150731980800628662109375">
        <ele>38.40000152587890625</ele>
        <time>2026-08-20T10:50:38.000Z</time>
        <extensions>
          <ns3:TrackPointExtension>
            <ns3:hr>99</ns3:hr>
            <ns3:cad>85</ns3:cad>
          </ns3:TrackPointExtension>
        </extensions>
      </trkpt>
      <trkpt lat="39.986106120049953460693359375" lon="116.5007512830197811126708984375">
        <ele>38.40000152587890625</ele>
        <time>2026-08-20T10:50:39.000Z</time>
        <extensions>
          <ns3:TrackPointExtension>
            <ns3:hr>100</ns3:hr>
            <ns3:cad>86</ns3:cad>
          </ns3:TrackPointExtension>
        </extensions>
      </trkpt>
      <trkpt lat="39.98610846698284149169921875" lon="116.500774919986724853515625">
        <ele>38.59999847412109375</ele>
        <time>2026-08-20T10:50:40.000Z</time>
        <extensions>
          <ns3:TrackPointExtension>
            <ns3:hr>100</ns3:hr>
            <ns3:cad>86</ns3:cad>
          </ns3:TrackPointExtension>
        </extensions>
      </trkpt>
      <trkpt lat="39.98611005954444408416748046875" lon="116.5008004009723663330078125">
        <ele>38.40000152587890625</ele>
        <time>2026-08-20T10:50:41.000Z</time>
        <extensions>
          <ns3:TrackPointExtension>
            <ns3:hr>101</ns3:hr>
            <ns3:cad>86</ns3:cad>
          </ns3:TrackPointExtension>
        </extensions>
      </trkpt>
      <trkpt lat="39.98610620386898517608642578125" lon="116.50083334185183048248291015625">
        <ele>38.40000152587890625</ele>
        <time>2026-08-20T10:50:42.000Z</time>
        <extensions>
          <ns3:TrackPointExtension>
            <ns3:hr>101</ns3:hr>
            <ns3:cad>86</ns3:cad>
          </ns3:TrackPointExtension>
        </extensions>
      </trkpt>
      <trkpt lat="39.98611039482057094573974609375" lon="116.500855386257171630859375">
        <ele>38.40000152587890625</ele>
        <time>2026-08-20T10:50:43.000Z</time>
        <extensions>
          <ns3:TrackPointExtension>
            <ns3:hr>102</ns3:hr>
            <ns3:cad>86</ns3:cad>
          </ns3:TrackPointExtension>
        </extensions>
      </trkpt>
      <trkpt lat="39.98610972426831722259521484375" lon="116.500887908041477203369140625">
        <ele>38.40000152587890625</ele>
        <time>2026-08-20T10:50:44.000Z</time>
        <extensions>
          <ns3:TrackPointExtension>
            <ns3:hr>102</ns3:hr>
            <ns3:cad>86</ns3:cad>
          </ns3:TrackPointExtension>
        </extensions>
      </trkpt>
      <trkpt lat="39.98611073009669780731201171875" lon="116.50090634822845458984375">
        <ele>38.40000152587890625</ele>
        <time>2026-08-20T10:50:45.000Z</time>
        <extensions>
          <ns3:TrackPointExtension>
            <ns3:hr>102</ns3:hr>
            <ns3:cad>86</ns3:cad>
          </ns3:TrackPointExtension>
        </extensions>
      </trkpt>
      <trkpt lat="39.98611425049602985382080078125" lon="116.50094230659306049346923828125">
        <ele>38.200000762939453125</ele>
        <time>2026-08-20T10:50:46.000Z</time>
        <extensions>
          <ns3:TrackPointExtension>
            <ns3:hr>103</ns3:hr>
            <ns3:cad>85</ns3:cad>
          </ns3:TrackPointExtension>
        </extensions>
      </trkpt>
      <trkpt lat="39.986116848886013031005859375" lon="116.50096627883613109588623046875">
        <ele>38.200000762939453125</ele>
        <time>2026-08-20T10:50:47.000Z</time>
        <extensions>
          <ns3:TrackPointExtension>
            <ns3:hr>103</ns3:hr>
            <ns3:cad>85</ns3:cad>
          </ns3:TrackPointExtension>
        </extensions>
      </trkpt>
      <trkpt lat="39.98611961491405963897705078125" lon="116.5010003931820392608642578125">
        <ele>38.40000152587890625</ele>
        <time>2026-08-20T10:50:48.000Z</time>
        <extensions>
          <ns3:TrackPointExtension>
            <ns3:hr>104</ns3:hr>
            <ns3:cad>85</ns3:cad>
          </ns3:TrackPointExtension>
        </extensions>
      </trkpt>
      <trkpt lat="39.9861166812479496002197265625" lon="116.50102771818637847900390625">
        <ele>38.40000152587890625</ele>
        <time>2026-08-20T10:50:49.000Z</time>
        <extensions>
          <ns3:TrackPointExtension>
            <ns3:hr>104</ns3:hr>
            <ns3:cad>85</ns3:cad>
          </ns3:TrackPointExtension>
        </extensions>
      </trkpt>
      <trkpt lat="39.98612313531339168548583984375" lon="116.50105043314397335052490234375">
        <ele>38.40000152587890625</ele>
        <time>2026-08-20T10:50:50.000Z</time>
        <extensions>
          <ns3:TrackPointExtension>
            <ns3:hr>105</ns3:hr>
            <ns3:cad>86</ns3:cad>
          </ns3:TrackPointExtension>
        </extensions>
      </trkpt>
      <trkpt lat="39.98611827380955219268798828125" lon="116.50108295492827892303466796875">
        <ele>38.200000762939453125</ele>
        <time>2026-08-20T10:50:51.000Z</time>
        <extensions>
          <ns3:TrackPointExtension>
            <ns3:hr>105</ns3:hr>
            <ns3:cad>87</ns3:cad>
          </ns3:TrackPointExtension>
        </extensions>
      </trkpt>
      <trkpt lat="39.98612380586564540863037109375" lon="116.50110357441008090972900390625">
        <ele>38.200000762939453125</ele>
        <time>2026-08-20T10:50:52.000Z</time>
        <extensions>
          <ns3:TrackPointExtension>
            <ns3:hr>106</ns3:hr>
            <ns3:cad>87</ns3:cad>
          </ns3:TrackPointExtension>
        </extensions>
      </trkpt>
      <trkpt lat="39.9861213751137256622314453125" lon="116.50114062242209911346435546875">
        <ele>38.200000762939453125</ele>
        <time>2026-08-20T10:50:53.000Z</time>
        <extensions>
          <ns3:TrackPointExtension>
            <ns3:hr>106</ns3:hr>
            <ns3:cad>87</ns3:cad>
          </ns3:TrackPointExtension>
        </extensions>
      </trkpt>
      <trkpt lat="39.98612129129469394683837890625" lon="116.5011593140661716461181640625">
        <ele>38.200000762939453125</ele>
        <time>2026-08-20T10:50:54.000Z</time>
        <extensions>
          <ns3:TrackPointExtension>
            <ns3:hr>106</ns3:hr>
            <ns3:cad>87</ns3:cad>
          </ns3:TrackPointExtension>
        </extensions>
      </trkpt>
      <trkpt lat="39.986120872199535369873046875" lon="116.50119175203144550323486328125">
        <ele>38.200000762939453125</ele>
        <time>2026-08-20T10:50:55.000Z</time>
        <extensions>
          <ns3:TrackPointExtension>
            <ns3:hr>107</ns3:hr>
            <ns3:cad>86</ns3:cad>
          </ns3:TrackPointExtension>
        </extensions>
      </trkpt>
      <trkpt lat="39.98611860908567905426025390625" lon="116.5012149699032306671142578125">
        <ele>38.40000152587890625</ele>
        <time>2026-08-20T10:50:56.000Z</time>
        <extensions>
          <ns3:TrackPointExtension>
            <ns3:hr>107</ns3:hr>
            <ns3:cad>86</ns3:cad>
          </ns3:TrackPointExtension>
        </extensions>
      </trkpt>
      <trkpt lat="39.9861220456659793853759765625" lon="116.50124170817434787750244140625">
        <ele>38.40000152587890625</ele>
        <time>2026-08-20T10:50:57.000Z</time>
        <extensions>
          <ns3:TrackPointExtension>
            <ns3:hr>108</ns3:hr>
            <ns3:cad>86</ns3:cad>
          </ns3:TrackPointExtension>
        </extensions>
      </trkpt>
      <trkpt lat="39.9861203692853450775146484375" lon="116.50127590633928775787353515625">
        <ele>38.40000152587890625</ele>
        <time>2026-08-20T10:50:58.000Z</time>
        <extensions>
          <ns3:TrackPointExtension>
            <ns3:hr>108</ns3:hr>
            <ns3:cad>87</ns3:cad>
          </ns3:TrackPointExtension>
        </extensions>
      </trkpt>
      <trkpt lat="39.98612347058951854705810546875" lon="116.5012937597930431365966796875">
        <ele>38.40000152587890625</ele>
        <time>2026-08-20T10:50:59.000Z</time>
        <extensions>
          <ns3:TrackPointExtension>
            <ns3:hr>109</ns3:hr>
            <ns3:cad>87</ns3:cad>
          </ns3:TrackPointExtension>
        </extensions>
      </trkpt>
      <trkpt lat="39.9861237220466136932373046875" lon="116.50132636539638042449951171875">
        <ele>38.40000152587890625</ele>
        <time>2026-08-20T10:51:00.000Z</time>
        <extensions>
          <ns3:TrackPointExtension>
            <ns3:hr>109</ns3:hr>
            <ns3:cad>86</ns3:cad>
          </ns3:TrackPointExtension>
        </extensions>
      </trkpt>
      <trkpt lat="39.98612682335078716278076171875" lon="116.5013457275927066802978515625">
        <ele>38.40000152587890625</ele>
        <time>2026-08-20T10:51:01.000Z</time>
        <extensions>
          <ns3:TrackPointExtension>
            <ns3:hr>110</ns3:hr>
            <ns3:cad>86</ns3:cad>
          </ns3:TrackPointExtension>
        </extensions>
      </trkpt>
      <trkpt lat="39.9861292541027069091796875" lon="116.5013769082725048065185546875">
        <ele>38.40000152587890625</ele>
        <time>2026-08-20T10:51:02.000Z</time>
        <extensions>
          <ns3:TrackPointExtension>
            <ns3:hr>110</ns3:hr>
            <ns3:cad>86</ns3:cad>
          </ns3:TrackPointExtension>
        </extensions>
      </trkpt>
      <trkpt lat="39.9861284159123897552490234375" lon="116.50139945559203624725341796875">
        <ele>38.40000152587890625</ele>
        <time>2026-08-20T10:51:03.000Z</time>
        <extensions>
          <ns3:TrackPointExtension>
            <ns3:hr>110</ns3:hr>
            <ns3:cad>85</ns3:cad>
          </ns3:TrackPointExtension>
        </extensions>
      </trkpt>
      <trkpt lat="39.986130259931087493896484375" lon="116.5014275349676609039306640625">
        <ele>38.40000152587890625</ele>
        <time>2026-08-20T10:51:04.000Z</time>
        <extensions>
          <ns3:TrackPointExtension>
            <ns3:hr>111</ns3:hr>
            <ns3:cad>85</ns3:cad>
          </ns3:TrackPointExtension>
        </extensions>
      </trkpt>
      <trkpt lat="39.9861267395317554473876953125" lon="116.50145955383777618408203125">
        <ele>38.40000152587890625</ele>
        <time>2026-08-20T10:51:05.000Z</time>
        <extensions>
          <ns3:TrackPointExtension>
            <ns3:hr>111</ns3:hr>
            <ns3:cad>86</ns3:cad>
          </ns3:TrackPointExtension>
        </extensions>
      </trkpt>
      <trkpt lat="39.986132271587848663330078125" lon="116.5014831908047199249267578125">
        <ele>38.200000762939453125</ele>
        <time>2026-08-20T10:51:06.000Z</time>
        <extensions>
          <ns3:TrackPointExtension>
            <ns3:hr>111</ns3:hr>
            <ns3:cad>87</ns3:cad>
          </ns3:TrackPointExtension>
        </extensions>
      </trkpt>
      <trkpt lat="39.986126907169818878173828125" lon="116.50151831097900867462158203125">
        <ele>38.200000762939453125</ele>
        <time>2026-08-20T10:51:07.000Z</time>
        <extensions>
          <ns3:TrackPointExtension>
            <ns3:hr>112</ns3:hr>
            <ns3:cad>87</ns3:cad>
          </ns3:TrackPointExtension>
        </extensions>
      </trkpt>
      <trkpt lat="39.98613067902624607086181640625" lon="116.50154228322207927703857421875">
        <ele>38</ele>
        <time>2026-08-20T10:51:08.000Z</time>
        <extensions>
          <ns3:TrackPointExtension>
            <ns3:hr>112</ns3:hr>
            <ns3:cad>87</ns3:cad>
          </ns3:TrackPointExtension>
        </extensions>
      </trkpt>
      <trkpt lat="39.9861252307891845703125" lon="116.5015804208815097808837890625">
        <ele>38</ele>
        <time>2026-08-20T10:51:09.000Z</time>
        <extensions>
          <ns3:TrackPointExtension>
            <ns3:hr>113</ns3:hr>
            <ns3:cad>87</ns3:cad>
          </ns3:TrackPointExtension>
        </extensions>
      </trkpt>
      <trkpt lat="39.986128248274326324462890625" lon="116.50160372257232666015625">
        <ele>38</ele>
        <time>2026-08-20T10:51:10.000Z</time>
        <extensions>
          <ns3:TrackPointExtension>
            <ns3:hr>113</ns3:hr>
            <ns3:cad>87</ns3:cad>
          </ns3:TrackPointExtension>
        </extensions>
      </trkpt>
      <trkpt lat="39.98613118194043636322021484375" lon="116.5016397647559642791748046875">
        <ele>38</ele>
        <time>2026-08-20T10:51:11.000Z</time>
        <extensions>
          <ns3:TrackPointExtension>
            <ns3:hr>113</ns3:hr>
            <ns3:cad>87</ns3:cad>
          </ns3:TrackPointExtension>
        </extensions>
      </trkpt>
      <trkpt lat="39.98613663017749786376953125" lon="116.50166348554193973541259765625">
        <ele>38.200000762939453125</ele>
        <time>2026-08-20T10:51:12.000Z</time>
        <extensions>
          <ns3:TrackPointExtension>
            <ns3:hr>114</ns3:hr>
            <ns3:cad>88</ns3:cad>
          </ns3:TrackPointExtension>
        </extensions>
      </trkpt>
      <trkpt lat="39.9861384741961956024169921875" lon="116.50169366039335727691650390625">
        <ele>38.200000762939453125</ele>
        <time>2026-08-20T10:51:13.000Z</time>
        <extensions>
          <ns3:TrackPointExtension>
            <ns3:hr>114</ns3:hr>
            <ns3:cad>88</ns3:cad>
          </ns3:TrackPointExtension>
        </extensions>
      </trkpt>
      <trkpt lat="39.9861346185207366943359375" lon="116.50172484107315540313720703125">
        <ele>38.200000762939453125</ele>
        <time>2026-08-20T10:51:14.000Z</time>
        <extensions>
          <ns3:TrackPointExtension>
            <ns3:hr>115</ns3:hr>
            <ns3:cad>88</ns3:cad>
          </ns3:TrackPointExtension>
        </extensions>
      </trkpt>
      <trkpt lat="39.98613394796848297119140625" lon="116.5017504058778285980224609375">
        <ele>38.200000762939453125</ele>
        <time>2026-08-20T10:51:15.000Z</time>
        <extensions>
          <ns3:TrackPointExtension>
            <ns3:hr>115</ns3:hr>
            <ns3:cad>88</ns3:cad>
          </ns3:TrackPointExtension>
        </extensions>
      </trkpt>
      <trkpt lat="39.9861252307891845703125" lon="116.50177613832056522369384765625">
        <ele>38.200000762939453125</ele>
        <time>2026-08-20T10:51:16.000Z</time>
        <extensions>
          <ns3:TrackPointExtension>
            <ns3:hr>116</ns3:hr>
            <ns3:cad>87</ns3:cad>
          </ns3:TrackPointExtension>
        </extensions>
      </trkpt>
      <trkpt lat="39.98612531460821628570556640625" lon="116.5017983503639698028564453125">
        <ele>38</ele>
        <time>2026-08-20T10:51:17.000Z</time>
        <extensions>
          <ns3:TrackPointExtension>
            <ns3:hr>116</ns3:hr>
            <ns3:cad>86</ns3:cad>
          </ns3:TrackPointExtension>
        </extensions>
      </trkpt>
      <trkpt lat="39.98611475341022014617919921875" lon="116.50183129124343395233154296875">
        <ele>38</ele>
        <time>2026-08-20T10:51:18.000Z</time>
        <extensions>
          <ns3:TrackPointExtension>
            <ns3:hr>117</ns3:hr>
            <ns3:cad>87</ns3:cad>
          </ns3:TrackPointExtension>
        </extensions>
      </trkpt>
      <trkpt lat="39.986117519438266754150390625" lon="116.501849479973316192626953125">
        <ele>38</ele>
        <time>2026-08-20T10:51:19.000Z</time>
        <extensions>
          <ns3:TrackPointExtension>
            <ns3:hr>117</ns3:hr>
            <ns3:cad>87</ns3:cad>
          </ns3:TrackPointExtension>
        </extensions>
      </trkpt>
      <trkpt lat="39.9861166812479496002197265625" lon="116.50188661180436611175537109375">
        <ele>38</ele>
        <time>2026-08-20T10:51:20.000Z</time>
        <extensions>
          <ns3:TrackPointExtension>
            <ns3:hr>118</ns3:hr>
            <ns3:cad>87</ns3:cad>
          </ns3:TrackPointExtension>
        </extensions>
      </trkpt>
      <trkpt lat="39.98611341230571269989013671875" lon="116.5019116736948490142822265625">
        <ele>38</ele>
        <time>2026-08-20T10:51:21.000Z</time>
        <extensions>
          <ns3:TrackPointExtension>
            <ns3:hr>118</ns3:hr>
            <ns3:cad>87</ns3:cad>
          </ns3:TrackPointExtension>
        </extensions>
      </trkpt>
      <trkpt lat="39.9861089698970317840576171875" lon="116.50193966925144195556640625">
        <ele>38</ele>
        <time>2026-08-20T10:51:22.000Z</time>
        <extensions>
          <ns3:TrackPointExtension>
            <ns3:hr>118</ns3:hr>
            <ns3:cad>87</ns3:cad>
          </ns3:TrackPointExtension>
        </extensions>
      </trkpt>
      <trkpt lat="39.9861022643744945526123046875" lon="116.50196003727614879608154296875">
        <ele>38.200000762939453125</ele>
        <time>2026-08-20T10:51:23.000Z</time>
        <extensions>
          <ns3:TrackPointExtension>
            <ns3:hr>119</ns3:hr>
            <ns3:cad>86</ns3:cad>
          </ns3:TrackPointExtension>
        </extensions>
      </trkpt>
      <trkpt lat="39.98610033653676509857177734375" lon="116.50198468007147312164306640625">
        <ele>38.200000762939453125</ele>
        <time>2026-08-20T10:51:24.000Z</time>
        <extensions>
          <ns3:TrackPointExtension>
            <ns3:hr>119</ns3:hr>
            <ns3:cad>86</ns3:cad>
          </ns3:TrackPointExtension>
        </extensions>
      </trkpt>
      <trkpt lat="39.98609614558517932891845703125" lon="116.50202424265444278717041015625">
        <ele>38.200000762939453125</ele>
        <time>2026-08-20T10:51:25.000Z</time>
        <extensions>
          <ns3:TrackPointExtension>
            <ns3:hr>119</ns3:hr>
            <ns3:cad>87</ns3:cad>
          </ns3:TrackPointExtension>
        </extensions>
      </trkpt>
      <trkpt lat="39.98610000126063823699951171875" lon="116.5020491369068622589111328125">
        <ele>38.200000762939453125</ele>
        <time>2026-08-20T10:51:26.000Z</time>
        <extensions>
          <ns3:TrackPointExtension>
            <ns3:hr>119</ns3:hr>
            <ns3:cad>87</ns3:cad>
          </ns3:TrackPointExtension>
        </extensions>
      </trkpt>
      <trkpt lat="39.98610586859285831451416015625" lon="116.50207235477864742279052734375">
        <ele>38.200000762939453125</ele>
        <time>2026-08-20T10:51:27.000Z</time>
        <extensions>
          <ns3:TrackPointExtension>
            <ns3:hr>119</ns3:hr>
            <ns3:cad>87</ns3:cad>
          </ns3:TrackPointExtension>
        </extensions>
      </trkpt>
      <trkpt lat="39.98611106537282466888427734375" lon="116.50210320018231868743896484375">
        <ele>38.200000762939453125</ele>
        <time>2026-08-20T10:51:28.000Z</time>
        <extensions>
          <ns3:TrackPointExtension>
            <ns3:hr>120</ns3:hr>
            <ns3:cad>87</ns3:cad>
          </ns3:TrackPointExtension>
        </extensions>
      </trkpt>
      <trkpt lat="39.9861129932105541229248046875" lon="116.50211191736161708831787109375">
        <ele>38.200000762939453125</ele>
        <time>2026-08-20T10:51:29.000Z</time>
        <extensions>
          <ns3:TrackPointExtension>
            <ns3:hr>120</ns3:hr>
            <ns3:cad>85</ns3:cad>
          </ns3:TrackPointExtension>
        </extensions>
      </trkpt>
      <trkpt lat="39.98611441813409328460693359375" lon="116.5021227300167083740234375">
        <ele>38.200000762939453125</ele>
        <time>2026-08-20T10:51:30.000Z</time>
        <extensions>
          <ns3:TrackPointExtension>
            <ns3:hr>120</ns3:hr>
            <ns3:cad>85</ns3:cad>
          </ns3:TrackPointExtension>
        </extensions>
      </trkpt>
      <trkpt lat="39.98611475341022014617919921875" lon="116.50213890708982944488525390625">
        <ele>38</ele>
        <time>2026-08-20T10:51:31.000Z</time>
        <extensions>
          <ns3:TrackPointExtension>
            <ns3:hr>121</ns3:hr>
            <ns3:cad>85</ns3:cad>
          </ns3:TrackPointExtension>
        </extensions>
      </trkpt>
      <trkpt lat="39.986091367900371551513671875" lon="116.5021540783345699310302734375">
        <ele>38</ele>
        <time>2026-08-20T10:51:32.000Z</time>
        <extensions>
          <ns3:TrackPointExtension>
            <ns3:hr>121</ns3:hr>
            <ns3:cad>85</ns3:cad>
          </ns3:TrackPointExtension>
        </extensions>
      </trkpt>
      <trkpt lat="39.98607317917048931121826171875" lon="116.50216841138899326324462890625">
        <ele>38.200000762939453125</ele>
        <time>2026-08-20T10:51:33.000Z</time>
        <extensions>
          <ns3:TrackPointExtension>
            <ns3:hr>121</ns3:hr>
            <ns3:cad>80</ns3:cad>
          </ns3:TrackPointExtension>
        </extensions>
      </trkpt>
      <trkpt lat="39.986052811145782470703125" lon="116.50218433700501918792724609375">
        <ele>38.200000762939453125</ele>
        <time>2026-08-20T10:51:34.000Z</time>
        <extensions>
          <ns3:TrackPointExtension>
            <ns3:hr>122</ns3:hr>
            <ns3:cad>80</ns3:cad>
          </ns3:TrackPointExtension>
        </extensions>
      </trkpt>
      <trkpt lat="39.98602909035980701446533203125" lon="116.50219489820301532745361328125">
        <ele>38.200000762939453125</ele>
        <time>2026-08-20T10:51:35.000Z</time>
        <extensions>
          <ns3:TrackPointExtension>
            <ns3:hr>122</ns3:hr>
            <ns3:cad>80</ns3:cad>
          </ns3:TrackPointExtension>
        </extensions>
      </trkpt>
      <trkpt lat="39.986015260219573974609375" lon="116.50220294483006000518798828125">
        <ele>38.40000152587890625</ele>
        <time>2026-08-20T10:51:36.000Z</time>
        <extensions>
          <ns3:TrackPointExtension>
            <ns3:hr>123</ns3:hr>
            <ns3:cad>80</ns3:cad>
          </ns3:TrackPointExtension>
        </extensions>
      </trkpt>
      <trkpt lat="39.9860026873648166656494140625" lon="116.502224989235401153564453125">
        <ele>38.40000152587890625</ele>
        <time>2026-08-20T10:51:37.000Z</time>
        <extensions>
          <ns3:TrackPointExtension>
            <ns3:hr>123</ns3:hr>
            <ns3:cad>83</ns3:cad>
          </ns3:TrackPointExtension>
        </extensions>
      </trkpt>
      <trkpt lat="39.98599405400454998016357421875" lon="116.50224586017429828643798828125">
        <ele>38.40000152587890625</ele>
        <time>2026-08-20T10:51:38.000Z</time>
        <extensions>
          <ns3:TrackPointExtension>
            <ns3:hr>123</ns3:hr>
            <ns3:cad>84</ns3:cad>
          </ns3:TrackPointExtension>
        </extensions>
      </trkpt>
      <trkpt lat="39.98599220998585224151611328125" lon="116.502263881266117095947265625">
        <ele>38.200000762939453125</ele>
        <time>2026-08-20T10:51:39.000Z</time>
        <extensions>
          <ns3:TrackPointExtension>
            <ns3:hr>123</ns3:hr>
            <ns3:cad>84</ns3:cad>
          </ns3:TrackPointExtension>
        </extensions>
      </trkpt>
      <trkpt lat="39.9859738536179065704345703125" lon="116.50227922014892101287841796875">
        <ele>38.200000762939453125</ele>
        <time>2026-08-20T10:51:40.000Z</time>
        <extensions>
          <ns3:TrackPointExtension>
            <ns3:hr>124</ns3:hr>
            <ns3:cad>84</ns3:cad>
          </ns3:TrackPointExtension>
        </extensions>
      </trkpt>
      <trkpt lat="39.98595633544027805328369140625" lon="116.50229296647012233734130859375">
        <ele>38.200000762939453125</ele>
        <time>2026-08-20T10:51:41.000Z</time>
        <extensions>
          <ns3:TrackPointExtension>
            <ns3:hr>124</ns3:hr>
            <ns3:cad>84</ns3:cad>
          </ns3:TrackPointExtension>
        </extensions>
      </trkpt>
      <trkpt lat="39.9859388172626495361328125" lon="116.50230486877262592315673828125">
        <ele>38.200000762939453125</ele>
        <time>2026-08-20T10:51:42.000Z</time>
        <extensions>
          <ns3:TrackPointExtension>
            <ns3:hr>124</ns3:hr>
            <ns3:cad>84</ns3:cad>
          </ns3:TrackPointExtension>
        </extensions>
      </trkpt>
      <trkpt lat="39.98591132462024688720703125" lon="116.502309143543243408203125">
        <ele>38</ele>
        <time>2026-08-20T10:51:43.000Z</time>
        <extensions>
          <ns3:TrackPointExtension>
            <ns3:hr>123</ns3:hr>
            <ns3:cad>81</ns3:cad>
          </ns3:TrackPointExtension>
        </extensions>
      </trkpt>
      <trkpt lat="39.9858943931758403778076171875" lon="116.50231056846678256988525390625">
        <ele>38</ele>
        <time>2026-08-20T10:51:44.000Z</time>
        <extensions>
          <ns3:TrackPointExtension>
            <ns3:hr>124</ns3:hr>
            <ns3:cad>81</ns3:cad>
          </ns3:TrackPointExtension>
        </extensions>
      </trkpt>
      <trkpt lat="39.98587067238986492156982421875" lon="116.50230872444808483123779296875">
        <ele>38</ele>
        <time>2026-08-20T10:51:45.000Z</time>
        <extensions>
          <ns3:TrackPointExtension>
            <ns3:hr>124</ns3:hr>
            <ns3:cad>81</ns3:cad>
          </ns3:TrackPointExtension>
        </extensions>
      </trkpt>
      <trkpt lat="39.98585231602191925048828125" lon="116.5023113228380680084228515625">
        <ele>37.799999237060546875</ele>
        <time>2026-08-20T10:51:46.000Z</time>
        <extensions>
          <ns3:TrackPointExtension>
            <ns3:hr>123</ns3:hr>
            <ns3:cad>81</ns3:cad>
          </ns3:TrackPointExtension>
        </extensions>
      </trkpt>
      <trkpt lat="39.9858300201594829559326171875" lon="116.5023133344948291778564453125">
        <ele>37.799999237060546875</ele>
        <time>2026-08-20T10:51:47.000Z</time>
        <extensions>
          <ns3:TrackPointExtension>
            <ns3:hr>124</ns3:hr>
            <ns3:cad>81</ns3:cad>
          </ns3:TrackPointExtension>
        </extensions>
      </trkpt>
      <trkpt lat="39.98581401072442531585693359375" lon="116.50231911800801753997802734375">
        <ele>38</ele>
        <time>2026-08-20T10:51:48.000Z</time>
        <extensions>
          <ns3:TrackPointExtension>
            <ns3:hr>124</ns3:hr>
            <ns3:cad>83</ns3:cad>
          </ns3:TrackPointExtension>
        </extensions>
      </trkpt>
      <trkpt lat="39.985795654356479644775390625" lon="116.5023240633308887481689453125">
        <ele>38</ele>
        <time>2026-08-20T10:51:49.000Z</time>
        <extensions>
          <ns3:TrackPointExtension>
            <ns3:hr>123</ns3:hr>
            <ns3:cad>84</ns3:cad>
          </ns3:TrackPointExtension>
        </extensions>
      </trkpt>
      <trkpt lat="39.98577394522726535797119140625" lon="116.50232079438865184783935546875">
        <ele>38</ele>
        <time>2026-08-20T10:51:50.000Z</time>
        <extensions>
          <ns3:TrackPointExtension>
            <ns3:hr>123</ns3:hr>
            <ns3:cad>85</ns3:cad>
          </ns3:TrackPointExtension>
        </extensions>
      </trkpt>
      <trkpt lat="39.98575734905898571014404296875" lon="116.50231962092220783233642578125">
        <ele>38</ele>
        <time>2026-08-20T10:51:51.000Z</time>
        <extensions>
          <ns3:TrackPointExtension>
            <ns3:hr>123</ns3:hr>
            <ns3:cad>85</ns3:cad>
          </ns3:TrackPointExtension>
        </extensions>
      </trkpt>
      <trkpt lat="39.98573371209204196929931640625" lon="116.50231442414224147796630859375">
        <ele>37.799999237060546875</ele>
        <time>2026-08-20T10:51:52.000Z</time>
        <extensions>
          <ns3:TrackPointExtension>
            <ns3:hr>123</ns3:hr>
            <ns3:cad>86</ns3:cad>
          </ns3:TrackPointExtension>
        </extensions>
      </trkpt>
      <trkpt lat="39.98571678064763545989990234375" lon="116.50231341831386089324951171875">
        <ele>37.799999237060546875</ele>
        <time>2026-08-20T10:51:53.000Z</time>
        <extensions>
          <ns3:TrackPointExtension>
            <ns3:hr>123</ns3:hr>
            <ns3:cad>86</ns3:cad>
          </ns3:TrackPointExtension>
        </extensions>
      </trkpt>
      <trkpt lat="39.9856893718242645263671875" lon="116.5023116581141948699951171875">
        <ele>37.799999237060546875</ele>
        <time>2026-08-20T10:51:54.000Z</time>
        <extensions>
          <ns3:TrackPointExtension>
            <ns3:hr>123</ns3:hr>
            <ns3:cad>86</ns3:cad>
          </ns3:TrackPointExtension>
        </extensions>
      </trkpt>
      <trkpt lat="39.985668919980525970458984375" lon="116.50231928564608097076416015625">
        <ele>37.59999847412109375</ele>
        <time>2026-08-20T10:51:55.000Z</time>
        <extensions>
          <ns3:TrackPointExtension>
            <ns3:hr>123</ns3:hr>
            <ns3:cad>86</ns3:cad>
          </ns3:TrackPointExtension>
        </extensions>
      </trkpt>
      <trkpt lat="39.985648132860660552978515625" lon="116.5023212134838104248046875">
        <ele>37.799999237060546875</ele>
        <time>2026-08-20T10:51:56.000Z</time>
        <extensions>
          <ns3:TrackPointExtension>
            <ns3:hr>123</ns3:hr>
            <ns3:cad>86</ns3:cad>
          </ns3:TrackPointExtension>
        </extensions>
      </trkpt>
      <trkpt lat="39.9856248311698436737060546875" lon="116.5023223869502544403076171875">
        <ele>37.799999237060546875</ele>
        <time>2026-08-20T10:51:57.000Z</time>
        <extensions>
          <ns3:TrackPointExtension>
            <ns3:hr>123</ns3:hr>
            <ns3:cad>86</ns3:cad>
          </ns3:TrackPointExtension>
        </extensions>
      </trkpt>
      <trkpt lat="39.9856087379157543182373046875" lon="116.50232330895960330963134765625">
        <ele>37.799999237060546875</ele>
        <time>2026-08-20T10:51:58.000Z</time>
        <extensions>
          <ns3:TrackPointExtension>
            <ns3:hr>123</ns3:hr>
            <ns3:cad>86</ns3:cad>
          </ns3:TrackPointExtension>
        </extensions>
      </trkpt>
      <trkpt lat="39.9855825863778591156005859375" lon="116.50231392122805118560791015625">
        <ele>37.59999847412109375</ele>
        <time>2026-08-20T10:51:59.000Z</time>
        <extensions>
          <ns3:TrackPointExtension>
            <ns3:hr>122</ns3:hr>
            <ns3:cad>86</ns3:cad>
          </ns3:TrackPointExtension>
        </extensions>
      </trkpt>
      <trkpt lat="39.985566325485706329345703125" lon="116.50231710635125637054443359375">
        <ele>37.799999237060546875</ele>
        <time>2026-08-20T10:52:00.000Z</time>
        <extensions>
          <ns3:TrackPointExtension>
            <ns3:hr>122</ns3:hr>
            <ns3:cad>86</ns3:cad>
          </ns3:TrackPointExtension>
        </extensions>
      </trkpt>
      <trkpt lat="39.98554252088069915771484375" lon="116.5023173578083515167236328125">
        <ele>37.799999237060546875</ele>
        <time>2026-08-20T10:52:01.000Z</time>
        <extensions>
          <ns3:TrackPointExtension>
            <ns3:hr>122</ns3:hr>
            <ns3:cad>86</ns3:cad>
          </ns3:TrackPointExtension>
        </extensions>
      </trkpt>
      <trkpt lat="39.985524751245975494384765625" lon="116.502319537103176116943359375">
        <ele>37.799999237060546875</ele>
        <time>2026-08-20T10:52:02.000Z</time>
        <extensions>
          <ns3:TrackPointExtension>
            <ns3:hr>122</ns3:hr>
            <ns3:cad>86</ns3:cad>
          </ns3:TrackPointExtension>
        </extensions>
      </trkpt>
      <trkpt lat="39.985504634678363800048828125" lon="116.50232146494090557098388671875">
        <ele>37.799999237060546875</ele>
        <time>2026-08-20T10:52:03.000Z</time>
        <extensions>
          <ns3:TrackPointExtension>
            <ns3:hr>122</ns3:hr>
            <ns3:cad>86</ns3:cad>
          </ns3:TrackPointExtension>
        </extensions>
      </trkpt>
      <trkpt lat="39.98548057861626148223876953125" lon="116.50231911800801753997802734375">
        <ele>37.799999237060546875</ele>
        <time>2026-08-20T10:52:04.000Z</time>
        <extensions>
          <ns3:TrackPointExtension>
            <ns3:hr>122</ns3:hr>
            <ns3:cad>86</ns3:cad>
          </ns3:TrackPointExtension>
        </extensions>
      </trkpt>
      <trkpt lat="39.985461719334125518798828125" lon="116.50232188403606414794921875">
        <ele>37.799999237060546875</ele>
        <time>2026-08-20T10:52:05.000Z</time>
        <extensions>
          <ns3:TrackPointExtension>
            <ns3:hr>122</ns3:hr>
            <ns3:cad>86</ns3:cad>
          </ns3:TrackPointExtension>
        </extensions>
      </trkpt>
      <trkpt lat="39.98543732799589633941650390625" lon="116.5023156814277172088623046875">
        <ele>37.799999237060546875</ele>
        <time>2026-08-20T10:52:06.000Z</time>
        <extensions>
          <ns3:TrackPointExtension>
            <ns3:hr>122</ns3:hr>
            <ns3:cad>87</ns3:cad>
          </ns3:TrackPointExtension>
        </extensions>
      </trkpt>
      <trkpt lat="39.98541838489472866058349609375" lon="116.50231861509382724761962890625">
        <ele>37.799999237060546875</ele>
        <time>2026-08-20T10:52:07.000Z</time>
        <extensions>
          <ns3:TrackPointExtension>
            <ns3:hr>122</ns3:hr>
            <ns3:cad>87</ns3:cad>
          </ns3:TrackPointExtension>
        </extensions>
      </trkpt>
      <trkpt lat="39.98539558611810207366943359375" lon="116.502315513789653778076171875">
        <ele>37.799999237060546875</ele>
        <time>2026-08-20T10:52:08.000Z</time>
        <extensions>
          <ns3:TrackPointExtension>
            <ns3:hr>122</ns3:hr>
            <ns3:cad>87</ns3:cad>
          </ns3:TrackPointExtension>
        </extensions>
      </trkpt>
      <trkpt lat="39.98537664301693439483642578125" lon="116.50231559760868549346923828125">
        <ele>37.799999237060546875</ele>
        <time>2026-08-20T10:52:09.000Z</time>
        <extensions>
          <ns3:TrackPointExtension>
            <ns3:hr>122</ns3:hr>
            <ns3:cad>87</ns3:cad>
          </ns3:TrackPointExtension>
        </extensions>
      </trkpt>
      <trkpt lat="39.9853512458503246307373046875" lon="116.50231325067579746246337890625">
        <ele>37.799999237060546875</ele>
        <time>2026-08-20T10:52:10.000Z</time>
        <extensions>
          <ns3:TrackPointExtension>
            <ns3:hr>122</ns3:hr>
            <ns3:cad>87</ns3:cad>
          </ns3:TrackPointExtension>
        </extensions>
      </trkpt>
      <trkpt lat="39.98533171601593494415283203125" lon="116.50231492705643177032470703125">
        <ele>37.799999237060546875</ele>
        <time>2026-08-20T10:52:11.000Z</time>
        <extensions>
          <ns3:TrackPointExtension>
            <ns3:hr>123</ns3:hr>
            <ns3:cad>87</ns3:cad>
          </ns3:TrackPointExtension>
        </extensions>
      </trkpt>
      <trkpt lat="39.9853083305060863494873046875" lon="116.50231425650417804718017578125">
        <ele>37.799999237060546875</ele>
        <time>2026-08-20T10:52:12.000Z</time>
        <extensions>
          <ns3:TrackPointExtension>
            <ns3:hr>123</ns3:hr>
            <ns3:cad>88</ns3:cad>
          </ns3:TrackPointExtension>
        </extensions>
      </trkpt>
      <trkpt lat="39.98528846539556980133056640625" lon="116.5023180283606052398681640625">
        <ele>37.799999237060546875</ele>
        <time>2026-08-20T10:52:13.000Z</time>
        <extensions>
          <ns3:TrackPointExtension>
            <ns3:hr>123</ns3:hr>
            <ns3:cad>88</ns3:cad>
          </ns3:TrackPointExtension>
        </extensions>
      </trkpt>
      <trkpt lat="39.98526616953313350677490234375" lon="116.5023207105696201324462890625">
        <ele>37.799999237060546875</ele>
        <time>2026-08-20T10:52:14.000Z</time>
        <extensions>
          <ns3:TrackPointExtension>
            <ns3:hr>123</ns3:hr>
            <ns3:cad>88</ns3:cad>
          </ns3:TrackPointExtension>
        </extensions>
      </trkpt>
      <trkpt lat="39.9852473102509975433349609375" lon="116.5023171901702880859375">
        <ele>37.799999237060546875</ele>
        <time>2026-08-20T10:52:15.000Z</time>
        <extensions>
          <ns3:TrackPointExtension>
            <ns3:hr>123</ns3:hr>
            <ns3:cad>87</ns3:cad>
          </ns3:TrackPointExtension>
        </extensions>
      </trkpt>
      <trkpt lat="39.985225684940814971923828125" lon="116.5023166872560977935791015625">
        <ele>37.799999237060546875</ele>
        <time>2026-08-20T10:52:16.000Z</time>
        <extensions>
          <ns3:TrackPointExtension>
            <ns3:hr>123</ns3:hr>
            <ns3:cad>86</ns3:cad>
          </ns3:TrackPointExtension>
        </extensions>
      </trkpt>
      <trkpt lat="39.985205568373203277587890625" lon="116.502317525446414947509765625">
        <ele>37.799999237060546875</ele>
        <time>2026-08-20T10:52:17.000Z</time>
        <extensions>
          <ns3:TrackPointExtension>
            <ns3:hr>123</ns3:hr>
            <ns3:cad>86</ns3:cad>
          </ns3:TrackPointExtension>
        </extensions>
      </trkpt>
      <trkpt lat="39.98519123531877994537353515625" lon="116.50231928564608097076416015625">
        <ele>37.799999237060546875</ele>
        <time>2026-08-20T10:52:18.000Z</time>
        <extensions>
          <ns3:TrackPointExtension>
            <ns3:hr>124</ns3:hr>
            <ns3:cad>86</ns3:cad>
          </ns3:TrackPointExtension>
        </extensions>
      </trkpt>
      <trkpt lat="39.98516835272312164306640625" lon="116.5023093111813068389892578125">
        <ele>37.799999237060546875</ele>
        <time>2026-08-20T10:52:19.000Z</time>
        <extensions>
          <ns3:TrackPointExtension>
            <ns3:hr>124</ns3:hr>
            <ns3:cad>86</ns3:cad>
          </ns3:TrackPointExtension>
        </extensions>
      </trkpt>
      <trkpt lat="39.985130466520786285400390625" lon="116.50230922736227512359619140625">
        <ele>37.799999237060546875</ele>
        <time>2026-08-20T10:52:20.000Z</time>
        <extensions>
          <ns3:TrackPointExtension>
            <ns3:hr>124</ns3:hr>
            <ns3:cad>87</ns3:cad>
          </ns3:TrackPointExtension>
        </extensions>
      </trkpt>
      <trkpt lat="39.985130466520786285400390625" lon="116.50230922736227512359619140625">
        <ele>37.799999237060546875</ele>
        <time>2026-08-20T10:52:21.000Z</time>
        <extensions>
          <ns3:TrackPointExtension>
            <ns3:hr>124</ns3:hr>
            <ns3:cad>87</ns3:cad>
          </ns3:TrackPointExtension>
        </extensions>
      </trkpt>
      <trkpt lat="39.98511495999991893768310546875" lon="116.502315513789653778076171875">
        <ele>37.799999237060546875</ele>
        <time>2026-08-20T10:52:22.000Z</time>
        <extensions>
          <ns3:TrackPointExtension>
            <ns3:hr>123</ns3:hr>
            <ns3:cad>87</ns3:cad>
          </ns3:TrackPointExtension>
        </extensions>
      </trkpt>
      <trkpt lat="39.98509400524199008941650390625" lon="116.5023183636367321014404296875">
        <ele>37.799999237060546875</ele>
        <time>2026-08-20T10:52:23.000Z</time>
        <extensions>
          <ns3:TrackPointExtension>
            <ns3:hr>124</ns3:hr>
            <ns3:cad>87</ns3:cad>
          </ns3:TrackPointExtension>
        </extensions>
      </trkpt>
      <trkpt lat="39.98507455922663211822509765625" lon="116.50230981409549713134765625">
        <ele>37.799999237060546875</ele>
        <time>2026-08-20T10:52:24.000Z</time>
        <extensions>
          <ns3:TrackPointExtension>
            <ns3:hr>124</ns3:hr>
            <ns3:cad>87</ns3:cad>
          </ns3:TrackPointExtension>
        </extensions>
      </trkpt>
      <trkpt lat="39.985060058534145355224609375" lon="116.50231140665709972381591796875">
        <ele>37.799999237060546875</ele>
        <time>2026-08-20T10:52:25.000Z</time>
        <extensions>
          <ns3:TrackPointExtension>
            <ns3:hr>123</ns3:hr>
            <ns3:cad>86</ns3:cad>
          </ns3:TrackPointExtension>
        </extensions>
      </trkpt>
      <trkpt lat="39.9850322306156158447265625" lon="116.502308137714862823486328125">
        <ele>37.799999237060546875</ele>
        <time>2026-08-20T10:52:26.000Z</time>
        <extensions>
          <ns3:TrackPointExtension>
            <ns3:hr>124</ns3:hr>
            <ns3:cad>86</ns3:cad>
          </ns3:TrackPointExtension>
        </extensions>
      </trkpt>
      <trkpt lat="39.98501739464700222015380859375" lon="116.5023133344948291778564453125">
        <ele>37.799999237060546875</ele>
        <time>2026-08-20T10:52:27.000Z</time>
        <extensions>
          <ns3:TrackPointExtension>
            <ns3:hr>124</ns3:hr>
            <ns3:cad>86</ns3:cad>
          </ns3:TrackPointExtension>
        </extensions>
      </trkpt>
      <trkpt lat="39.98499392531812191009521484375" lon="116.50231777690351009368896484375">
        <ele>37.799999237060546875</ele>
        <time>2026-08-20T10:52:28.000Z</time>
        <extensions>
          <ns3:TrackPointExtension>
            <ns3:hr>124</ns3:hr>
            <ns3:cad>85</ns3:cad>
          </ns3:TrackPointExtension>
        </extensions>
      </trkpt>
      <trkpt lat="39.984972886741161346435546875" lon="116.50231207720935344696044921875">
        <ele>37.799999237060546875</ele>
        <time>2026-08-20T10:52:29.000Z</time>
        <extensions>
          <ns3:TrackPointExtension>
            <ns3:hr>123</ns3:hr>
            <ns3:cad>85</ns3:cad>
          </ns3:TrackPointExtension>
        </extensions>
      </trkpt>
      <trkpt lat="39.98495377600193023681640625" lon="116.5023140050470829010009765625">
        <ele>37.799999237060546875</ele>
        <time>2026-08-20T10:52:30.000Z</time>
        <extensions>
          <ns3:TrackPointExtension>
            <ns3:hr>124</ns3:hr>
            <ns3:cad>85</ns3:cad>
          </ns3:TrackPointExtension>
        </extensions>
      </trkpt>
      <trkpt lat="39.984934329986572265625" lon="116.50231090374290943145751953125">
        <ele>37.799999237060546875</ele>
        <time>2026-08-20T10:52:31.000Z</time>
        <extensions>
          <ns3:TrackPointExtension>
            <ns3:hr>124</ns3:hr>
            <ns3:cad>85</ns3:cad>
          </ns3:TrackPointExtension>
        </extensions>
      </trkpt>
      <trkpt lat="39.98491865582764148712158203125" lon="116.50231844745576381683349609375">
        <ele>37.799999237060546875</ele>
        <time>2026-08-20T10:52:32.000Z</time>
        <extensions>
          <ns3:TrackPointExtension>
            <ns3:hr>124</ns3:hr>
            <ns3:cad>85</ns3:cad>
          </ns3:TrackPointExtension>
        </extensions>
      </trkpt>
      <trkpt lat="39.98489837162196636199951171875" lon="116.50231249630451202392578125">
        <ele>37.799999237060546875</ele>
        <time>2026-08-20T10:52:33.000Z</time>
        <extensions>
          <ns3:TrackPointExtension>
            <ns3:hr>123</ns3:hr>
            <ns3:cad>85</ns3:cad>
          </ns3:TrackPointExtension>
        </extensions>
      </trkpt>
      <trkpt lat="39.98488227836787700653076171875" lon="116.5023213811218738555908203125">
        <ele>37.799999237060546875</ele>
        <time>2026-08-20T10:52:34.000Z</time>
        <extensions>
          <ns3:TrackPointExtension>
            <ns3:hr>124</ns3:hr>
            <ns3:cad>84</ns3:cad>
          </ns3:TrackPointExtension>
        </extensions>
      </trkpt>
      <trkpt lat="39.98485864140093326568603515625" lon="116.50232565589249134063720703125">
        <ele>37.59999847412109375</ele>
        <time>2026-08-20T10:52:35.000Z</time>
        <extensions>
          <ns3:TrackPointExtension>
            <ns3:hr>124</ns3:hr>
            <ns3:cad>84</ns3:cad>
          </ns3:TrackPointExtension>
        </extensions>
      </trkpt>
      <trkpt lat="39.9848409555852413177490234375" lon="116.50232498534023761749267578125">
        <ele>37.59999847412109375</ele>
        <time>2026-08-20T10:52:36.000Z</time>
        <extensions>
          <ns3:TrackPointExtension>
            <ns3:hr>124</ns3:hr>
            <ns3:cad>85</ns3:cad>
          </ns3:TrackPointExtension>
        </extensions>
      </trkpt>
      <trkpt lat="39.9848203361034393310546875" lon="116.50232884101569652557373046875">
        <ele>37.799999237060546875</ele>
        <time>2026-08-20T10:52:37.000Z</time>
        <extensions>
          <ns3:TrackPointExtension>
            <ns3:hr>123</ns3:hr>
            <ns3:cad>86</ns3:cad>
          </ns3:TrackPointExtension>
        </extensions>
      </trkpt>
      <trkpt lat="39.98480030335485935211181640625" lon="116.50232297368347644805908203125">
        <ele>37.799999237060546875</ele>
        <time>2026-08-20T10:52:38.000Z</time>
        <extensions>
          <ns3:TrackPointExtension>
            <ns3:hr>124</ns3:hr>
            <ns3:cad>86</ns3:cad>
          </ns3:TrackPointExtension>
        </extensions>
      </trkpt>
      <trkpt lat="39.9847822822630405426025390625" lon="116.50232397951185703277587890625">
        <ele>37.799999237060546875</ele>
        <time>2026-08-20T10:52:39.000Z</time>
        <extensions>
          <ns3:TrackPointExtension>
            <ns3:hr>124</ns3:hr>
            <ns3:cad>86</ns3:cad>
          </ns3:TrackPointExtension>
        </extensions>
      </trkpt>
      <trkpt lat="39.98475797474384307861328125" lon="116.50231425650417804718017578125">
        <ele>37.799999237060546875</ele>
        <time>2026-08-20T10:52:40.000Z</time>
        <extensions>
          <ns3:TrackPointExtension>
            <ns3:hr>124</ns3:hr>
            <ns3:cad>86</ns3:cad>
          </ns3:TrackPointExtension>
        </extensions>
      </trkpt>
      <trkpt lat="39.98474146239459514617919921875" lon="116.50231861509382724761962890625">
        <ele>37.59999847412109375</ele>
        <time>2026-08-20T10:52:41.000Z</time>
        <extensions>
          <ns3:TrackPointExtension>
            <ns3:hr>123</ns3:hr>
            <ns3:cad>86</ns3:cad>
          </ns3:TrackPointExtension>
        </extensions>
      </trkpt>
      <trkpt lat="39.98471732251346111297607421875" lon="116.5023153461515903472900390625">
        <ele>37.59999847412109375</ele>
        <time>2026-08-20T10:52:42.000Z</time>
        <extensions>
          <ns3:TrackPointExtension>
            <ns3:hr>124</ns3:hr>
            <ns3:cad>86</ns3:cad>
          </ns3:TrackPointExtension>
        </extensions>
      </trkpt>
      <trkpt lat="39.98470257036387920379638671875" lon="116.50231526233255863189697265625">
        <ele>37.59999847412109375</ele>
        <time>2026-08-20T10:52:43.000Z</time>
        <extensions>
          <ns3:TrackPointExtension>
            <ns3:hr>124</ns3:hr>
            <ns3:cad>87</ns3:cad>
          </ns3:TrackPointExtension>
        </extensions>
      </trkpt>
      <trkpt lat="39.98467859812080860137939453125" lon="116.5023163519799709320068359375">
        <ele>37.799999237060546875</ele>
        <time>2026-08-20T10:52:44.000Z</time>
        <extensions>
          <ns3:TrackPointExtension>
            <ns3:hr>124</ns3:hr>
            <ns3:cad>87</ns3:cad>
          </ns3:TrackPointExtension>
        </extensions>
      </trkpt>
      <trkpt lat="39.984657056629657745361328125" lon="116.50231827981770038604736328125">
        <ele>37.799999237060546875</ele>
        <time>2026-08-20T10:52:45.000Z</time>
        <extensions>
          <ns3:TrackPointExtension>
            <ns3:hr>124</ns3:hr>
            <ns3:cad>87</ns3:cad>
          </ns3:TrackPointExtension>
        </extensions>
      </trkpt>
      <trkpt lat="39.98463735915720462799072265625" lon="116.502322889864444732666015625">
        <ele>37.799999237060546875</ele>
        <time>2026-08-20T10:52:46.000Z</time>
        <extensions>
          <ns3:TrackPointExtension>
            <ns3:hr>124</ns3:hr>
            <ns3:cad>87</ns3:cad>
          </ns3:TrackPointExtension>
        </extensions>
      </trkpt>
      <trkpt lat="39.98461556620895862579345703125" lon="116.50231593288481235504150390625">
        <ele>37.799999237060546875</ele>
        <time>2026-08-20T10:52:47.000Z</time>
        <extensions>
          <ns3:TrackPointExtension>
            <ns3:hr>125</ns3:hr>
            <ns3:cad>87</ns3:cad>
          </ns3:TrackPointExtension>
        </extensions>
      </trkpt>
      <trkpt lat="39.98459897004067897796630859375" lon="116.50232054293155670166015625">
        <ele>37.799999237060546875</ele>
        <time>2026-08-20T10:52:48.000Z</time>
        <extensions>
          <ns3:TrackPointExtension>
            <ns3:hr>125</ns3:hr>
            <ns3:cad>87</ns3:cad>
          </ns3:TrackPointExtension>
        </extensions>
      </trkpt>
      <trkpt lat="39.98457315377891063690185546875" lon="116.502314507961273193359375">
        <ele>37.59999847412109375</ele>
        <time>2026-08-20T10:52:49.000Z</time>
        <extensions>
          <ns3:TrackPointExtension>
            <ns3:hr>125</ns3:hr>
            <ns3:cad>86</ns3:cad>
          </ns3:TrackPointExtension>
        </extensions>
      </trkpt>
      <trkpt lat="39.98455546796321868896484375" lon="116.502319537103176116943359375">
        <ele>37.59999847412109375</ele>
        <time>2026-08-20T10:52:50.000Z</time>
        <extensions>
          <ns3:TrackPointExtension>
            <ns3:hr>126</ns3:hr>
            <ns3:cad>86</ns3:cad>
          </ns3:TrackPointExtension>
        </extensions>
      </trkpt>
      <trkpt lat="39.98452940024435520172119140625" lon="116.5023193694651126861572265625">
        <ele>37.59999847412109375</ele>
        <time>2026-08-20T10:52:51.000Z</time>
        <extensions>
          <ns3:TrackPointExtension>
            <ns3:hr>126</ns3:hr>
            <ns3:cad>87</ns3:cad>
          </ns3:TrackPointExtension>
        </extensions>
      </trkpt>
      <trkpt lat="39.9845053441822528839111328125" lon="116.50231677107512950897216796875">
        <ele>37.59999847412109375</ele>
        <time>2026-08-20T10:52:52.000Z</time>
        <extensions>
          <ns3:TrackPointExtension>
            <ns3:hr>126</ns3:hr>
            <ns3:cad>87</ns3:cad>
          </ns3:TrackPointExtension>
        </extensions>
      </trkpt>
      <trkpt lat="39.984484054148197174072265625" lon="116.5023200400173664093017578125">
        <ele>37.59999847412109375</ele>
        <time>2026-08-20T10:52:53.000Z</time>
        <extensions>
          <ns3:TrackPointExtension>
            <ns3:hr>126</ns3:hr>
            <ns3:cad>87</ns3:cad>
          </ns3:TrackPointExtension>
        </extensions>
      </trkpt>
      <trkpt lat="39.98446200974285602569580078125" lon="116.50231610052287578582763671875">
        <ele>37.799999237060546875</ele>
        <time>2026-08-20T10:52:54.000Z</time>
        <extensions>
          <ns3:TrackPointExtension>
            <ns3:hr>126</ns3:hr>
            <ns3:cad>86</ns3:cad>
          </ns3:TrackPointExtension>
        </extensions>
      </trkpt>
      <trkpt lat="39.9844449944794178009033203125" lon="116.50231895036995410919189453125">
        <ele>37.799999237060546875</ele>
        <time>2026-08-20T10:52:55.000Z</time>
        <extensions>
          <ns3:TrackPointExtension>
            <ns3:hr>126</ns3:hr>
            <ns3:cad>85</ns3:cad>
          </ns3:TrackPointExtension>
        </extensions>
      </trkpt>
      <trkpt lat="39.98441926203668117523193359375" lon="116.5023078024387359619140625">
        <ele>37.799999237060546875</ele>
        <time>2026-08-20T10:52:56.000Z</time>
        <extensions>
          <ns3:TrackPointExtension>
            <ns3:hr>126</ns3:hr>
            <ns3:cad>85</ns3:cad>
          </ns3:TrackPointExtension>
        </extensions>
      </trkpt>
      <trkpt lat="39.9844044260680675506591796875" lon="116.50231023319065570831298828125">
        <ele>37.799999237060546875</ele>
        <time>2026-08-20T10:52:57.000Z</time>
        <extensions>
          <ns3:TrackPointExtension>
            <ns3:hr>126</ns3:hr>
            <ns3:cad>85</ns3:cad>
          </ns3:TrackPointExtension>
        </extensions>
      </trkpt>
      <trkpt lat="39.98438380658626556396484375" lon="116.5023160167038440704345703125">
        <ele>37.59999847412109375</ele>
        <time>2026-08-20T10:52:58.000Z</time>
        <extensions>
          <ns3:TrackPointExtension>
            <ns3:hr>126</ns3:hr>
            <ns3:cad>85</ns3:cad>
          </ns3:TrackPointExtension>
        </extensions>
      </trkpt>
      <trkpt lat="39.98436578549444675445556640625" lon="116.5023200400173664093017578125">
        <ele>37.59999847412109375</ele>
        <time>2026-08-20T10:52:59.000Z</time>
        <extensions>
          <ns3:TrackPointExtension>
            <ns3:hr>126</ns3:hr>
            <ns3:cad>85</ns3:cad>
          </ns3:TrackPointExtension>
        </extensions>
      </trkpt>
      <trkpt lat="39.9843450821936130523681640625" lon="116.50232448242604732513427734375">
        <ele>37.59999847412109375</ele>
        <time>2026-08-20T10:53:00.000Z</time>
        <extensions>
          <ns3:TrackPointExtension>
            <ns3:hr>126</ns3:hr>
            <ns3:cad>85</ns3:cad>
          </ns3:TrackPointExtension>
        </extensions>
      </trkpt>
      <trkpt lat="39.9843236245214939117431640625" lon="116.502316184341907501220703125">
        <ele>37.59999847412109375</ele>
        <time>2026-08-20T10:53:01.000Z</time>
        <extensions>
          <ns3:TrackPointExtension>
            <ns3:hr>126</ns3:hr>
            <ns3:cad>85</ns3:cad>
          </ns3:TrackPointExtension>
        </extensions>
      </trkpt>
      <trkpt lat="39.98430510051548480987548828125" lon="116.50232054293155670166015625">
        <ele>37.59999847412109375</ele>
        <time>2026-08-20T10:53:02.000Z</time>
        <extensions>
          <ns3:TrackPointExtension>
            <ns3:hr>126</ns3:hr>
            <ns3:cad>85</ns3:cad>
          </ns3:TrackPointExtension>
        </extensions>
      </trkpt>
      <trkpt lat="39.9842810444533824920654296875" lon="116.5023197047412395477294921875">
        <ele>37.59999847412109375</ele>
        <time>2026-08-20T10:53:03.000Z</time>
        <extensions>
          <ns3:TrackPointExtension>
            <ns3:hr>127</ns3:hr>
            <ns3:cad>86</ns3:cad>
          </ns3:TrackPointExtension>
        </extensions>
      </trkpt>
      <trkpt lat="39.9842558987438678741455078125" lon="116.5023210458457469940185546875">
        <ele>37.40000152587890625</ele>
        <time>2026-08-20T10:53:04.000Z</time>
        <extensions>
          <ns3:TrackPointExtension>
            <ns3:hr>127</ns3:hr>
            <ns3:cad>86</ns3:cad>
          </ns3:TrackPointExtension>
        </extensions>
      </trkpt>
      <trkpt lat="39.98423469252884387969970703125" lon="116.50232230313122272491455078125">
        <ele>37.40000152587890625</ele>
        <time>2026-08-20T10:53:05.000Z</time>
        <extensions>
          <ns3:TrackPointExtension>
            <ns3:hr>127</ns3:hr>
            <ns3:cad>86</ns3:cad>
          </ns3:TrackPointExtension>
        </extensions>
      </trkpt>
      <trkpt lat="39.9842146597802639007568359375" lon="116.5023257397115230560302734375">
        <ele>37.200000762939453125</ele>
        <time>2026-08-20T10:53:06.000Z</time>
        <extensions>
          <ns3:TrackPointExtension>
            <ns3:hr>126</ns3:hr>
            <ns3:cad>86</ns3:cad>
          </ns3:TrackPointExtension>
        </extensions>
      </trkpt>
      <trkpt lat="39.984193034470081329345703125" lon="116.50232967920601367950439453125">
        <ele>37.200000762939453125</ele>
        <time>2026-08-20T10:53:07.000Z</time>
        <extensions>
          <ns3:TrackPointExtension>
            <ns3:hr>127</ns3:hr>
            <ns3:cad>85</ns3:cad>
          </ns3:TrackPointExtension>
        </extensions>
      </trkpt>
      <trkpt lat="39.98417191207408905029296875" lon="116.502324901521205902099609375">
        <ele>37.200000762939453125</ele>
        <time>2026-08-20T10:53:08.000Z</time>
        <extensions>
          <ns3:TrackPointExtension>
            <ns3:hr>127</ns3:hr>
            <ns3:cad>85</ns3:cad>
          </ns3:TrackPointExtension>
        </extensions>
      </trkpt>
      <trkpt lat="39.9841556511819362640380859375" lon="116.50232582353055477142333984375">
        <ele>37.40000152587890625</ele>
        <time>2026-08-20T10:53:09.000Z</time>
        <extensions>
          <ns3:TrackPointExtension>
            <ns3:hr>127</ns3:hr>
            <ns3:cad>85</ns3:cad>
          </ns3:TrackPointExtension>
        </extensions>
      </trkpt>
      <trkpt lat="39.984132684767246246337890625" lon="116.50231760926544666290283203125">
        <ele>37.40000152587890625</ele>
        <time>2026-08-20T10:53:10.000Z</time>
        <extensions>
          <ns3:TrackPointExtension>
            <ns3:hr>126</ns3:hr>
            <ns3:cad>88</ns3:cad>
          </ns3:TrackPointExtension>
        </extensions>
      </trkpt>
      <trkpt lat="39.9841157533228397369384765625" lon="116.50231861509382724761962890625">
        <ele>37.59999847412109375</ele>
        <time>2026-08-20T10:53:11.000Z</time>
        <extensions>
          <ns3:TrackPointExtension>
            <ns3:hr>127</ns3:hr>
            <ns3:cad>88</ns3:cad>
          </ns3:TrackPointExtension>
        </extensions>
      </trkpt>
      <trkpt lat="39.98409211635589599609375" lon="116.502310819923877716064453125">
        <ele>37.59999847412109375</ele>
        <time>2026-08-20T10:53:12.000Z</time>
        <extensions>
          <ns3:TrackPointExtension>
            <ns3:hr>127</ns3:hr>
            <ns3:cad>88</ns3:cad>
          </ns3:TrackPointExtension>
        </extensions>
      </trkpt>
      <trkpt lat="39.98407476581633090972900390625" lon="116.50231610052287578582763671875">
        <ele>37.59999847412109375</ele>
        <time>2026-08-20T10:53:13.000Z</time>
        <extensions>
          <ns3:TrackPointExtension>
            <ns3:hr>127</ns3:hr>
            <ns3:cad>87</ns3:cad>
          </ns3:TrackPointExtension>
        </extensions>
      </trkpt>
      <trkpt lat="39.98405096121132373809814453125" lon="116.5023126639425754547119140625">
        <ele>37.59999847412109375</ele>
        <time>2026-08-20T10:53:14.000Z</time>
        <extensions>
          <ns3:TrackPointExtension>
            <ns3:hr>127</ns3:hr>
            <ns3:cad>86</ns3:cad>
          </ns3:TrackPointExtension>
        </extensions>
      </trkpt>
      <trkpt lat="39.984034113585948944091796875" lon="116.502308137714862823486328125">
        <ele>37.40000152587890625</ele>
        <time>2026-08-20T10:53:15.000Z</time>
        <extensions>
          <ns3:TrackPointExtension>
            <ns3:hr>127</ns3:hr>
            <ns3:cad>86</ns3:cad>
          </ns3:TrackPointExtension>
        </extensions>
      </trkpt>
      <trkpt lat="39.98400787822902202606201171875" lon="116.50229967199265956878662109375">
        <ele>37.40000152587890625</ele>
        <time>2026-08-20T10:53:16.000Z</time>
        <extensions>
          <ns3:TrackPointExtension>
            <ns3:hr>127</ns3:hr>
            <ns3:cad>88</ns3:cad>
          </ns3:TrackPointExtension>
        </extensions>
      </trkpt>
      <trkpt lat="39.9839886836707592010498046875" lon="116.50230067782104015350341796875">
        <ele>37.40000152587890625</ele>
        <time>2026-08-20T10:53:17.000Z</time>
        <extensions>
          <ns3:TrackPointExtension>
            <ns3:hr>127</ns3:hr>
            <ns3:cad>89</ns3:cad>
          </ns3:TrackPointExtension>
        </extensions>
      </trkpt>
      <trkpt lat="39.9839672259986400604248046875" lon="116.50230620987713336944580078125">
        <ele>37.40000152587890625</ele>
        <time>2026-08-20T10:53:18.000Z</time>
        <extensions>
          <ns3:TrackPointExtension>
            <ns3:hr>128</ns3:hr>
            <ns3:cad>89</ns3:cad>
          </ns3:TrackPointExtension>
        </extensions>
      </trkpt>
      <trkpt lat="39.98394786380231380462646484375" lon="116.50230503641068935394287109375">
        <ele>37.40000152587890625</ele>
        <time>2026-08-20T10:53:19.000Z</time>
        <extensions>
          <ns3:TrackPointExtension>
            <ns3:hr>127</ns3:hr>
            <ns3:cad>89</ns3:cad>
          </ns3:TrackPointExtension>
        </extensions>
      </trkpt>
      <trkpt lat="39.98393294401466846466064453125" lon="116.50230956263840198516845703125">
        <ele>37.40000152587890625</ele>
        <time>2026-08-20T10:53:20.000Z</time>
        <extensions>
          <ns3:TrackPointExtension>
            <ns3:hr>127</ns3:hr>
            <ns3:cad>88</ns3:cad>
          </ns3:TrackPointExtension>
        </extensions>
      </trkpt>
      <trkpt lat="39.98391307890415191650390625" lon="116.50230486877262592315673828125">
        <ele>37.40000152587890625</ele>
        <time>2026-08-20T10:53:21.000Z</time>
        <extensions>
          <ns3:TrackPointExtension>
            <ns3:hr>128</ns3:hr>
            <ns3:cad>86</ns3:cad>
          </ns3:TrackPointExtension>
        </extensions>
      </trkpt>
      <trkpt lat="39.98389941640198230743408203125" lon="116.5023051202297210693359375">
        <ele>37.40000152587890625</ele>
        <time>2026-08-20T10:53:22.000Z</time>
        <extensions>
          <ns3:TrackPointExtension>
            <ns3:hr>128</ns3:hr>
            <ns3:cad>86</ns3:cad>
          </ns3:TrackPointExtension>
        </extensions>
      </trkpt>
      <trkpt lat="39.9838803894817829132080078125" lon="116.5023039467632770538330078125">
        <ele>37.40000152587890625</ele>
        <time>2026-08-20T10:53:23.000Z</time>
        <extensions>
          <ns3:TrackPointExtension>
            <ns3:hr>128</ns3:hr>
            <ns3:cad>86</ns3:cad>
          </ns3:TrackPointExtension>
        </extensions>
      </trkpt>
      <trkpt lat="39.98386119492352008819580078125" lon="116.50230436585843563079833984375">
        <ele>37.59999847412109375</ele>
        <time>2026-08-20T10:53:24.000Z</time>
        <extensions>
          <ns3:TrackPointExtension>
            <ns3:hr>128</ns3:hr>
            <ns3:cad>86</ns3:cad>
          </ns3:TrackPointExtension>
        </extensions>
      </trkpt>
      <trkpt lat="39.9838495440781116485595703125" lon="116.50230989791452884674072265625">
        <ele>37.59999847412109375</ele>
        <time>2026-08-20T10:53:25.000Z</time>
        <extensions>
          <ns3:TrackPointExtension>
            <ns3:hr>128</ns3:hr>
            <ns3:cad>86</ns3:cad>
          </ns3:TrackPointExtension>
        </extensions>
      </trkpt>
      <trkpt lat="39.98382993042469024658203125" lon="116.50231258012354373931884765625">
        <ele>37.59999847412109375</ele>
        <time>2026-08-20T10:53:26.000Z</time>
        <extensions>
          <ns3:TrackPointExtension>
            <ns3:hr>128</ns3:hr>
            <ns3:cad>85</ns3:cad>
          </ns3:TrackPointExtension>
        </extensions>
      </trkpt>
      <trkpt lat="39.9838171899318695068359375" lon="116.50231978856027126312255859375">
        <ele>37.59999847412109375</ele>
        <time>2026-08-20T10:53:27.000Z</time>
        <extensions>
          <ns3:TrackPointExtension>
            <ns3:hr>127</ns3:hr>
            <ns3:cad>84</ns3:cad>
          </ns3:TrackPointExtension>
        </extensions>
      </trkpt>
      <trkpt lat="39.98379464261233806610107421875" lon="116.50232347659766674041748046875">
        <ele>37.59999847412109375</ele>
        <time>2026-08-20T10:53:28.000Z</time>
        <extensions>
          <ns3:TrackPointExtension>
            <ns3:hr>128</ns3:hr>
            <ns3:cad>84</ns3:cad>
          </ns3:TrackPointExtension>
        </extensions>
      </trkpt>
      <trkpt lat="39.98377419076859951019287109375" lon="116.50232146494090557098388671875">
        <ele>37.40000152587890625</ele>
        <time>2026-08-20T10:53:29.000Z</time>
        <extensions>
          <ns3:TrackPointExtension>
            <ns3:hr>128</ns3:hr>
            <ns3:cad>83</ns3:cad>
          </ns3:TrackPointExtension>
        </extensions>
      </trkpt>
      <trkpt lat="39.98375290073454380035400390625" lon="116.50232666172087192535400390625">
        <ele>37.40000152587890625</ele>
        <time>2026-08-20T10:53:30.000Z</time>
        <extensions>
          <ns3:TrackPointExtension>
            <ns3:hr>128</ns3:hr>
            <ns3:cad>83</ns3:cad>
          </ns3:TrackPointExtension>
        </extensions>
      </trkpt>
      <trkpt lat="39.9837286770343780517578125" lon="116.502321548759937286376953125">
        <ele>37.40000152587890625</ele>
        <time>2026-08-20T10:53:31.000Z</time>
        <extensions>
          <ns3:TrackPointExtension>
            <ns3:hr>128</ns3:hr>
            <ns3:cad>84</ns3:cad>
          </ns3:TrackPointExtension>
        </extensions>
      </trkpt>
      <trkpt lat="39.9837090633809566497802734375" lon="116.502320878207683563232421875">
        <ele>37.40000152587890625</ele>
        <time>2026-08-20T10:53:32.000Z</time>
        <extensions>
          <ns3:TrackPointExtension>
            <ns3:hr>128</ns3:hr>
            <ns3:cad>84</ns3:cad>
          </ns3:TrackPointExtension>
        </extensions>
      </trkpt>
      <trkpt lat="39.98368131928145885467529296875" lon="116.5023133344948291778564453125">
        <ele>37.40000152587890625</ele>
        <time>2026-08-20T10:53:33.000Z</time>
        <extensions>
          <ns3:TrackPointExtension>
            <ns3:hr>128</ns3:hr>
            <ns3:cad>85</ns3:cad>
          </ns3:TrackPointExtension>
        </extensions>
      </trkpt>
      <trkpt lat="39.983661957085132598876953125" lon="116.50231258012354373931884765625">
        <ele>37.40000152587890625</ele>
        <time>2026-08-20T10:53:34.000Z</time>
        <extensions>
          <ns3:TrackPointExtension>
            <ns3:hr>128</ns3:hr>
            <ns3:cad>85</ns3:cad>
          </ns3:TrackPointExtension>
        </extensions>
      </trkpt>
      <trkpt lat="39.98364326544106006622314453125" lon="116.50231174193322658538818359375">
        <ele>37.40000152587890625</ele>
        <time>2026-08-20T10:53:35.000Z</time>
        <extensions>
          <ns3:TrackPointExtension>
            <ns3:hr>128</ns3:hr>
            <ns3:cad>85</ns3:cad>
          </ns3:TrackPointExtension>
        </extensions>
      </trkpt>
      <trkpt lat="39.9836208857595920562744140625" lon="116.50230671279132366180419921875">
        <ele>37.40000152587890625</ele>
        <time>2026-08-20T10:53:36.000Z</time>
        <extensions>
          <ns3:TrackPointExtension>
            <ns3:hr>128</ns3:hr>
            <ns3:cad>86</ns3:cad>
          </ns3:TrackPointExtension>
        </extensions>
      </trkpt>
      <trkpt lat="39.98360588215291500091552734375" lon="116.50231073610484600067138671875">
        <ele>37.40000152587890625</ele>
        <time>2026-08-20T10:53:37.000Z</time>
        <extensions>
          <ns3:TrackPointExtension>
            <ns3:hr>129</ns3:hr>
            <ns3:cad>86</ns3:cad>
          </ns3:TrackPointExtension>
        </extensions>
      </trkpt>
      <trkpt lat="39.98358316719532012939453125" lon="116.5023059584200382232666015625">
        <ele>37.40000152587890625</ele>
        <time>2026-08-20T10:53:38.000Z</time>
        <extensions>
          <ns3:TrackPointExtension>
            <ns3:hr>128</ns3:hr>
            <ns3:cad>86</ns3:cad>
          </ns3:TrackPointExtension>
        </extensions>
      </trkpt>
      <trkpt lat="39.98356983996927738189697265625" lon="116.50230319239199161529541015625">
        <ele>37.40000152587890625</ele>
        <time>2026-08-20T10:53:39.000Z</time>
        <extensions>
          <ns3:TrackPointExtension>
            <ns3:hr>128</ns3:hr>
            <ns3:cad>85</ns3:cad>
          </ns3:TrackPointExtension>
        </extensions>
      </trkpt>
      <trkpt lat="39.98354704119265079498291015625" lon="116.50230034254491329193115234375">
        <ele>37.40000152587890625</ele>
        <time>2026-08-20T10:53:40.000Z</time>
        <extensions>
          <ns3:TrackPointExtension>
            <ns3:hr>128</ns3:hr>
            <ns3:cad>84</ns3:cad>
          </ns3:TrackPointExtension>
        </extensions>
      </trkpt>
      <trkpt lat="39.98352709226310253143310546875" lon="116.5022918768227100372314453125">
        <ele>37.200000762939453125</ele>
        <time>2026-08-20T10:53:41.000Z</time>
        <extensions>
          <ns3:TrackPointExtension>
            <ns3:hr>128</ns3:hr>
            <ns3:cad>84</ns3:cad>
          </ns3:TrackPointExtension>
        </extensions>
      </trkpt>
      <trkpt lat="39.98350865207612514495849609375" lon="116.50229346938431262969970703125">
        <ele>37.40000152587890625</ele>
        <time>2026-08-20T10:53:42.000Z</time>
        <extensions>
          <ns3:TrackPointExtension>
            <ns3:hr>128</ns3:hr>
            <ns3:cad>85</ns3:cad>
          </ns3:TrackPointExtension>
        </extensions>
      </trkpt>
      <trkpt lat="39.98348954133689403533935546875" lon="116.50229045189917087554931640625">
        <ele>37.200000762939453125</ele>
        <time>2026-08-20T10:53:43.000Z</time>
        <extensions>
          <ns3:TrackPointExtension>
            <ns3:hr>128</ns3:hr>
            <ns3:cad>85</ns3:cad>
          </ns3:TrackPointExtension>
        </extensions>
      </trkpt>
      <trkpt lat="39.98347185552120208740234375" lon="116.50229564867913722991943359375">
        <ele>37.200000762939453125</ele>
        <time>2026-08-20T10:53:44.000Z</time>
        <extensions>
          <ns3:TrackPointExtension>
            <ns3:hr>129</ns3:hr>
            <ns3:cad>85</ns3:cad>
          </ns3:TrackPointExtension>
        </extensions>
      </trkpt>
      <trkpt lat="39.98344863764941692352294921875" lon="116.50229372084140777587890625">
        <ele>37.200000762939453125</ele>
        <time>2026-08-20T10:53:45.000Z</time>
        <extensions>
          <ns3:TrackPointExtension>
            <ns3:hr>128</ns3:hr>
            <ns3:cad>85</ns3:cad>
          </ns3:TrackPointExtension>
        </extensions>
      </trkpt>
      <trkpt lat="39.98343187384307384490966796875" lon="116.5022908709943294525146484375">
        <ele>37.200000762939453125</ele>
        <time>2026-08-20T10:53:46.000Z</time>
        <extensions>
          <ns3:TrackPointExtension>
            <ns3:hr>128</ns3:hr>
            <ns3:cad>85</ns3:cad>
          </ns3:TrackPointExtension>
        </extensions>
      </trkpt>
      <trkpt lat="39.9834167025983333587646484375" lon="116.5022838301956653594970703125">
        <ele>37.200000762939453125</ele>
        <time>2026-08-20T10:53:47.000Z</time>
        <extensions>
          <ns3:TrackPointExtension>
            <ns3:hr>128</ns3:hr>
            <ns3:cad>84</ns3:cad>
          </ns3:TrackPointExtension>
        </extensions>
      </trkpt>
      <trkpt lat="39.98340438120067119598388671875" lon="116.50226949714124202728271484375">
        <ele>37.200000762939453125</ele>
        <time>2026-08-20T10:53:48.000Z</time>
        <extensions>
          <ns3:TrackPointExtension>
            <ns3:hr>128</ns3:hr>
            <ns3:cad>84</ns3:cad>
          </ns3:TrackPointExtension>
        </extensions>
      </trkpt>
      <trkpt lat="39.983392059803009033203125" lon="116.50225273333489894866943359375">
        <ele>37.200000762939453125</ele>
        <time>2026-08-20T10:53:49.000Z</time>
        <extensions>
          <ns3:TrackPointExtension>
            <ns3:hr>128</ns3:hr>
            <ns3:cad>84</ns3:cad>
          </ns3:TrackPointExtension>
        </extensions>
      </trkpt>
      <trkpt lat="39.98337395489215850830078125" lon="116.50225214660167694091796875">
        <ele>37.200000762939453125</ele>
        <time>2026-08-20T10:53:50.000Z</time>
        <extensions>
          <ns3:TrackPointExtension>
            <ns3:hr>128</ns3:hr>
            <ns3:cad>84</ns3:cad>
          </ns3:TrackPointExtension>
        </extensions>
      </trkpt>
      <trkpt lat="39.98334939591586589813232421875" lon="116.50224812328815460205078125">
        <ele>37.200000762939453125</ele>
        <time>2026-08-20T10:53:51.000Z</time>
        <extensions>
          <ns3:TrackPointExtension>
            <ns3:hr>128</ns3:hr>
            <ns3:cad>84</ns3:cad>
          </ns3:TrackPointExtension>
        </extensions>
      </trkpt>
      <trkpt lat="39.9833221547305583953857421875" lon="116.502249799668788909912109375">
        <ele>37.40000152587890625</ele>
        <time>2026-08-20T10:53:52.000Z</time>
        <extensions>
          <ns3:TrackPointExtension>
            <ns3:hr>127</ns3:hr>
            <ns3:cad>84</ns3:cad>
          </ns3:TrackPointExtension>
        </extensions>
      </trkpt>
      <trkpt lat="39.98329189606010913848876953125" lon="116.50225290097296237945556640625">
        <ele>37.40000152587890625</ele>
        <time>2026-08-20T10:53:53.000Z</time>
        <extensions>
          <ns3:TrackPointExtension>
            <ns3:hr>127</ns3:hr>
            <ns3:cad>83</ns3:cad>
          </ns3:TrackPointExtension>
        </extensions>
      </trkpt>
      <trkpt lat="39.98327144421637058258056640625" lon="116.502257175743579864501953125">
        <ele>37.40000152587890625</ele>
        <time>2026-08-20T10:53:54.000Z</time>
        <extensions>
          <ns3:TrackPointExtension>
            <ns3:hr>126</ns3:hr>
            <ns3:cad>83</ns3:cad>
          </ns3:TrackPointExtension>
        </extensions>
      </trkpt>
      <trkpt lat="39.98324613086879253387451171875" lon="116.5022643841803073883056640625">
        <ele>37.40000152587890625</ele>
        <time>2026-08-20T10:53:55.000Z</time>
        <extensions>
          <ns3:TrackPointExtension>
            <ns3:hr>126</ns3:hr>
            <ns3:cad>82</ns3:cad>
          </ns3:TrackPointExtension>
        </extensions>
      </trkpt>
      <trkpt lat="39.98321629129350185394287109375" lon="116.50226564146578311920166015625">
        <ele>37.200000762939453125</ele>
        <time>2026-08-20T10:53:56.000Z</time>
        <extensions>
          <ns3:TrackPointExtension>
            <ns3:hr>126</ns3:hr>
            <ns3:cad>82</ns3:cad>
          </ns3:TrackPointExtension>
        </extensions>
      </trkpt>
      <trkpt lat="39.9831975996494293212890625" lon="116.50227352045476436614990234375">
        <ele>37.200000762939453125</ele>
        <time>2026-08-20T10:53:57.000Z</time>
        <extensions>
          <ns3:TrackPointExtension>
            <ns3:hr>125</ns3:hr>
            <ns3:cad>82</ns3:cad>
          </ns3:TrackPointExtension>
        </extensions>
      </trkpt>
      <trkpt lat="39.9831696040928363800048828125" lon="116.50228022597730159759521484375">
        <ele>37</ele>
        <time>2026-08-20T10:53:58.000Z</time>
        <extensions>
          <ns3:TrackPointExtension>
            <ns3:hr>125</ns3:hr>
            <ns3:cad>82</ns3:cad>
          </ns3:TrackPointExtension>
        </extensions>
      </trkpt>
      <trkpt lat="39.983147643506526947021484375" lon="116.5022828243672847747802734375">
        <ele>37</ele>
        <time>2026-08-20T10:53:59.000Z</time>
        <extensions>
          <ns3:TrackPointExtension>
            <ns3:hr>125</ns3:hr>
            <ns3:cad>82</ns3:cad>
          </ns3:TrackPointExtension>
        </extensions>
      </trkpt>
      <trkpt lat="39.9831233359873294830322265625" lon="116.50228927843272686004638671875">
        <ele>37</ele>
        <time>2026-08-20T10:54:00.000Z</time>
        <extensions>
          <ns3:TrackPointExtension>
            <ns3:hr>125</ns3:hr>
            <ns3:cad>82</ns3:cad>
          </ns3:TrackPointExtension>
        </extensions>
      </trkpt>
      <trkpt lat="39.98309894464910030364990234375" lon="116.50228240527212619781494140625">
        <ele>37</ele>
        <time>2026-08-20T10:54:01.000Z</time>
        <extensions>
          <ns3:TrackPointExtension>
            <ns3:hr>125</ns3:hr>
            <ns3:cad>81</ns3:cad>
          </ns3:TrackPointExtension>
        </extensions>
      </trkpt>
      <trkpt lat="39.983078576624393463134765625" lon="116.50228475220501422882080078125">
        <ele>37</ele>
        <time>2026-08-20T10:54:02.000Z</time>
        <extensions>
          <ns3:TrackPointExtension>
            <ns3:hr>125</ns3:hr>
            <ns3:cad>83</ns3:cad>
          </ns3:TrackPointExtension>
        </extensions>
      </trkpt>
      <trkpt lat="39.983055107295513153076171875" lon="116.50228357873857021331787109375">
        <ele>37</ele>
        <time>2026-08-20T10:54:03.000Z</time>
        <extensions>
          <ns3:TrackPointExtension>
            <ns3:hr>126</ns3:hr>
            <ns3:cad>85</ns3:cad>
          </ns3:TrackPointExtension>
        </extensions>
      </trkpt>
      <trkpt lat="39.98303423635661602020263671875" lon="116.50228542275726795196533203125">
        <ele>37</ele>
        <time>2026-08-20T10:54:04.000Z</time>
        <extensions>
          <ns3:TrackPointExtension>
            <ns3:hr>126</ns3:hr>
            <ns3:cad>85</ns3:cad>
          </ns3:TrackPointExtension>
        </extensions>
      </trkpt>
      <trkpt lat="39.98301411978900432586669921875" lon="116.50228944607079029083251953125">
        <ele>37</ele>
        <time>2026-08-20T10:54:05.000Z</time>
        <extensions>
          <ns3:TrackPointExtension>
            <ns3:hr>126</ns3:hr>
            <ns3:cad>85</ns3:cad>
          </ns3:TrackPointExtension>
        </extensions>
      </trkpt>
      <trkpt lat="39.9829902313649654388427734375" lon="116.5022848360240459442138671875">
        <ele>37</ele>
        <time>2026-08-20T10:54:06.000Z</time>
        <extensions>
          <ns3:TrackPointExtension>
            <ns3:hr>126</ns3:hr>
            <ns3:cad>85</ns3:cad>
          </ns3:TrackPointExtension>
        </extensions>
      </trkpt>
      <trkpt lat="39.98297187499701976776123046875" lon="116.5022908709943294525146484375">
        <ele>37</ele>
        <time>2026-08-20T10:54:07.000Z</time>
        <extensions>
          <ns3:TrackPointExtension>
            <ns3:hr>126</ns3:hr>
            <ns3:cad>84</ns3:cad>
          </ns3:TrackPointExtension>
        </extensions>
      </trkpt>
      <trkpt lat="39.98294413089752197265625" lon="116.50229162536561489105224609375">
        <ele>37</ele>
        <time>2026-08-20T10:54:08.000Z</time>
        <extensions>
          <ns3:TrackPointExtension>
            <ns3:hr>126</ns3:hr>
            <ns3:cad>82</ns3:cad>
          </ns3:TrackPointExtension>
        </extensions>
      </trkpt>
      <trkpt lat="39.9829231761395931243896484375" lon="116.5022935532033443450927734375">
        <ele>37</ele>
        <time>2026-08-20T10:54:09.000Z</time>
        <extensions>
          <ns3:TrackPointExtension>
            <ns3:hr>126</ns3:hr>
            <ns3:cad>82</ns3:cad>
          </ns3:TrackPointExtension>
        </extensions>
      </trkpt>
      <trkpt lat="39.98289962299168109893798828125" lon="116.50229514576494693756103515625">
        <ele>37</ele>
        <time>2026-08-20T10:54:10.000Z</time>
        <extensions>
          <ns3:TrackPointExtension>
            <ns3:hr>126</ns3:hr>
            <ns3:cad>83</ns3:cad>
          </ns3:TrackPointExtension>
        </extensions>
      </trkpt>
      <trkpt lat="39.98287799768149852752685546875" lon="116.50229330174624919891357421875">
        <ele>37</ele>
        <time>2026-08-20T10:54:11.000Z</time>
        <extensions>
          <ns3:TrackPointExtension>
            <ns3:hr>127</ns3:hr>
            <ns3:cad>83</ns3:cad>
          </ns3:TrackPointExtension>
        </extensions>
      </trkpt>
      <trkpt lat="39.98285670764744281768798828125" lon="116.502300091087818145751953125">
        <ele>37</ele>
        <time>2026-08-20T10:54:12.000Z</time>
        <extensions>
          <ns3:TrackPointExtension>
            <ns3:hr>127</ns3:hr>
            <ns3:cad>84</ns3:cad>
          </ns3:TrackPointExtension>
        </extensions>
      </trkpt>
      <trkpt lat="39.98282703571021556854248046875" lon="116.50229346938431262969970703125">
        <ele>37</ele>
        <time>2026-08-20T10:54:13.000Z</time>
        <extensions>
          <ns3:TrackPointExtension>
            <ns3:hr>127</ns3:hr>
            <ns3:cad>84</ns3:cad>
          </ns3:TrackPointExtension>
        </extensions>
      </trkpt>
      <trkpt lat="39.9828132055699825286865234375" lon="116.5022997558116912841796875">
        <ele>36.799999237060546875</ele>
        <time>2026-08-20T10:54:14.000Z</time>
        <extensions>
          <ns3:TrackPointExtension>
            <ns3:hr>128</ns3:hr>
            <ns3:cad>84</ns3:cad>
          </ns3:TrackPointExtension>
        </extensions>
      </trkpt>
      <trkpt lat="39.9827899038791656494140625" lon="116.5023005940020084381103515625">
        <ele>36.799999237060546875</ele>
        <time>2026-08-20T10:54:15.000Z</time>
        <extensions>
          <ns3:TrackPointExtension>
            <ns3:hr>128</ns3:hr>
            <ns3:cad>85</ns3:cad>
          </ns3:TrackPointExtension>
        </extensions>
      </trkpt>
      <trkpt lat="39.98277448117733001708984375" lon="116.502300091087818145751953125">
        <ele>36.799999237060546875</ele>
        <time>2026-08-20T10:54:16.000Z</time>
        <extensions>
          <ns3:TrackPointExtension>
            <ns3:hr>128</ns3:hr>
            <ns3:cad>86</ns3:cad>
          </ns3:TrackPointExtension>
        </extensions>
      </trkpt>
      <trkpt lat="39.9827515147626399993896484375" lon="116.50230176746845245361328125">
        <ele>36.799999237060546875</ele>
        <time>2026-08-20T10:54:17.000Z</time>
        <extensions>
          <ns3:TrackPointExtension>
            <ns3:hr>128</ns3:hr>
            <ns3:cad>86</ns3:cad>
          </ns3:TrackPointExtension>
        </extensions>
      </trkpt>
      <trkpt lat="39.98273022472858428955078125" lon="116.50229665450751781463623046875">
        <ele>36.799999237060546875</ele>
        <time>2026-08-20T10:54:18.000Z</time>
        <extensions>
          <ns3:TrackPointExtension>
            <ns3:hr>128</ns3:hr>
            <ns3:cad>86</ns3:cad>
          </ns3:TrackPointExtension>
        </extensions>
      </trkpt>
      <trkpt lat="39.982711784541606903076171875" lon="116.50229883380234241485595703125">
        <ele>36.799999237060546875</ele>
        <time>2026-08-20T10:54:19.000Z</time>
        <extensions>
          <ns3:TrackPointExtension>
            <ns3:hr>128</ns3:hr>
            <ns3:cad>85</ns3:cad>
          </ns3:TrackPointExtension>
        </extensions>
      </trkpt>
      <trkpt lat="39.982686974108219146728515625" lon="116.5022948943078517913818359375">
        <ele>36.799999237060546875</ele>
        <time>2026-08-20T10:54:20.000Z</time>
        <extensions>
          <ns3:TrackPointExtension>
            <ns3:hr>128</ns3:hr>
            <ns3:cad>85</ns3:cad>
          </ns3:TrackPointExtension>
        </extensions>
      </trkpt>
      <trkpt lat="39.9826687015593051910400390625" lon="116.502299420535564422607421875">
        <ele>36.799999237060546875</ele>
        <time>2026-08-20T10:54:21.000Z</time>
        <extensions>
          <ns3:TrackPointExtension>
            <ns3:hr>129</ns3:hr>
            <ns3:cad>85</ns3:cad>
          </ns3:TrackPointExtension>
        </extensions>
      </trkpt>
      <trkpt lat="39.9826465733349323272705078125" lon="116.502301432192325592041015625">
        <ele>36.799999237060546875</ele>
        <time>2026-08-20T10:54:22.000Z</time>
        <extensions>
          <ns3:TrackPointExtension>
            <ns3:hr>129</ns3:hr>
            <ns3:cad>85</ns3:cad>
          </ns3:TrackPointExtension>
        </extensions>
      </trkpt>
      <trkpt lat="39.9826241098344326019287109375" lon="116.5022970736026763916015625">
        <ele>36.799999237060546875</ele>
        <time>2026-08-20T10:54:23.000Z</time>
        <extensions>
          <ns3:TrackPointExtension>
            <ns3:hr>129</ns3:hr>
            <ns3:cad>84</ns3:cad>
          </ns3:TrackPointExtension>
        </extensions>
      </trkpt>
      <trkpt lat="39.982606507837772369384765625" lon="116.50230285711586475372314453125">
        <ele>36.799999237060546875</ele>
        <time>2026-08-20T10:54:24.000Z</time>
        <extensions>
          <ns3:TrackPointExtension>
            <ns3:hr>128</ns3:hr>
            <ns3:cad>84</ns3:cad>
          </ns3:TrackPointExtension>
        </extensions>
      </trkpt>
      <trkpt lat="39.98258211649954319000244140625" lon="116.50229648686945438385009765625">
        <ele>37</ele>
        <time>2026-08-20T10:54:25.000Z</time>
        <extensions>
          <ns3:TrackPointExtension>
            <ns3:hr>127</ns3:hr>
            <ns3:cad>84</ns3:cad>
          </ns3:TrackPointExtension>
        </extensions>
      </trkpt>
      <trkpt lat="39.982566274702548980712890625" lon="116.5023019351065158843994140625">
        <ele>37</ele>
        <time>2026-08-20T10:54:26.000Z</time>
        <extensions>
          <ns3:TrackPointExtension>
            <ns3:hr>127</ns3:hr>
            <ns3:cad>84</ns3:cad>
          </ns3:TrackPointExtension>
        </extensions>
      </trkpt>
      <trkpt lat="39.982545487582683563232421875" lon="116.5023024380207061767578125">
        <ele>37</ele>
        <time>2026-08-20T10:54:27.000Z</time>
        <extensions>
          <ns3:TrackPointExtension>
            <ns3:hr>127</ns3:hr>
            <ns3:cad>84</ns3:cad>
          </ns3:TrackPointExtension>
        </extensions>
      </trkpt>
      <trkpt lat="39.98252528719604015350341796875" lon="116.502299420535564422607421875">
        <ele>37</ele>
        <time>2026-08-20T10:54:28.000Z</time>
        <extensions>
          <ns3:TrackPointExtension>
            <ns3:hr>127</ns3:hr>
            <ns3:cad>84</ns3:cad>
          </ns3:TrackPointExtension>
        </extensions>
      </trkpt>
      <trkpt lat="39.98250802047550678253173828125" lon="116.50230419822037220001220703125">
        <ele>37</ele>
        <time>2026-08-20T10:54:29.000Z</time>
        <extensions>
          <ns3:TrackPointExtension>
            <ns3:hr>128</ns3:hr>
            <ns3:cad>85</ns3:cad>
          </ns3:TrackPointExtension>
        </extensions>
      </trkpt>
      <trkpt lat="39.9824859760701656341552734375" lon="116.5023039467632770538330078125">
        <ele>36.799999237060546875</ele>
        <time>2026-08-20T10:54:30.000Z</time>
        <extensions>
          <ns3:TrackPointExtension>
            <ns3:hr>127</ns3:hr>
            <ns3:cad>85</ns3:cad>
          </ns3:TrackPointExtension>
        </extensions>
      </trkpt>
      <trkpt lat="39.98246870934963226318359375" lon="116.5023096464574337005615234375">
        <ele>36.799999237060546875</ele>
        <time>2026-08-20T10:54:31.000Z</time>
        <extensions>
          <ns3:TrackPointExtension>
            <ns3:hr>128</ns3:hr>
            <ns3:cad>85</ns3:cad>
          </ns3:TrackPointExtension>
        </extensions>
      </trkpt>
      <trkpt lat="39.9824390374124050140380859375" lon="116.50231660343706607818603515625">
        <ele>36.799999237060546875</ele>
        <time>2026-08-20T10:54:32.000Z</time>
        <extensions>
          <ns3:TrackPointExtension>
            <ns3:hr>128</ns3:hr>
            <ns3:cad>84</ns3:cad>
          </ns3:TrackPointExtension>
        </extensions>
      </trkpt>
      <trkpt lat="39.98241447843611240386962890625" lon="116.50231308303773403167724609375">
        <ele>37</ele>
        <time>2026-08-20T10:54:33.000Z</time>
        <extensions>
          <ns3:TrackPointExtension>
            <ns3:hr>128</ns3:hr>
            <ns3:cad>84</ns3:cad>
          </ns3:TrackPointExtension>
        </extensions>
      </trkpt>
      <trkpt lat="39.9823931045830249786376953125" lon="116.5023156814277172088623046875">
        <ele>37</ele>
        <time>2026-08-20T10:54:34.000Z</time>
        <extensions>
          <ns3:TrackPointExtension>
            <ns3:hr>128</ns3:hr>
            <ns3:cad>84</ns3:cad>
          </ns3:TrackPointExtension>
        </extensions>
      </trkpt>
      <trkpt lat="39.98237080872058868408203125" lon="116.50231576524674892425537109375">
        <ele>36.799999237060546875</ele>
        <time>2026-08-20T10:54:35.000Z</time>
        <extensions>
          <ns3:TrackPointExtension>
            <ns3:hr>128</ns3:hr>
            <ns3:cad>84</ns3:cad>
          </ns3:TrackPointExtension>
        </extensions>
      </trkpt>
      <trkpt lat="39.98235471546649932861328125" lon="116.5023183636367321014404296875">
        <ele>36.799999237060546875</ele>
        <time>2026-08-20T10:54:36.000Z</time>
        <extensions>
          <ns3:TrackPointExtension>
            <ns3:hr>129</ns3:hr>
            <ns3:cad>85</ns3:cad>
          </ns3:TrackPointExtension>
        </extensions>
      </trkpt>
      <trkpt lat="39.98233116231858730316162109375" lon="116.5023129992187023162841796875">
        <ele>37</ele>
        <time>2026-08-20T10:54:37.000Z</time>
        <extensions>
          <ns3:TrackPointExtension>
            <ns3:hr>130</ns3:hr>
            <ns3:cad>85</ns3:cad>
          </ns3:TrackPointExtension>
        </extensions>
      </trkpt>
      <trkpt lat="39.9823123030364513397216796875" lon="116.502314172685146331787109375">
        <ele>36.799999237060546875</ele>
        <time>2026-08-20T10:54:38.000Z</time>
        <extensions>
          <ns3:TrackPointExtension>
            <ns3:hr>130</ns3:hr>
            <ns3:cad>85</ns3:cad>
          </ns3:TrackPointExtension>
        </extensions>
      </trkpt>
      <trkpt lat="39.98229159973561763763427734375" lon="116.50231542997062206268310546875">
        <ele>36.799999237060546875</ele>
        <time>2026-08-20T10:54:39.000Z</time>
        <extensions>
          <ns3:TrackPointExtension>
            <ns3:hr>130</ns3:hr>
            <ns3:cad>84</ns3:cad>
          </ns3:TrackPointExtension>
        </extensions>
      </trkpt>
      <trkpt lat="39.98226930387318134307861328125" lon="116.5023113228380680084228515625">
        <ele>36.799999237060546875</ele>
        <time>2026-08-20T10:54:40.000Z</time>
        <extensions>
          <ns3:TrackPointExtension>
            <ns3:hr>130</ns3:hr>
            <ns3:cad>83</ns3:cad>
          </ns3:TrackPointExtension>
        </extensions>
      </trkpt>
      <trkpt lat="39.98225270770490169525146484375" lon="116.5023126639425754547119140625">
        <ele>36.799999237060546875</ele>
        <time>2026-08-20T10:54:41.000Z</time>
        <extensions>
          <ns3:TrackPointExtension>
            <ns3:hr>130</ns3:hr>
            <ns3:cad>83</ns3:cad>
          </ns3:TrackPointExtension>
        </extensions>
      </trkpt>
      <trkpt lat="39.9822293221950531005859375" lon="116.5023026056587696075439453125">
        <ele>37</ele>
        <time>2026-08-20T10:54:42.000Z</time>
        <extensions>
          <ns3:TrackPointExtension>
            <ns3:hr>130</ns3:hr>
            <ns3:cad>85</ns3:cad>
          </ns3:TrackPointExtension>
        </extensions>
      </trkpt>
      <trkpt lat="39.982214234769344329833984375" lon="116.50230310857295989990234375">
        <ele>37</ele>
        <time>2026-08-20T10:54:43.000Z</time>
        <extensions>
          <ns3:TrackPointExtension>
            <ns3:hr>130</ns3:hr>
            <ns3:cad>85</ns3:cad>
          </ns3:TrackPointExtension>
        </extensions>
      </trkpt>
      <trkpt lat="39.98219269327819347381591796875" lon="116.5023042820394039154052734375">
        <ele>37</ele>
        <time>2026-08-20T10:54:44.000Z</time>
        <extensions>
          <ns3:TrackPointExtension>
            <ns3:hr>129</ns3:hr>
            <ns3:cad>85</ns3:cad>
          </ns3:TrackPointExtension>
        </extensions>
      </trkpt>
      <trkpt lat="39.98217341490089893341064453125" lon="116.5023066289722919464111328125">
        <ele>37</ele>
        <time>2026-08-20T10:54:45.000Z</time>
        <extensions>
          <ns3:TrackPointExtension>
            <ns3:hr>130</ns3:hr>
            <ns3:cad>85</ns3:cad>
          </ns3:TrackPointExtension>
        </extensions>
      </trkpt>
      <trkpt lat="39.982152879238128662109375" lon="116.502306796610355377197265625">
        <ele>37</ele>
        <time>2026-08-20T10:54:46.000Z</time>
        <extensions>
          <ns3:TrackPointExtension>
            <ns3:hr>130</ns3:hr>
            <ns3:cad>85</ns3:cad>
          </ns3:TrackPointExtension>
        </extensions>
      </trkpt>
      <trkpt lat="39.98213318176567554473876953125" lon="116.50230034254491329193115234375">
        <ele>37</ele>
        <time>2026-08-20T10:54:47.000Z</time>
        <extensions>
          <ns3:TrackPointExtension>
            <ns3:hr>130</ns3:hr>
            <ns3:cad>84</ns3:cad>
          </ns3:TrackPointExtension>
        </extensions>
      </trkpt>
      <trkpt lat="39.98211457394063472747802734375" lon="116.50230252183973789215087890625">
        <ele>37</ele>
        <time>2026-08-20T10:54:48.000Z</time>
        <extensions>
          <ns3:TrackPointExtension>
            <ns3:hr>130</ns3:hr>
            <ns3:cad>84</ns3:cad>
          </ns3:TrackPointExtension>
        </extensions>
      </trkpt>
      <trkpt lat="39.982088841497898101806640625" lon="116.50229548104107379913330078125">
        <ele>37</ele>
        <time>2026-08-20T10:54:49.000Z</time>
        <extensions>
          <ns3:TrackPointExtension>
            <ns3:hr>130</ns3:hr>
            <ns3:cad>86</ns3:cad>
          </ns3:TrackPointExtension>
        </extensions>
      </trkpt>
      <trkpt lat="39.982072412967681884765625" lon="116.502297408878803253173828125">
        <ele>37</ele>
        <time>2026-08-20T10:54:50.000Z</time>
        <extensions>
          <ns3:TrackPointExtension>
            <ns3:hr>130</ns3:hr>
            <ns3:cad>86</ns3:cad>
          </ns3:TrackPointExtension>
        </extensions>
      </trkpt>
      <trkpt lat="39.9820424057543277740478515625" lon="116.50229346938431262969970703125">
        <ele>37</ele>
        <time>2026-08-20T10:54:51.000Z</time>
        <extensions>
          <ns3:TrackPointExtension>
            <ns3:hr>130</ns3:hr>
            <ns3:cad>86</ns3:cad>
          </ns3:TrackPointExtension>
        </extensions>
      </trkpt>
      <trkpt lat="39.982021115720272064208984375" lon="116.50229732505977153778076171875">
        <ele>37</ele>
        <time>2026-08-20T10:54:52.000Z</time>
        <extensions>
          <ns3:TrackPointExtension>
            <ns3:hr>130</ns3:hr>
            <ns3:cad>86</ns3:cad>
          </ns3:TrackPointExtension>
        </extensions>
      </trkpt>
      <trkpt lat="39.98199840076267719268798828125" lon="116.50230336003005504608154296875">
        <ele>37</ele>
        <time>2026-08-20T10:54:53.000Z</time>
        <extensions>
          <ns3:TrackPointExtension>
            <ns3:hr>131</ns3:hr>
            <ns3:cad>86</ns3:cad>
          </ns3:TrackPointExtension>
        </extensions>
      </trkpt>
      <trkpt lat="39.9819709919393062591552734375" lon="116.50230118073523044586181640625">
        <ele>37</ele>
        <time>2026-08-20T10:54:54.000Z</time>
        <extensions>
          <ns3:TrackPointExtension>
            <ns3:hr>131</ns3:hr>
            <ns3:cad>86</ns3:cad>
          </ns3:TrackPointExtension>
        </extensions>
      </trkpt>
      <trkpt lat="39.98195364139974117279052734375" lon="116.50230637751519680023193359375">
        <ele>37</ele>
        <time>2026-08-20T10:54:55.000Z</time>
        <extensions>
          <ns3:TrackPointExtension>
            <ns3:hr>131</ns3:hr>
            <ns3:cad>86</ns3:cad>
          </ns3:TrackPointExtension>
        </extensions>
      </trkpt>
      <trkpt lat="39.98193268664181232452392578125" lon="116.5023103170096874237060546875">
        <ele>36.799999237060546875</ele>
        <time>2026-08-20T10:54:56.000Z</time>
        <extensions>
          <ns3:TrackPointExtension>
            <ns3:hr>131</ns3:hr>
            <ns3:cad>86</ns3:cad>
          </ns3:TrackPointExtension>
        </extensions>
      </trkpt>
      <trkpt lat="39.98191072605550289154052734375" lon="116.50230838917195796966552734375">
        <ele>36.799999237060546875</ele>
        <time>2026-08-20T10:54:57.000Z</time>
        <extensions>
          <ns3:TrackPointExtension>
            <ns3:hr>131</ns3:hr>
            <ns3:cad>86</ns3:cad>
          </ns3:TrackPointExtension>
        </extensions>
      </trkpt>
      <trkpt lat="39.981896393001079559326171875" lon="116.50231408886611461639404296875">
        <ele>36.799999237060546875</ele>
        <time>2026-08-20T10:54:58.000Z</time>
        <extensions>
          <ns3:TrackPointExtension>
            <ns3:hr>130</ns3:hr>
            <ns3:cad>86</ns3:cad>
          </ns3:TrackPointExtension>
        </extensions>
      </trkpt>
      <trkpt lat="39.98187460005283355712890625" lon="116.50230872444808483123779296875">
        <ele>37</ele>
        <time>2026-08-20T10:54:59.000Z</time>
        <extensions>
          <ns3:TrackPointExtension>
            <ns3:hr>131</ns3:hr>
            <ns3:cad>83</ns3:cad>
          </ns3:TrackPointExtension>
        </extensions>
      </trkpt>
      <trkpt lat="39.98186211101710796356201171875" lon="116.50231182575225830078125">
        <ele>37</ele>
        <time>2026-08-20T10:55:00.000Z</time>
        <extensions>
          <ns3:TrackPointExtension>
            <ns3:hr>131</ns3:hr>
            <ns3:cad>81</ns3:cad>
          </ns3:TrackPointExtension>
        </extensions>
      </trkpt>
      <trkpt lat="39.9818385578691959381103515625" lon="116.50230855681002140045166015625">
        <ele>37</ele>
        <time>2026-08-20T10:55:01.000Z</time>
        <extensions>
          <ns3:TrackPointExtension>
            <ns3:hr>131</ns3:hr>
            <ns3:cad>81</ns3:cad>
          </ns3:TrackPointExtension>
        </extensions>
      </trkpt>
      <trkpt lat="39.9818194471299648284912109375" lon="116.50230470113456249237060546875">
        <ele>37</ele>
        <time>2026-08-20T10:55:02.000Z</time>
        <extensions>
          <ns3:TrackPointExtension>
            <ns3:hr>131</ns3:hr>
            <ns3:cad>84</ns3:cad>
          </ns3:TrackPointExtension>
        </extensions>
      </trkpt>
      <trkpt lat="39.981798827648162841796875" lon="116.50230704806745052337646484375">
        <ele>37</ele>
        <time>2026-08-20T10:55:03.000Z</time>
        <extensions>
          <ns3:TrackPointExtension>
            <ns3:hr>131</ns3:hr>
            <ns3:cad>85</ns3:cad>
          </ns3:TrackPointExtension>
        </extensions>
      </trkpt>
      <trkpt lat="39.98177862726151943206787109375" lon="116.50230067782104015350341796875">
        <ele>37</ele>
        <time>2026-08-20T10:55:04.000Z</time>
        <extensions>
          <ns3:TrackPointExtension>
            <ns3:hr>131</ns3:hr>
            <ns3:cad>85</ns3:cad>
          </ns3:TrackPointExtension>
        </extensions>
      </trkpt>
      <trkpt lat="39.98176186345517635345458984375" lon="116.50230268947780132293701171875">
        <ele>37</ele>
        <time>2026-08-20T10:55:05.000Z</time>
        <extensions>
          <ns3:TrackPointExtension>
            <ns3:hr>131</ns3:hr>
            <ns3:cad>85</ns3:cad>
          </ns3:TrackPointExtension>
        </extensions>
      </trkpt>
      <trkpt lat="39.98173378407955169677734375" lon="116.50229464285075664520263671875">
        <ele>37</ele>
        <time>2026-08-20T10:55:06.000Z</time>
        <extensions>
          <ns3:TrackPointExtension>
            <ns3:hr>131</ns3:hr>
            <ns3:cad>85</ns3:cad>
          </ns3:TrackPointExtension>
        </extensions>
      </trkpt>
      <trkpt lat="39.9817171879112720489501953125" lon="116.50230118073523044586181640625">
        <ele>37</ele>
        <time>2026-08-20T10:55:07.000Z</time>
        <extensions>
          <ns3:TrackPointExtension>
            <ns3:hr>132</ns3:hr>
            <ns3:cad>85</ns3:cad>
          </ns3:TrackPointExtension>
        </extensions>
      </trkpt>
      <trkpt lat="39.9816903658211231231689453125" lon="116.50230185128748416900634765625">
        <ele>37</ele>
        <time>2026-08-20T10:55:08.000Z</time>
        <extensions>
          <ns3:TrackPointExtension>
            <ns3:hr>131</ns3:hr>
            <ns3:cad>85</ns3:cad>
          </ns3:TrackPointExtension>
        </extensions>
      </trkpt>
      <trkpt lat="39.9816705845296382904052734375" lon="116.5023005940020084381103515625">
        <ele>37</ele>
        <time>2026-08-20T10:55:09.000Z</time>
        <extensions>
          <ns3:TrackPointExtension>
            <ns3:hr>131</ns3:hr>
            <ns3:cad>86</ns3:cad>
          </ns3:TrackPointExtension>
        </extensions>
      </trkpt>
      <trkpt lat="39.98165222816169261932373046875" lon="116.502302773296833038330078125">
        <ele>37</ele>
        <time>2026-08-20T10:55:10.000Z</time>
        <extensions>
          <ns3:TrackPointExtension>
            <ns3:hr>131</ns3:hr>
            <ns3:cad>86</ns3:cad>
          </ns3:TrackPointExtension>
        </extensions>
      </trkpt>
      <trkpt lat="39.981628172099590301513671875" lon="116.50229967199265956878662109375">
        <ele>37</ele>
        <time>2026-08-20T10:55:11.000Z</time>
        <extensions>
          <ns3:TrackPointExtension>
            <ns3:hr>131</ns3:hr>
            <ns3:cad>86</ns3:cad>
          </ns3:TrackPointExtension>
        </extensions>
      </trkpt>
      <trkpt lat="39.9816098995506763458251953125" lon="116.50230201892554759979248046875">
        <ele>37</ele>
        <time>2026-08-20T10:55:12.000Z</time>
        <extensions>
          <ns3:TrackPointExtension>
            <ns3:hr>131</ns3:hr>
            <ns3:cad>86</ns3:cad>
          </ns3:TrackPointExtension>
        </extensions>
      </trkpt>
      <trkpt lat="39.98158098198473453521728515625" lon="116.50230084545910358428955078125">
        <ele>37</ele>
        <time>2026-08-20T10:55:13.000Z</time>
        <extensions>
          <ns3:TrackPointExtension>
            <ns3:hr>132</ns3:hr>
            <ns3:cad>84</ns3:cad>
          </ns3:TrackPointExtension>
        </extensions>
      </trkpt>
      <trkpt lat="39.98156002722680568695068359375" lon="116.50230109691619873046875">
        <ele>37</ele>
        <time>2026-08-20T10:55:14.000Z</time>
        <extensions>
          <ns3:TrackPointExtension>
            <ns3:hr>131</ns3:hr>
            <ns3:cad>84</ns3:cad>
          </ns3:TrackPointExtension>
        </extensions>
      </trkpt>
      <trkpt lat="39.98153924010694026947021484375" lon="116.50230218656361103057861328125">
        <ele>37.200000762939453125</ele>
        <time>2026-08-20T10:55:15.000Z</time>
        <extensions>
          <ns3:TrackPointExtension>
            <ns3:hr>131</ns3:hr>
            <ns3:cad>84</ns3:cad>
          </ns3:TrackPointExtension>
        </extensions>
      </trkpt>
      <trkpt lat="39.98151577077805995941162109375" lon="116.5023005940020084381103515625">
        <ele>37.200000762939453125</ele>
        <time>2026-08-20T10:55:16.000Z</time>
        <extensions>
          <ns3:TrackPointExtension>
            <ns3:hr>131</ns3:hr>
            <ns3:cad>85</ns3:cad>
          </ns3:TrackPointExtension>
        </extensions>
      </trkpt>
      <trkpt lat="39.981498420238494873046875" lon="116.5022999234497547149658203125">
        <ele>37.200000762939453125</ele>
        <time>2026-08-20T10:55:17.000Z</time>
        <extensions>
          <ns3:TrackPointExtension>
            <ns3:hr>132</ns3:hr>
            <ns3:cad>85</ns3:cad>
          </ns3:TrackPointExtension>
        </extensions>
      </trkpt>
      <trkpt lat="39.981473274528980255126953125" lon="116.50229464285075664520263671875">
        <ele>37.200000762939453125</ele>
        <time>2026-08-20T10:55:18.000Z</time>
        <extensions>
          <ns3:TrackPointExtension>
            <ns3:hr>132</ns3:hr>
            <ns3:cad>85</ns3:cad>
          </ns3:TrackPointExtension>
        </extensions>
      </trkpt>
      <trkpt lat="39.98145692981779575347900390625" lon="116.50229774415493011474609375">
        <ele>37</ele>
        <time>2026-08-20T10:55:19.000Z</time>
        <extensions>
          <ns3:TrackPointExtension>
            <ns3:hr>132</ns3:hr>
            <ns3:cad>84</ns3:cad>
          </ns3:TrackPointExtension>
        </extensions>
      </trkpt>
      <trkpt lat="39.981434047222137451171875" lon="116.502300761640071868896484375">
        <ele>37</ele>
        <time>2026-08-20T10:55:20.000Z</time>
        <extensions>
          <ns3:TrackPointExtension>
            <ns3:hr>132</ns3:hr>
            <ns3:cad>84</ns3:cad>
          </ns3:TrackPointExtension>
        </extensions>
      </trkpt>
      <trkpt lat="39.9814094044268131256103515625" lon="116.502295397222042083740234375">
        <ele>37.200000762939453125</ele>
        <time>2026-08-20T10:55:21.000Z</time>
        <extensions>
          <ns3:TrackPointExtension>
            <ns3:hr>131</ns3:hr>
            <ns3:cad>84</ns3:cad>
          </ns3:TrackPointExtension>
        </extensions>
      </trkpt>
      <trkpt lat="39.981392137706279754638671875" lon="116.5022957324981689453125">
        <ele>37.200000762939453125</ele>
        <time>2026-08-20T10:55:22.000Z</time>
        <extensions>
          <ns3:TrackPointExtension>
            <ns3:hr>131</ns3:hr>
            <ns3:cad>85</ns3:cad>
          </ns3:TrackPointExtension>
        </extensions>
      </trkpt>
      <trkpt lat="39.98136271722614765167236328125" lon="116.50229045189917087554931640625">
        <ele>37.200000762939453125</ele>
        <time>2026-08-20T10:55:23.000Z</time>
        <extensions>
          <ns3:TrackPointExtension>
            <ns3:hr>131</ns3:hr>
            <ns3:cad>85</ns3:cad>
          </ns3:TrackPointExtension>
        </extensions>
      </trkpt>
      <trkpt lat="39.9813401699066162109375" lon="116.5022925473749637603759765625">
        <ele>37</ele>
        <time>2026-08-20T10:55:24.000Z</time>
        <extensions>
          <ns3:TrackPointExtension>
            <ns3:hr>131</ns3:hr>
            <ns3:cad>85</ns3:cad>
          </ns3:TrackPointExtension>
        </extensions>
      </trkpt>
      <trkpt lat="39.98131644912064075469970703125" lon="116.502298749983310699462890625">
        <ele>37</ele>
        <time>2026-08-20T10:55:25.000Z</time>
        <extensions>
          <ns3:TrackPointExtension>
            <ns3:hr>131</ns3:hr>
            <ns3:cad>84</ns3:cad>
          </ns3:TrackPointExtension>
        </extensions>
      </trkpt>
      <trkpt lat="39.98129582963883876800537109375" lon="116.5022928826510906219482421875">
        <ele>37</ele>
        <time>2026-08-20T10:55:26.000Z</time>
        <extensions>
          <ns3:TrackPointExtension>
            <ns3:hr>131</ns3:hr>
            <ns3:cad>84</ns3:cad>
          </ns3:TrackPointExtension>
        </extensions>
      </trkpt>
      <trkpt lat="39.98128057457506656646728515625" lon="116.50229296647012233734130859375">
        <ele>37</ele>
        <time>2026-08-20T10:55:27.000Z</time>
        <extensions>
          <ns3:TrackPointExtension>
            <ns3:hr>131</ns3:hr>
            <ns3:cad>83</ns3:cad>
          </ns3:TrackPointExtension>
        </extensions>
      </trkpt>
      <trkpt lat="39.98125635087490081787109375" lon="116.502281986176967620849609375">
        <ele>37</ele>
        <time>2026-08-20T10:55:28.000Z</time>
        <extensions>
          <ns3:TrackPointExtension>
            <ns3:hr>131</ns3:hr>
            <ns3:cad>84</ns3:cad>
          </ns3:TrackPointExtension>
        </extensions>
      </trkpt>
      <trkpt lat="39.98124101199209690093994140625" lon="116.50228701531887054443359375">
        <ele>37</ele>
        <time>2026-08-20T10:55:29.000Z</time>
        <extensions>
          <ns3:TrackPointExtension>
            <ns3:hr>131</ns3:hr>
            <ns3:cad>84</ns3:cad>
          </ns3:TrackPointExtension>
        </extensions>
      </trkpt>
      <trkpt lat="39.98121821321547031402587890625" lon="116.50228894315659999847412109375">
        <ele>37</ele>
        <time>2026-08-20T10:55:30.000Z</time>
        <extensions>
          <ns3:TrackPointExtension>
            <ns3:hr>131</ns3:hr>
            <ns3:cad>84</ns3:cad>
          </ns3:TrackPointExtension>
        </extensions>
      </trkpt>
      <trkpt lat="39.98119407333433628082275390625" lon="116.50228408165276050567626953125">
        <ele>37</ele>
        <time>2026-08-20T10:55:31.000Z</time>
        <extensions>
          <ns3:TrackPointExtension>
            <ns3:hr>131</ns3:hr>
            <ns3:cad>84</ns3:cad>
          </ns3:TrackPointExtension>
        </extensions>
      </trkpt>
      <trkpt lat="39.98117445968091487884521484375" lon="116.502286009490489959716796875">
        <ele>37</ele>
        <time>2026-08-20T10:55:32.000Z</time>
        <extensions>
          <ns3:TrackPointExtension>
            <ns3:hr>131</ns3:hr>
            <ns3:cad>84</ns3:cad>
          </ns3:TrackPointExtension>
        </extensions>
      </trkpt>
      <trkpt lat="39.9811478890478610992431640625" lon="116.50228491984307765960693359375">
        <ele>37</ele>
        <time>2026-08-20T10:55:33.000Z</time>
        <extensions>
          <ns3:TrackPointExtension>
            <ns3:hr>131</ns3:hr>
            <ns3:cad>84</ns3:cad>
          </ns3:TrackPointExtension>
        </extensions>
      </trkpt>
      <trkpt lat="39.9811314605176448822021484375" lon="116.50229028426110744476318359375">
        <ele>37</ele>
        <time>2026-08-20T10:55:34.000Z</time>
        <extensions>
          <ns3:TrackPointExtension>
            <ns3:hr>131</ns3:hr>
            <ns3:cad>85</ns3:cad>
          </ns3:TrackPointExtension>
        </extensions>
      </trkpt>
      <trkpt lat="39.98110480606555938720703125" lon="116.50228961370885372161865234375">
        <ele>37</ele>
        <time>2026-08-20T10:55:35.000Z</time>
        <extensions>
          <ns3:TrackPointExtension>
            <ns3:hr>131</ns3:hr>
            <ns3:cad>85</ns3:cad>
          </ns3:TrackPointExtension>
        </extensions>
      </trkpt>
      <trkpt lat="39.98108527623116970062255859375" lon="116.50229346938431262969970703125">
        <ele>37</ele>
        <time>2026-08-20T10:55:36.000Z</time>
        <extensions>
          <ns3:TrackPointExtension>
            <ns3:hr>130</ns3:hr>
            <ns3:cad>85</ns3:cad>
          </ns3:TrackPointExtension>
        </extensions>
      </trkpt>
      <trkpt lat="39.98106214217841625213623046875" lon="116.50229749269783496856689453125">
        <ele>37</ele>
        <time>2026-08-20T10:55:37.000Z</time>
        <extensions>
          <ns3:TrackPointExtension>
            <ns3:hr>131</ns3:hr>
            <ns3:cad>85</ns3:cad>
          </ns3:TrackPointExtension>
        </extensions>
      </trkpt>
      <trkpt lat="39.981038756668567657470703125" lon="116.50229481048882007598876953125">
        <ele>37</ele>
        <time>2026-08-20T10:55:38.000Z</time>
        <extensions>
          <ns3:TrackPointExtension>
            <ns3:hr>131</ns3:hr>
            <ns3:cad>85</ns3:cad>
          </ns3:TrackPointExtension>
        </extensions>
      </trkpt>
      <trkpt lat="39.9810221605002880096435546875" lon="116.5022962354123592376708984375">
        <ele>37</ele>
        <time>2026-08-20T10:55:39.000Z</time>
        <extensions>
          <ns3:TrackPointExtension>
            <ns3:hr>130</ns3:hr>
            <ns3:cad>84</ns3:cad>
          </ns3:TrackPointExtension>
        </extensions>
      </trkpt>
      <trkpt lat="39.98099927790462970733642578125" lon="116.5022925473749637603759765625">
        <ele>37</ele>
        <time>2026-08-20T10:55:40.000Z</time>
        <extensions>
          <ns3:TrackPointExtension>
            <ns3:hr>131</ns3:hr>
            <ns3:cad>85</ns3:cad>
          </ns3:TrackPointExtension>
        </extensions>
      </trkpt>
      <trkpt lat="39.980982430279254913330078125" lon="116.502298079431056976318359375">
        <ele>37</ele>
        <time>2026-08-20T10:55:41.000Z</time>
        <extensions>
          <ns3:TrackPointExtension>
            <ns3:hr>131</ns3:hr>
            <ns3:cad>86</ns3:cad>
          </ns3:TrackPointExtension>
        </extensions>
      </trkpt>
      <trkpt lat="39.98095703311264514923095703125" lon="116.5023046173155307769775390625">
        <ele>37</ele>
        <time>2026-08-20T10:55:42.000Z</time>
        <extensions>
          <ns3:TrackPointExtension>
            <ns3:hr>131</ns3:hr>
            <ns3:cad>86</ns3:cad>
          </ns3:TrackPointExtension>
        </extensions>
      </trkpt>
      <trkpt lat="39.98093758709728717803955078125" lon="116.502306461334228515625">
        <ele>36.799999237060546875</ele>
        <time>2026-08-20T10:55:43.000Z</time>
        <extensions>
          <ns3:TrackPointExtension>
            <ns3:hr>131</ns3:hr>
            <ns3:cad>86</ns3:cad>
          </ns3:TrackPointExtension>
        </extensions>
      </trkpt>
      <trkpt lat="39.98091428540647029876708984375" lon="116.50230989791452884674072265625">
        <ele>36.799999237060546875</ele>
        <time>2026-08-20T10:55:44.000Z</time>
        <extensions>
          <ns3:TrackPointExtension>
            <ns3:hr>131</ns3:hr>
            <ns3:cad>86</ns3:cad>
          </ns3:TrackPointExtension>
        </extensions>
      </trkpt>
      <trkpt lat="39.98088888823986053466796875" lon="116.50230419822037220001220703125">
        <ele>36.799999237060546875</ele>
        <time>2026-08-20T10:55:45.000Z</time>
        <extensions>
          <ns3:TrackPointExtension>
            <ns3:hr>131</ns3:hr>
            <ns3:cad>85</ns3:cad>
          </ns3:TrackPointExtension>
        </extensions>
      </trkpt>
      <trkpt lat="39.98086868785321712493896484375" lon="116.50230134837329387664794921875">
        <ele>36.799999237060546875</ele>
        <time>2026-08-20T10:55:46.000Z</time>
        <extensions>
          <ns3:TrackPointExtension>
            <ns3:hr>131</ns3:hr>
            <ns3:cad>84</ns3:cad>
          </ns3:TrackPointExtension>
        </extensions>
      </trkpt>
      <trkpt lat="39.9808344058692455291748046875" lon="116.5022938884794712066650390625">
        <ele>36.799999237060546875</ele>
        <time>2026-08-20T10:55:47.000Z</time>
        <extensions>
          <ns3:TrackPointExtension>
            <ns3:hr>132</ns3:hr>
            <ns3:cad>86</ns3:cad>
          </ns3:TrackPointExtension>
        </extensions>
      </trkpt>
      <trkpt lat="39.98081755824387073516845703125" lon="116.502288691699504852294921875">
        <ele>36.799999237060546875</ele>
        <time>2026-08-20T10:55:48.000Z</time>
        <extensions>
          <ns3:TrackPointExtension>
            <ns3:hr>132</ns3:hr>
            <ns3:cad>86</ns3:cad>
          </ns3:TrackPointExtension>
        </extensions>
      </trkpt>
      <trkpt lat="39.9807834438979625701904296875" lon="116.5022814832627773284912109375">
        <ele>36.59999847412109375</ele>
        <time>2026-08-20T10:55:49.000Z</time>
        <extensions>
          <ns3:TrackPointExtension>
            <ns3:hr>132</ns3:hr>
            <ns3:cad>86</ns3:cad>
          </ns3:TrackPointExtension>
        </extensions>
      </trkpt>
      <trkpt lat="39.98076525516808032989501953125" lon="116.50228374637663364410400390625">
        <ele>36.59999847412109375</ele>
        <time>2026-08-20T10:55:50.000Z</time>
        <extensions>
          <ns3:TrackPointExtension>
            <ns3:hr>131</ns3:hr>
            <ns3:cad>86</ns3:cad>
          </ns3:TrackPointExtension>
        </extensions>
      </trkpt>
      <trkpt lat="39.980735667049884796142578125" lon="116.50228290818631649017333984375">
        <ele>36.40000152587890625</ele>
        <time>2026-08-20T10:55:51.000Z</time>
        <extensions>
          <ns3:TrackPointExtension>
            <ns3:hr>132</ns3:hr>
            <ns3:cad>86</ns3:cad>
          </ns3:TrackPointExtension>
        </extensions>
      </trkpt>
      <trkpt lat="39.98070959933102130889892578125" lon="116.50228106416761875152587890625">
        <ele>36.40000152587890625</ele>
        <time>2026-08-20T10:55:52.000Z</time>
        <extensions>
          <ns3:TrackPointExtension>
            <ns3:hr>132</ns3:hr>
            <ns3:cad>86</ns3:cad>
          </ns3:TrackPointExtension>
        </extensions>
      </trkpt>
      <trkpt lat="39.98068680055439472198486328125" lon="116.50227955542504787445068359375">
        <ele>36.40000152587890625</ele>
        <time>2026-08-20T10:55:53.000Z</time>
        <extensions>
          <ns3:TrackPointExtension>
            <ns3:hr>132</ns3:hr>
            <ns3:cad>87</ns3:cad>
          </ns3:TrackPointExtension>
        </extensions>
      </trkpt>
      <trkpt lat="39.980660565197467803955078125" lon="116.50227083824574947357177734375">
        <ele>36.40000152587890625</ele>
        <time>2026-08-20T10:55:54.000Z</time>
        <extensions>
          <ns3:TrackPointExtension>
            <ns3:hr>132</ns3:hr>
            <ns3:cad>88</ns3:cad>
          </ns3:TrackPointExtension>
        </extensions>
      </trkpt>
      <trkpt lat="39.9806469865143299102783203125" lon="116.50227368809282779693603515625">
        <ele>36.40000152587890625</ele>
        <time>2026-08-20T10:55:55.000Z</time>
        <extensions>
          <ns3:TrackPointExtension>
            <ns3:hr>132</ns3:hr>
            <ns3:cad>88</ns3:cad>
          </ns3:TrackPointExtension>
        </extensions>
      </trkpt>
      <trkpt lat="39.98061639256775379180908203125" lon="116.50227435864508152008056640625">
        <ele>36.40000152587890625</ele>
        <time>2026-08-20T10:55:56.000Z</time>
        <extensions>
          <ns3:TrackPointExtension>
            <ns3:hr>132</ns3:hr>
            <ns3:cad>88</ns3:cad>
          </ns3:TrackPointExtension>
        </extensions>
      </trkpt>
      <trkpt lat="39.9805985391139984130859375" lon="116.502276621758937835693359375">
        <ele>36.40000152587890625</ele>
        <time>2026-08-20T10:55:57.000Z</time>
        <extensions>
          <ns3:TrackPointExtension>
            <ns3:hr>133</ns3:hr>
            <ns3:cad>88</ns3:cad>
          </ns3:TrackPointExtension>
        </extensions>
      </trkpt>
      <trkpt lat="39.98057448305189609527587890625" lon="116.50228123180568218231201171875">
        <ele>36.40000152587890625</ele>
        <time>2026-08-20T10:55:58.000Z</time>
        <extensions>
          <ns3:TrackPointExtension>
            <ns3:hr>133</ns3:hr>
            <ns3:cad>85</ns3:cad>
          </ns3:TrackPointExtension>
        </extensions>
      </trkpt>
      <trkpt lat="39.98054816387593746185302734375" lon="116.50227083824574947357177734375">
        <ele>36.40000152587890625</ele>
        <time>2026-08-20T10:55:59.000Z</time>
        <extensions>
          <ns3:TrackPointExtension>
            <ns3:hr>133</ns3:hr>
            <ns3:cad>84</ns3:cad>
          </ns3:TrackPointExtension>
        </extensions>
      </trkpt>
      <trkpt lat="39.98053676448762416839599609375" lon="116.50227435864508152008056640625">
        <ele>36.40000152587890625</ele>
        <time>2026-08-20T10:56:00.000Z</time>
        <extensions>
          <ns3:TrackPointExtension>
            <ns3:hr>134</ns3:hr>
            <ns3:cad>84</ns3:cad>
          </ns3:TrackPointExtension>
        </extensions>
      </trkpt>
      <trkpt lat="39.9805085174739360809326171875" lon="116.50227234698832035064697265625">
        <ele>36.59999847412109375</ele>
        <time>2026-08-20T10:56:01.000Z</time>
        <extensions>
          <ns3:TrackPointExtension>
            <ns3:hr>134</ns3:hr>
            <ns3:cad>85</ns3:cad>
          </ns3:TrackPointExtension>
        </extensions>
      </trkpt>
      <trkpt lat="39.9804904125630855560302734375" lon="116.50227452628314495086669921875">
        <ele>36.59999847412109375</ele>
        <time>2026-08-20T10:56:02.000Z</time>
        <extensions>
          <ns3:TrackPointExtension>
            <ns3:hr>134</ns3:hr>
            <ns3:cad>85</ns3:cad>
          </ns3:TrackPointExtension>
        </extensions>
      </trkpt>
      <trkpt lat="39.98046685941517353057861328125" lon="116.5022720955312252044677734375">
        <ele>36.59999847412109375</ele>
        <time>2026-08-20T10:56:03.000Z</time>
        <extensions>
          <ns3:TrackPointExtension>
            <ns3:hr>134</ns3:hr>
            <ns3:cad>85</ns3:cad>
          </ns3:TrackPointExtension>
        </extensions>
      </trkpt>
      <trkpt lat="39.98044456355273723602294921875" lon="116.5022720955312252044677734375">
        <ele>36.59999847412109375</ele>
        <time>2026-08-20T10:56:04.000Z</time>
        <extensions>
          <ns3:TrackPointExtension>
            <ns3:hr>134</ns3:hr>
            <ns3:cad>84</ns3:cad>
          </ns3:TrackPointExtension>
        </extensions>
      </trkpt>
      <trkpt lat="39.9804287217557430267333984375" lon="116.5022694133222103118896484375">
        <ele>36.799999237060546875</ele>
        <time>2026-08-20T10:56:05.000Z</time>
        <extensions>
          <ns3:TrackPointExtension>
            <ns3:hr>134</ns3:hr>
            <ns3:cad>84</ns3:cad>
          </ns3:TrackPointExtension>
        </extensions>
      </trkpt>
      <trkpt lat="39.9804039113223552703857421875" lon="116.50226564146578311920166015625">
        <ele>36.799999237060546875</ele>
        <time>2026-08-20T10:56:06.000Z</time>
        <extensions>
          <ns3:TrackPointExtension>
            <ns3:hr>134</ns3:hr>
            <ns3:cad>84</ns3:cad>
          </ns3:TrackPointExtension>
        </extensions>
      </trkpt>
      <trkpt lat="39.9803831242024898529052734375" lon="116.502266563475131988525390625">
        <ele>36.799999237060546875</ele>
        <time>2026-08-20T10:56:07.000Z</time>
        <extensions>
          <ns3:TrackPointExtension>
            <ns3:hr>134</ns3:hr>
            <ns3:cad>85</ns3:cad>
          </ns3:TrackPointExtension>
        </extensions>
      </trkpt>
      <trkpt lat="39.98035822995007038116455078125" lon="116.5022677369415760040283203125">
        <ele>36.799999237060546875</ele>
        <time>2026-08-20T10:56:08.000Z</time>
        <extensions>
          <ns3:TrackPointExtension>
            <ns3:hr>134</ns3:hr>
            <ns3:cad>85</ns3:cad>
          </ns3:TrackPointExtension>
        </extensions>
      </trkpt>
      <trkpt lat="39.98033442534506320953369140625" lon="116.5022650547325611114501953125">
        <ele>36.59999847412109375</ele>
        <time>2026-08-20T10:56:09.000Z</time>
        <extensions>
          <ns3:TrackPointExtension>
            <ns3:hr>134</ns3:hr>
            <ns3:cad>85</ns3:cad>
          </ns3:TrackPointExtension>
        </extensions>
      </trkpt>
      <trkpt lat="39.98031749390065670013427734375" lon="116.5022677369415760040283203125">
        <ele>36.59999847412109375</ele>
        <time>2026-08-20T10:56:10.000Z</time>
        <extensions>
          <ns3:TrackPointExtension>
            <ns3:hr>134</ns3:hr>
            <ns3:cad>85</ns3:cad>
          </ns3:TrackPointExtension>
        </extensions>
      </trkpt>
      <trkpt lat="39.98029653914272785186767578125" lon="116.50225776247680187225341796875">
        <ele>36.59999847412109375</ele>
        <time>2026-08-20T10:56:11.000Z</time>
        <extensions>
          <ns3:TrackPointExtension>
            <ns3:hr>134</ns3:hr>
            <ns3:cad>84</ns3:cad>
          </ns3:TrackPointExtension>
        </extensions>
      </trkpt>
      <trkpt lat="39.98028111644089221954345703125" lon="116.50225751101970672607421875">
        <ele>36.59999847412109375</ele>
        <time>2026-08-20T10:56:12.000Z</time>
        <extensions>
          <ns3:TrackPointExtension>
            <ns3:hr>134</ns3:hr>
            <ns3:cad>83</ns3:cad>
          </ns3:TrackPointExtension>
        </extensions>
      </trkpt>
      <trkpt lat="39.98025194741785526275634765625" lon="116.5022539906203746795654296875">
        <ele>36.40000152587890625</ele>
        <time>2026-08-20T10:56:13.000Z</time>
        <extensions>
          <ns3:TrackPointExtension>
            <ns3:hr>134</ns3:hr>
            <ns3:cad>84</ns3:cad>
          </ns3:TrackPointExtension>
        </extensions>
      </trkpt>
      <trkpt lat="39.98023216612637042999267578125" lon="116.502261199057102203369140625">
        <ele>36.40000152587890625</ele>
        <time>2026-08-20T10:56:14.000Z</time>
        <extensions>
          <ns3:TrackPointExtension>
            <ns3:hr>133</ns3:hr>
            <ns3:cad>85</ns3:cad>
          </ns3:TrackPointExtension>
        </extensions>
      </trkpt>
      <trkpt lat="39.9802077747881412506103515625" lon="116.50226681493222713470458984375">
        <ele>36.40000152587890625</ele>
        <time>2026-08-20T10:56:15.000Z</time>
        <extensions>
          <ns3:TrackPointExtension>
            <ns3:hr>133</ns3:hr>
            <ns3:cad>85</ns3:cad>
          </ns3:TrackPointExtension>
        </extensions>
      </trkpt>
      <trkpt lat="39.98018556274473667144775390625" lon="116.50226698257029056549072265625">
        <ele>36.40000152587890625</ele>
        <time>2026-08-20T10:56:16.000Z</time>
        <extensions>
          <ns3:TrackPointExtension>
            <ns3:hr>133</ns3:hr>
            <ns3:cad>85</ns3:cad>
          </ns3:TrackPointExtension>
        </extensions>
      </trkpt>
      <trkpt lat="39.9801658652722835540771484375" lon="116.502266228199005126953125">
        <ele>36.40000152587890625</ele>
        <time>2026-08-20T10:56:17.000Z</time>
        <extensions>
          <ns3:TrackPointExtension>
            <ns3:hr>133</ns3:hr>
            <ns3:cad>85</ns3:cad>
          </ns3:TrackPointExtension>
        </extensions>
      </trkpt>
      <trkpt lat="39.98013895936310291290283203125" lon="116.502259187400341033935546875">
        <ele>36.40000152587890625</ele>
        <time>2026-08-20T10:56:18.000Z</time>
        <extensions>
          <ns3:TrackPointExtension>
            <ns3:hr>133</ns3:hr>
            <ns3:cad>85</ns3:cad>
          </ns3:TrackPointExtension>
        </extensions>
      </trkpt>
      <trkpt lat="39.980121441185474395751953125" lon="116.50226228870451450347900390625">
        <ele>36.40000152587890625</ele>
        <time>2026-08-20T10:56:19.000Z</time>
        <extensions>
          <ns3:TrackPointExtension>
            <ns3:hr>133</ns3:hr>
            <ns3:cad>86</ns3:cad>
          </ns3:TrackPointExtension>
        </extensions>
      </trkpt>
      <trkpt lat="39.9800978042185306549072265625" lon="116.50225709192454814910888671875">
        <ele>36.40000152587890625</ele>
        <time>2026-08-20T10:56:20.000Z</time>
        <extensions>
          <ns3:TrackPointExtension>
            <ns3:hr>133</ns3:hr>
            <ns3:cad>86</ns3:cad>
          </ns3:TrackPointExtension>
        </extensions>
      </trkpt>
      <trkpt lat="39.98008062131702899932861328125" lon="116.502262540161609649658203125">
        <ele>36.40000152587890625</ele>
        <time>2026-08-20T10:56:21.000Z</time>
        <extensions>
          <ns3:TrackPointExtension>
            <ns3:hr>133</ns3:hr>
            <ns3:cad>86</ns3:cad>
          </ns3:TrackPointExtension>
        </extensions>
      </trkpt>
      <trkpt lat="39.980056397616863250732421875" lon="116.50226497091352939605712890625">
        <ele>36.40000152587890625</ele>
        <time>2026-08-20T10:56:22.000Z</time>
        <extensions>
          <ns3:TrackPointExtension>
            <ns3:hr>133</ns3:hr>
            <ns3:cad>86</ns3:cad>
          </ns3:TrackPointExtension>
        </extensions>
      </trkpt>
      <trkpt lat="39.98003653250634670257568359375" lon="116.5022648870944976806640625">
        <ele>36.40000152587890625</ele>
        <time>2026-08-20T10:56:23.000Z</time>
        <extensions>
          <ns3:TrackPointExtension>
            <ns3:hr>133</ns3:hr>
            <ns3:cad>86</ns3:cad>
          </ns3:TrackPointExtension>
        </extensions>
      </trkpt>
      <trkpt lat="39.9800143204629421234130859375" lon="116.50226748548448085784912109375">
        <ele>36.40000152587890625</ele>
        <time>2026-08-20T10:56:24.000Z</time>
        <extensions>
          <ns3:TrackPointExtension>
            <ns3:hr>132</ns3:hr>
            <ns3:cad>86</ns3:cad>
          </ns3:TrackPointExtension>
        </extensions>
      </trkpt>
      <trkpt lat="39.97998758219182491302490234375" lon="116.502263545989990234375">
        <ele>36.200000762939453125</ele>
        <time>2026-08-20T10:56:25.000Z</time>
        <extensions>
          <ns3:TrackPointExtension>
            <ns3:hr>132</ns3:hr>
            <ns3:cad>86</ns3:cad>
          </ns3:TrackPointExtension>
        </extensions>
      </trkpt>
      <trkpt lat="39.97997014783322811126708984375" lon="116.50226932950317859649658203125">
        <ele>36.200000762939453125</ele>
        <time>2026-08-20T10:56:26.000Z</time>
        <extensions>
          <ns3:TrackPointExtension>
            <ns3:hr>132</ns3:hr>
            <ns3:cad>86</ns3:cad>
          </ns3:TrackPointExtension>
        </extensions>
      </trkpt>
      <trkpt lat="39.979944415390491485595703125" lon="116.50226681493222713470458984375">
        <ele>36.200000762939453125</ele>
        <time>2026-08-20T10:56:27.000Z</time>
        <extensions>
          <ns3:TrackPointExtension>
            <ns3:hr>132</ns3:hr>
            <ns3:cad>86</ns3:cad>
          </ns3:TrackPointExtension>
        </extensions>
      </trkpt>
      <trkpt lat="39.97992790304124355316162109375" lon="116.50226958096027374267578125">
        <ele>36.200000762939453125</ele>
        <time>2026-08-20T10:56:28.000Z</time>
        <extensions>
          <ns3:TrackPointExtension>
            <ns3:hr>132</ns3:hr>
            <ns3:cad>86</ns3:cad>
          </ns3:TrackPointExtension>
        </extensions>
      </trkpt>
      <trkpt lat="39.97990393079817295074462890625" lon="116.502273268997669219970703125">
        <ele>36.200000762939453125</ele>
        <time>2026-08-20T10:56:29.000Z</time>
        <extensions>
          <ns3:TrackPointExtension>
            <ns3:hr>132</ns3:hr>
            <ns3:cad>86</ns3:cad>
          </ns3:TrackPointExtension>
        </extensions>
      </trkpt>
      <trkpt lat="39.97988163493573665618896484375" lon="116.50227150879800319671630859375">
        <ele>36.200000762939453125</ele>
        <time>2026-08-20T10:56:30.000Z</time>
        <extensions>
          <ns3:TrackPointExtension>
            <ns3:hr>132</ns3:hr>
            <ns3:cad>86</ns3:cad>
          </ns3:TrackPointExtension>
        </extensions>
      </trkpt>
      <trkpt lat="39.97986386530101299285888671875" lon="116.50227251462638378143310546875">
        <ele>36.200000762939453125</ele>
        <time>2026-08-20T10:56:31.000Z</time>
        <extensions>
          <ns3:TrackPointExtension>
            <ns3:hr>132</ns3:hr>
            <ns3:cad>85</ns3:cad>
          </ns3:TrackPointExtension>
        </extensions>
      </trkpt>
      <trkpt lat="39.97983905486762523651123046875" lon="116.5022667311131954193115234375">
        <ele>36</ele>
        <time>2026-08-20T10:56:32.000Z</time>
        <extensions>
          <ns3:TrackPointExtension>
            <ns3:hr>132</ns3:hr>
            <ns3:cad>85</ns3:cad>
          </ns3:TrackPointExtension>
        </extensions>
      </trkpt>
      <trkpt lat="39.9798252247273921966552734375" lon="116.50226698257029056549072265625">
        <ele>36</ele>
        <time>2026-08-20T10:56:33.000Z</time>
        <extensions>
          <ns3:TrackPointExtension>
            <ns3:hr>131</ns3:hr>
            <ns3:cad>85</ns3:cad>
          </ns3:TrackPointExtension>
        </extensions>
      </trkpt>
      <trkpt lat="39.97980049811303615570068359375" lon="116.5022647194564342498779296875">
        <ele>36.200000762939453125</ele>
        <time>2026-08-20T10:56:34.000Z</time>
        <extensions>
          <ns3:TrackPointExtension>
            <ns3:hr>132</ns3:hr>
            <ns3:cad>85</ns3:cad>
          </ns3:TrackPointExtension>
        </extensions>
      </trkpt>
      <trkpt lat="39.97978105209767818450927734375" lon="116.50226580910384654998779296875">
        <ele>36.200000762939453125</ele>
        <time>2026-08-20T10:56:35.000Z</time>
        <extensions>
          <ns3:TrackPointExtension>
            <ns3:hr>132</ns3:hr>
            <ns3:cad>85</ns3:cad>
          </ns3:TrackPointExtension>
        </extensions>
      </trkpt>
      <trkpt lat="39.97975758276879787445068359375" lon="116.5022657252848148345947265625">
        <ele>36.200000762939453125</ele>
        <time>2026-08-20T10:56:36.000Z</time>
        <extensions>
          <ns3:TrackPointExtension>
            <ns3:hr>131</ns3:hr>
            <ns3:cad>85</ns3:cad>
          </ns3:TrackPointExtension>
        </extensions>
      </trkpt>
      <trkpt lat="39.9797357060015201568603515625" lon="116.5022600255906581878662109375">
        <ele>36.200000762939453125</ele>
        <time>2026-08-20T10:56:37.000Z</time>
        <extensions>
          <ns3:TrackPointExtension>
            <ns3:hr>131</ns3:hr>
            <ns3:cad>85</ns3:cad>
          </ns3:TrackPointExtension>
        </extensions>
      </trkpt>
      <trkpt lat="39.97971475124359130859375" lon="116.50226362980902194976806640625">
        <ele>36.200000762939453125</ele>
        <time>2026-08-20T10:56:38.000Z</time>
        <extensions>
          <ns3:TrackPointExtension>
            <ns3:hr>131</ns3:hr>
            <ns3:cad>85</ns3:cad>
          </ns3:TrackPointExtension>
        </extensions>
      </trkpt>
      <trkpt lat="39.979688264429569244384765625" lon="116.50225885212421417236328125">
        <ele>36.200000762939453125</ele>
        <time>2026-08-20T10:56:39.000Z</time>
        <extensions>
          <ns3:TrackPointExtension>
            <ns3:hr>130</ns3:hr>
            <ns3:cad>85</ns3:cad>
          </ns3:TrackPointExtension>
        </extensions>
      </trkpt>
      <trkpt lat="39.97967041097581386566162109375" lon="116.50226111523807048797607421875">
        <ele>36.200000762939453125</ele>
        <time>2026-08-20T10:56:40.000Z</time>
        <extensions>
          <ns3:TrackPointExtension>
            <ns3:hr>130</ns3:hr>
            <ns3:cad>87</ns3:cad>
          </ns3:TrackPointExtension>
        </extensions>
      </trkpt>
      <trkpt lat="39.97964526526629924774169921875" lon="116.5022590197622776031494140625">
        <ele>36.200000762939453125</ele>
        <time>2026-08-20T10:56:41.000Z</time>
        <extensions>
          <ns3:TrackPointExtension>
            <ns3:hr>130</ns3:hr>
            <ns3:cad>87</ns3:cad>
          </ns3:TrackPointExtension>
        </extensions>
      </trkpt>
      <trkpt lat="39.97962296940386295318603515625" lon="116.502259187400341033935546875">
        <ele>36.200000762939453125</ele>
        <time>2026-08-20T10:56:42.000Z</time>
        <extensions>
          <ns3:TrackPointExtension>
            <ns3:hr>131</ns3:hr>
            <ns3:cad>86</ns3:cad>
          </ns3:TrackPointExtension>
        </extensions>
      </trkpt>
      <trkpt lat="39.979597069323062896728515625" lon="116.50226027704775333404541015625">
        <ele>36.200000762939453125</ele>
        <time>2026-08-20T10:56:43.000Z</time>
        <extensions>
          <ns3:TrackPointExtension>
            <ns3:hr>130</ns3:hr>
            <ns3:cad>86</ns3:cad>
          </ns3:TrackPointExtension>
        </extensions>
      </trkpt>
      <trkpt lat="39.97957720421254634857177734375" lon="116.5022623725235462188720703125">
        <ele>36.200000762939453125</ele>
        <time>2026-08-20T10:56:44.000Z</time>
        <extensions>
          <ns3:TrackPointExtension>
            <ns3:hr>130</ns3:hr>
            <ns3:cad>85</ns3:cad>
          </ns3:TrackPointExtension>
        </extensions>
      </trkpt>
      <trkpt lat="39.97955440543591976165771484375" lon="116.50226530618965625762939453125">
        <ele>36.200000762939453125</ele>
        <time>2026-08-20T10:56:45.000Z</time>
        <extensions>
          <ns3:TrackPointExtension>
            <ns3:hr>131</ns3:hr>
            <ns3:cad>85</ns3:cad>
          </ns3:TrackPointExtension>
        </extensions>
      </trkpt>
      <trkpt lat="39.97953026555478572845458984375" lon="116.5022667311131954193115234375">
        <ele>36.200000762939453125</ele>
        <time>2026-08-20T10:56:46.000Z</time>
        <extensions>
          <ns3:TrackPointExtension>
            <ns3:hr>131</ns3:hr>
            <ns3:cad>85</ns3:cad>
          </ns3:TrackPointExtension>
        </extensions>
      </trkpt>
      <trkpt lat="39.97951115481555461883544921875" lon="116.50227787904441356658935546875">
        <ele>36.200000762939453125</ele>
        <time>2026-08-20T10:56:47.000Z</time>
        <extensions>
          <ns3:TrackPointExtension>
            <ns3:hr>131</ns3:hr>
            <ns3:cad>87</ns3:cad>
          </ns3:TrackPointExtension>
        </extensions>
      </trkpt>
      <trkpt lat="39.97948500327765941619873046875" lon="116.502287685871124267578125">
        <ele>36.200000762939453125</ele>
        <time>2026-08-20T10:56:48.000Z</time>
        <extensions>
          <ns3:TrackPointExtension>
            <ns3:hr>131</ns3:hr>
            <ns3:cad>87</ns3:cad>
          </ns3:TrackPointExtension>
        </extensions>
      </trkpt>
      <trkpt lat="39.97947360388934612274169921875" lon="116.50230000726878643035888671875">
        <ele>36.200000762939453125</ele>
        <time>2026-08-20T10:56:49.000Z</time>
        <extensions>
          <ns3:TrackPointExtension>
            <ns3:hr>130</ns3:hr>
            <ns3:cad>87</ns3:cad>
          </ns3:TrackPointExtension>
        </extensions>
      </trkpt>
      <trkpt lat="39.97945885173976421356201171875" lon="116.502327583730220794677734375">
        <ele>36.200000762939453125</ele>
        <time>2026-08-20T10:56:50.000Z</time>
        <extensions>
          <ns3:TrackPointExtension>
            <ns3:hr>131</ns3:hr>
            <ns3:cad>87</ns3:cad>
          </ns3:TrackPointExtension>
        </extensions>
      </trkpt>
      <trkpt lat="39.9794453568756580352783203125" lon="116.502345688641071319580078125">
        <ele>36.200000762939453125</ele>
        <time>2026-08-20T10:56:51.000Z</time>
        <extensions>
          <ns3:TrackPointExtension>
            <ns3:hr>131</ns3:hr>
            <ns3:cad>87</ns3:cad>
          </ns3:TrackPointExtension>
        </extensions>
      </trkpt>
      <trkpt lat="39.9794344604015350341796875" lon="116.50236337445676326751708984375">
        <ele>36.200000762939453125</ele>
        <time>2026-08-20T10:56:52.000Z</time>
        <extensions>
          <ns3:TrackPointExtension>
            <ns3:hr>131</ns3:hr>
            <ns3:cad>86</ns3:cad>
          </ns3:TrackPointExtension>
        </extensions>
      </trkpt>
      <trkpt lat="39.97941769659519195556640625" lon="116.5023740194737911224365234375">
        <ele>36.200000762939453125</ele>
        <time>2026-08-20T10:56:53.000Z</time>
        <extensions>
          <ns3:TrackPointExtension>
            <ns3:hr>131</ns3:hr>
            <ns3:cad>86</ns3:cad>
          </ns3:TrackPointExtension>
        </extensions>
      </trkpt>
      <trkpt lat="39.97940403409302234649658203125" lon="116.50237846188247203826904296875">
        <ele>36.200000762939453125</ele>
        <time>2026-08-20T10:56:54.000Z</time>
        <extensions>
          <ns3:TrackPointExtension>
            <ns3:hr>131</ns3:hr>
            <ns3:cad>85</ns3:cad>
          </ns3:TrackPointExtension>
        </extensions>
      </trkpt>
      <trkpt lat="39.979379139840602874755859375" lon="116.50237980298697948455810546875">
        <ele>36</ele>
        <time>2026-08-20T10:56:55.000Z</time>
        <extensions>
          <ns3:TrackPointExtension>
            <ns3:hr>131</ns3:hr>
            <ns3:cad>84</ns3:cad>
          </ns3:TrackPointExtension>
        </extensions>
      </trkpt>
      <trkpt lat="39.9793585203588008880615234375" lon="116.5023817308247089385986328125">
        <ele>36</ele>
        <time>2026-08-20T10:56:56.000Z</time>
        <extensions>
          <ns3:TrackPointExtension>
            <ns3:hr>130</ns3:hr>
            <ns3:cad>84</ns3:cad>
          </ns3:TrackPointExtension>
        </extensions>
      </trkpt>
      <trkpt lat="39.97934368439018726348876953125" lon="116.50238784961402416229248046875">
        <ele>36</ele>
        <time>2026-08-20T10:56:57.000Z</time>
        <extensions>
          <ns3:TrackPointExtension>
            <ns3:hr>131</ns3:hr>
            <ns3:cad>84</ns3:cad>
          </ns3:TrackPointExtension>
        </extensions>
      </trkpt>
      <trkpt lat="39.9793209694325923919677734375" lon="116.50238349102437496185302734375">
        <ele>36</ele>
        <time>2026-08-20T10:56:58.000Z</time>
        <extensions>
          <ns3:TrackPointExtension>
            <ns3:hr>131</ns3:hr>
            <ns3:cad>83</ns3:cad>
          </ns3:TrackPointExtension>
        </extensions>
      </trkpt>
      <trkpt lat="39.9793028645217418670654296875" lon="116.50238491594791412353515625">
        <ele>36</ele>
        <time>2026-08-20T10:56:59.000Z</time>
        <extensions>
          <ns3:TrackPointExtension>
            <ns3:hr>131</ns3:hr>
            <ns3:cad>83</ns3:cad>
          </ns3:TrackPointExtension>
        </extensions>
      </trkpt>
      <trkpt lat="39.97927797026932239532470703125" lon="116.50237678550183773040771484375">
        <ele>36</ele>
        <time>2026-08-20T10:57:00.000Z</time>
        <extensions>
          <ns3:TrackPointExtension>
            <ns3:hr>131</ns3:hr>
            <ns3:cad>82</ns3:cad>
          </ns3:TrackPointExtension>
        </extensions>
      </trkpt>
      <trkpt lat="39.97925919480621814727783203125" lon="116.50236320681869983673095703125">
        <ele>36</ele>
        <time>2026-08-20T10:57:01.000Z</time>
        <extensions>
          <ns3:TrackPointExtension>
            <ns3:hr>132</ns3:hr>
            <ns3:cad>83</ns3:cad>
          </ns3:TrackPointExtension>
        </extensions>
      </trkpt>
      <trkpt lat="39.9792405031621456146240234375" lon="116.50236052460968494415283203125">
        <ele>36</ele>
        <time>2026-08-20T10:57:02.000Z</time>
        <extensions>
          <ns3:TrackPointExtension>
            <ns3:hr>132</ns3:hr>
            <ns3:cad>83</ns3:cad>
          </ns3:TrackPointExtension>
        </extensions>
      </trkpt>
      <trkpt lat="39.97921711765229701995849609375" lon="116.502349711954593658447265625">
        <ele>36</ele>
        <time>2026-08-20T10:57:03.000Z</time>
        <extensions>
          <ns3:TrackPointExtension>
            <ns3:hr>132</ns3:hr>
            <ns3:cad>83</ns3:cad>
          </ns3:TrackPointExtension>
        </extensions>
      </trkpt>
      <trkpt lat="39.97920320369303226470947265625" lon="116.5023502148687839508056640625">
        <ele>36</ele>
        <time>2026-08-20T10:57:04.000Z</time>
        <extensions>
          <ns3:TrackPointExtension>
            <ns3:hr>132</ns3:hr>
            <ns3:cad>83</ns3:cad>
          </ns3:TrackPointExtension>
        </extensions>
      </trkpt>
      <trkpt lat="39.9791796505451202392578125" lon="116.5023438446223735809326171875">
        <ele>36.200000762939453125</ele>
        <time>2026-08-20T10:57:05.000Z</time>
        <extensions>
          <ns3:TrackPointExtension>
            <ns3:hr>133</ns3:hr>
            <ns3:cad>83</ns3:cad>
          </ns3:TrackPointExtension>
        </extensions>
      </trkpt>
      <trkpt lat="39.97916288673877716064453125" lon="116.50234744884073734283447265625">
        <ele>36.200000762939453125</ele>
        <time>2026-08-20T10:57:06.000Z</time>
        <extensions>
          <ns3:TrackPointExtension>
            <ns3:hr>133</ns3:hr>
            <ns3:cad>84</ns3:cad>
          </ns3:TrackPointExtension>
        </extensions>
      </trkpt>
      <trkpt lat="39.97913849540054798126220703125" lon="116.502349711954593658447265625">
        <ele>36.200000762939453125</ele>
        <time>2026-08-20T10:57:07.000Z</time>
        <extensions>
          <ns3:TrackPointExtension>
            <ns3:hr>134</ns3:hr>
            <ns3:cad>86</ns3:cad>
          </ns3:TrackPointExtension>
        </extensions>
      </trkpt>
      <trkpt lat="39.97911703772842884063720703125" lon="116.50234476663172245025634765625">
        <ele>36.200000762939453125</ele>
        <time>2026-08-20T10:57:08.000Z</time>
        <extensions>
          <ns3:TrackPointExtension>
            <ns3:hr>134</ns3:hr>
            <ns3:cad>86</ns3:cad>
          </ns3:TrackPointExtension>
        </extensions>
      </trkpt>
      <trkpt lat="39.97909809462726116180419921875" lon="116.502347029745578765869140625">
        <ele>36</ele>
        <time>2026-08-20T10:57:09.000Z</time>
        <extensions>
          <ns3:TrackPointExtension>
            <ns3:hr>134</ns3:hr>
            <ns3:cad>86</ns3:cad>
          </ns3:TrackPointExtension>
        </extensions>
      </trkpt>
      <trkpt lat="39.97907546348869800567626953125" lon="116.5023461915552616119384765625">
        <ele>36</ele>
        <time>2026-08-20T10:57:10.000Z</time>
        <extensions>
          <ns3:TrackPointExtension>
            <ns3:hr>134</ns3:hr>
            <ns3:cad>86</ns3:cad>
          </ns3:TrackPointExtension>
        </extensions>
      </trkpt>
      <trkpt lat="39.979060627520084381103515625" lon="116.5023498795926570892333984375">
        <ele>36</ele>
        <time>2026-08-20T10:57:11.000Z</time>
        <extensions>
          <ns3:TrackPointExtension>
            <ns3:hr>134</ns3:hr>
            <ns3:cad>86</ns3:cad>
          </ns3:TrackPointExtension>
        </extensions>
      </trkpt>
      <trkpt lat="39.9790353141725063323974609375" lon="116.50235029868781566619873046875">
        <ele>36</ele>
        <time>2026-08-20T10:57:12.000Z</time>
        <extensions>
          <ns3:TrackPointExtension>
            <ns3:hr>135</ns3:hr>
            <ns3:cad>86</ns3:cad>
          </ns3:TrackPointExtension>
        </extensions>
      </trkpt>
      <trkpt lat="39.97901276685297489166259765625" lon="116.502349711954593658447265625">
        <ele>36</ele>
        <time>2026-08-20T10:57:13.000Z</time>
        <extensions>
          <ns3:TrackPointExtension>
            <ns3:hr>134</ns3:hr>
            <ns3:cad>86</ns3:cad>
          </ns3:TrackPointExtension>
        </extensions>
      </trkpt>
      <trkpt lat="39.97899516485631465911865234375" lon="116.50235407054424285888671875">
        <ele>36</ele>
        <time>2026-08-20T10:57:14.000Z</time>
        <extensions>
          <ns3:TrackPointExtension>
            <ns3:hr>134</ns3:hr>
            <ns3:cad>85</ns3:cad>
          </ns3:TrackPointExtension>
        </extensions>
      </trkpt>
      <trkpt lat="39.97897337190806865692138671875" lon="116.5023498795926570892333984375">
        <ele>36</ele>
        <time>2026-08-20T10:57:15.000Z</time>
        <extensions>
          <ns3:TrackPointExtension>
            <ns3:hr>135</ns3:hr>
            <ns3:cad>85</ns3:cad>
          </ns3:TrackPointExtension>
        </extensions>
      </trkpt>
      <trkpt lat="39.97895828448235988616943359375" lon="116.5023532323539257049560546875">
        <ele>36.200000762939453125</ele>
        <time>2026-08-20T10:57:16.000Z</time>
        <extensions>
          <ns3:TrackPointExtension>
            <ns3:hr>134</ns3:hr>
            <ns3:cad>85</ns3:cad>
          </ns3:TrackPointExtension>
        </extensions>
      </trkpt>
      <trkpt lat="39.97893682681024074554443359375" lon="116.50234946049749851226806640625">
        <ele>36.200000762939453125</ele>
        <time>2026-08-20T10:57:17.000Z</time>
        <extensions>
          <ns3:TrackPointExtension>
            <ns3:hr>134</ns3:hr>
            <ns3:cad>84</ns3:cad>
          </ns3:TrackPointExtension>
        </extensions>
      </trkpt>
      <trkpt lat="39.978918135166168212890625" lon="116.5023428387939929962158203125">
        <ele>36.40000152587890625</ele>
        <time>2026-08-20T10:57:18.000Z</time>
        <extensions>
          <ns3:TrackPointExtension>
            <ns3:hr>135</ns3:hr>
            <ns3:cad>84</ns3:cad>
          </ns3:TrackPointExtension>
        </extensions>
      </trkpt>
      <trkpt lat="39.9789018742740154266357421875" lon="116.502341665327548980712890625">
        <ele>36.40000152587890625</ele>
        <time>2026-08-20T10:57:19.000Z</time>
        <extensions>
          <ns3:TrackPointExtension>
            <ns3:hr>135</ns3:hr>
            <ns3:cad>83</ns3:cad>
          </ns3:TrackPointExtension>
        </extensions>
      </trkpt>
      <trkpt lat="39.97887698002159595489501953125" lon="116.502332277595996856689453125">
        <ele>36.40000152587890625</ele>
        <time>2026-08-20T10:57:20.000Z</time>
        <extensions>
          <ns3:TrackPointExtension>
            <ns3:hr>135</ns3:hr>
            <ns3:cad>83</ns3:cad>
          </ns3:TrackPointExtension>
        </extensions>
      </trkpt>
      <trkpt lat="39.97885921038687229156494140625" lon="116.502332277595996856689453125">
        <ele>36.40000152587890625</ele>
        <time>2026-08-20T10:57:21.000Z</time>
        <extensions>
          <ns3:TrackPointExtension>
            <ns3:hr>135</ns3:hr>
            <ns3:cad>83</ns3:cad>
          </ns3:TrackPointExtension>
        </extensions>
      </trkpt>
      <trkpt lat="39.97883674688637256622314453125" lon="116.502330601215362548828125">
        <ele>36.40000152587890625</ele>
        <time>2026-08-20T10:57:22.000Z</time>
        <extensions>
          <ns3:TrackPointExtension>
            <ns3:hr>135</ns3:hr>
            <ns3:cad>83</ns3:cad>
          </ns3:TrackPointExtension>
        </extensions>
      </trkpt>
      <trkpt lat="39.9788160435855388641357421875" lon="116.5023223869502544403076171875">
        <ele>36.40000152587890625</ele>
        <time>2026-08-20T10:57:23.000Z</time>
        <extensions>
          <ns3:TrackPointExtension>
            <ns3:hr>135</ns3:hr>
            <ns3:cad>83</ns3:cad>
          </ns3:TrackPointExtension>
        </extensions>
      </trkpt>
      <trkpt lat="39.9787979386746883392333984375" lon="116.5023203752934932708740234375">
        <ele>36.40000152587890625</ele>
        <time>2026-08-20T10:57:24.000Z</time>
        <extensions>
          <ns3:TrackPointExtension>
            <ns3:hr>136</ns3:hr>
            <ns3:cad>83</ns3:cad>
          </ns3:TrackPointExtension>
        </extensions>
      </trkpt>
      <trkpt lat="39.97877673245966434478759765625" lon="116.502313502132892608642578125">
        <ele>36.40000152587890625</ele>
        <time>2026-08-20T10:57:25.000Z</time>
        <extensions>
          <ns3:TrackPointExtension>
            <ns3:hr>135</ns3:hr>
            <ns3:cad>83</ns3:cad>
          </ns3:TrackPointExtension>
        </extensions>
      </trkpt>
      <trkpt lat="39.9787630699574947357177734375" lon="116.5023129992187023162841796875">
        <ele>36.40000152587890625</ele>
        <time>2026-08-20T10:57:26.000Z</time>
        <extensions>
          <ns3:TrackPointExtension>
            <ns3:hr>135</ns3:hr>
            <ns3:cad>83</ns3:cad>
          </ns3:TrackPointExtension>
        </extensions>
      </trkpt>
      <trkpt lat="39.97873918153345584869384765625" lon="116.502308808267116546630859375">
        <ele>36.40000152587890625</ele>
        <time>2026-08-20T10:57:27.000Z</time>
        <extensions>
          <ns3:TrackPointExtension>
            <ns3:hr>135</ns3:hr>
            <ns3:cad>85</ns3:cad>
          </ns3:TrackPointExtension>
        </extensions>
      </trkpt>
      <trkpt lat="39.978720657527446746826171875" lon="116.5023113228380680084228515625">
        <ele>36.40000152587890625</ele>
        <time>2026-08-20T10:57:28.000Z</time>
        <extensions>
          <ns3:TrackPointExtension>
            <ns3:hr>135</ns3:hr>
            <ns3:cad>86</ns3:cad>
          </ns3:TrackPointExtension>
        </extensions>
      </trkpt>
      <trkpt lat="39.9786990322172641754150390625" lon="116.5023099817335605621337890625">
        <ele>36.40000152587890625</ele>
        <time>2026-08-20T10:57:29.000Z</time>
        <extensions>
          <ns3:TrackPointExtension>
            <ns3:hr>134</ns3:hr>
            <ns3:cad>86</ns3:cad>
          </ns3:TrackPointExtension>
        </extensions>
      </trkpt>
      <trkpt lat="39.978675730526447296142578125" lon="116.50230218656361103057861328125">
        <ele>36.40000152587890625</ele>
        <time>2026-08-20T10:57:30.000Z</time>
        <extensions>
          <ns3:TrackPointExtension>
            <ns3:hr>134</ns3:hr>
            <ns3:cad>86</ns3:cad>
          </ns3:TrackPointExtension>
        </extensions>
      </trkpt>
      <trkpt lat="39.97865997254848480224609375" lon="116.50230310857295989990234375">
        <ele>36.200000762939453125</ele>
        <time>2026-08-20T10:57:31.000Z</time>
        <extensions>
          <ns3:TrackPointExtension>
            <ns3:hr>134</ns3:hr>
            <ns3:cad>85</ns3:cad>
          </ns3:TrackPointExtension>
        </extensions>
      </trkpt>
      <trkpt lat="39.97863859869539737701416015625" lon="116.5023005940020084381103515625">
        <ele>36.200000762939453125</ele>
        <time>2026-08-20T10:57:32.000Z</time>
        <extensions>
          <ns3:TrackPointExtension>
            <ns3:hr>134</ns3:hr>
            <ns3:cad>85</ns3:cad>
          </ns3:TrackPointExtension>
        </extensions>
      </trkpt>
      <trkpt lat="39.9786217510700225830078125" lon="116.50230201892554759979248046875">
        <ele>36.200000762939453125</ele>
        <time>2026-08-20T10:57:33.000Z</time>
        <extensions>
          <ns3:TrackPointExtension>
            <ns3:hr>134</ns3:hr>
            <ns3:cad>84</ns3:cad>
          </ns3:TrackPointExtension>
        </extensions>
      </trkpt>
      <trkpt lat="39.97859987430274486541748046875" lon="116.5022970736026763916015625">
        <ele>36.200000762939453125</ele>
        <time>2026-08-20T10:57:34.000Z</time>
        <extensions>
          <ns3:TrackPointExtension>
            <ns3:hr>135</ns3:hr>
            <ns3:cad>84</ns3:cad>
          </ns3:TrackPointExtension>
        </extensions>
      </trkpt>
      <trkpt lat="39.97858093120157718658447265625" lon="116.5022948943078517913818359375">
        <ele>36.200000762939453125</ele>
        <time>2026-08-20T10:57:35.000Z</time>
        <extensions>
          <ns3:TrackPointExtension>
            <ns3:hr>134</ns3:hr>
            <ns3:cad>84</ns3:cad>
          </ns3:TrackPointExtension>
        </extensions>
      </trkpt>
      <trkpt lat="39.97856450267136096954345703125" lon="116.5022972412407398223876953125">
        <ele>36.40000152587890625</ele>
        <time>2026-08-20T10:57:36.000Z</time>
        <extensions>
          <ns3:TrackPointExtension>
            <ns3:hr>134</ns3:hr>
            <ns3:cad>84</ns3:cad>
          </ns3:TrackPointExtension>
        </extensions>
      </trkpt>
      <trkpt lat="39.97854270972311496734619140625" lon="116.50228894315659999847412109375">
        <ele>36.40000152587890625</ele>
        <time>2026-08-20T10:57:37.000Z</time>
        <extensions>
          <ns3:TrackPointExtension>
            <ns3:hr>134</ns3:hr>
            <ns3:cad>84</ns3:cad>
          </ns3:TrackPointExtension>
        </extensions>
      </trkpt>
      <trkpt lat="39.97852544300258159637451171875" lon="116.50228860788047313690185546875">
        <ele>36.40000152587890625</ele>
        <time>2026-08-20T10:57:38.000Z</time>
        <extensions>
          <ns3:TrackPointExtension>
            <ns3:hr>134</ns3:hr>
            <ns3:cad>84</ns3:cad>
          </ns3:TrackPointExtension>
        </extensions>
      </trkpt>
      <trkpt lat="39.978498704731464385986328125" lon="116.5022824890911579132080078125">
        <ele>36.40000152587890625</ele>
        <time>2026-08-20T10:57:39.000Z</time>
        <extensions>
          <ns3:TrackPointExtension>
            <ns3:hr>134</ns3:hr>
            <ns3:cad>84</ns3:cad>
          </ns3:TrackPointExtension>
        </extensions>
      </trkpt>
      <trkpt lat="39.978476576507091522216796875" lon="116.5022809803485870361328125">
        <ele>36.200000762939453125</ele>
        <time>2026-08-20T10:57:40.000Z</time>
        <extensions>
          <ns3:TrackPointExtension>
            <ns3:hr>134</ns3:hr>
            <ns3:cad>85</ns3:cad>
          </ns3:TrackPointExtension>
        </extensions>
      </trkpt>
      <trkpt lat="39.97845469973981380462646484375" lon="116.50228357873857021331787109375">
        <ele>36.200000762939453125</ele>
        <time>2026-08-20T10:57:41.000Z</time>
        <extensions>
          <ns3:TrackPointExtension>
            <ns3:hr>134</ns3:hr>
            <ns3:cad>85</ns3:cad>
          </ns3:TrackPointExtension>
        </extensions>
      </trkpt>
      <trkpt lat="39.978430978953838348388671875" lon="116.50227419100701808929443359375">
        <ele>36.200000762939453125</ele>
        <time>2026-08-20T10:57:42.000Z</time>
        <extensions>
          <ns3:TrackPointExtension>
            <ns3:hr>134</ns3:hr>
            <ns3:cad>85</ns3:cad>
          </ns3:TrackPointExtension>
        </extensions>
      </trkpt>
      <trkpt lat="39.97841480188071727752685546875" lon="116.5022747777402400970458984375">
        <ele>36.200000762939453125</ele>
        <time>2026-08-20T10:57:43.000Z</time>
        <extensions>
          <ns3:TrackPointExtension>
            <ns3:hr>134</ns3:hr>
            <ns3:cad>85</ns3:cad>
          </ns3:TrackPointExtension>
        </extensions>
      </trkpt>
      <trkpt lat="39.97839200310409069061279296875" lon="116.502262540161609649658203125">
        <ele>36.200000762939453125</ele>
        <time>2026-08-20T10:57:44.000Z</time>
        <extensions>
          <ns3:TrackPointExtension>
            <ns3:hr>134</ns3:hr>
            <ns3:cad>85</ns3:cad>
          </ns3:TrackPointExtension>
        </extensions>
      </trkpt>
      <trkpt lat="39.97837708331644535064697265625" lon="116.5022573433816432952880859375">
        <ele>36.40000152587890625</ele>
        <time>2026-08-20T10:57:45.000Z</time>
        <extensions>
          <ns3:TrackPointExtension>
            <ns3:hr>134</ns3:hr>
            <ns3:cad>85</ns3:cad>
          </ns3:TrackPointExtension>
        </extensions>
      </trkpt>
      <trkpt lat="39.97835679911077022552490234375" lon="116.5022543258965015411376953125">
        <ele>36.40000152587890625</ele>
        <time>2026-08-20T10:57:46.000Z</time>
        <extensions>
          <ns3:TrackPointExtension>
            <ns3:hr>134</ns3:hr>
            <ns3:cad>85</ns3:cad>
          </ns3:TrackPointExtension>
        </extensions>
      </trkpt>
      <trkpt lat="39.97833584435284137725830078125" lon="116.50224854238331317901611328125">
        <ele>36.40000152587890625</ele>
        <time>2026-08-20T10:57:47.000Z</time>
        <extensions>
          <ns3:TrackPointExtension>
            <ns3:hr>134</ns3:hr>
            <ns3:cad>86</ns3:cad>
          </ns3:TrackPointExtension>
        </extensions>
      </trkpt>
      <trkpt lat="39.97831824235618114471435546875" lon="116.50225021876394748687744140625">
        <ele>36.40000152587890625</ele>
        <time>2026-08-20T10:57:48.000Z</time>
        <extensions>
          <ns3:TrackPointExtension>
            <ns3:hr>134</ns3:hr>
            <ns3:cad>85</ns3:cad>
          </ns3:TrackPointExtension>
        </extensions>
      </trkpt>
      <trkpt lat="39.97829519212245941162109375" lon="116.50224409997463226318359375">
        <ele>36.40000152587890625</ele>
        <time>2026-08-20T10:57:49.000Z</time>
        <extensions>
          <ns3:TrackPointExtension>
            <ns3:hr>134</ns3:hr>
            <ns3:cad>85</ns3:cad>
          </ns3:TrackPointExtension>
        </extensions>
      </trkpt>
      <trkpt lat="39.97828043997287750244140625" lon="116.502244435250759124755859375">
        <ele>36.40000152587890625</ele>
        <time>2026-08-20T10:57:50.000Z</time>
        <extensions>
          <ns3:TrackPointExtension>
            <ns3:hr>134</ns3:hr>
            <ns3:cad>85</ns3:cad>
          </ns3:TrackPointExtension>
        </extensions>
      </trkpt>
      <trkpt lat="39.97825571335852146148681640625" lon="116.5022348798811435699462890625">
        <ele>36.40000152587890625</ele>
        <time>2026-08-20T10:57:51.000Z</time>
        <extensions>
          <ns3:TrackPointExtension>
            <ns3:hr>134</ns3:hr>
            <ns3:cad>84</ns3:cad>
          </ns3:TrackPointExtension>
        </extensions>
      </trkpt>
      <trkpt lat="39.97823643498122692108154296875" lon="116.50223278440535068511962890625">
        <ele>36.40000152587890625</ele>
        <time>2026-08-20T10:57:52.000Z</time>
        <extensions>
          <ns3:TrackPointExtension>
            <ns3:hr>134</ns3:hr>
            <ns3:cad>84</ns3:cad>
          </ns3:TrackPointExtension>
        </extensions>
      </trkpt>
      <trkpt lat="39.9782145582139492034912109375" lon="116.50222976692020893096923828125">
        <ele>36.40000152587890625</ele>
        <time>2026-08-20T10:57:53.000Z</time>
        <extensions>
          <ns3:TrackPointExtension>
            <ns3:hr>134</ns3:hr>
            <ns3:cad>84</ns3:cad>
          </ns3:TrackPointExtension>
        </extensions>
      </trkpt>
      <trkpt lat="39.978188574314117431640625" lon="116.502221636474132537841796875">
        <ele>36.40000152587890625</ele>
        <time>2026-08-20T10:57:54.000Z</time>
        <extensions>
          <ns3:TrackPointExtension>
            <ns3:hr>134</ns3:hr>
            <ns3:cad>85</ns3:cad>
          </ns3:TrackPointExtension>
        </extensions>
      </trkpt>
      <trkpt lat="39.97817155905067920684814453125" lon="116.5022221393883228302001953125">
        <ele>36.40000152587890625</ele>
        <time>2026-08-20T10:57:55.000Z</time>
        <extensions>
          <ns3:TrackPointExtension>
            <ns3:hr>134</ns3:hr>
            <ns3:cad>85</ns3:cad>
          </ns3:TrackPointExtension>
        </extensions>
      </trkpt>
      <trkpt lat="39.97814808972179889678955078125" lon="116.50221987627446651458740234375">
        <ele>36.59999847412109375</ele>
        <time>2026-08-20T10:57:56.000Z</time>
        <extensions>
          <ns3:TrackPointExtension>
            <ns3:hr>134</ns3:hr>
            <ns3:cad>85</ns3:cad>
          </ns3:TrackPointExtension>
        </extensions>
      </trkpt>
      <trkpt lat="39.9781354330480098724365234375" lon="116.50222264230251312255859375">
        <ele>36.59999847412109375</ele>
        <time>2026-08-20T10:57:57.000Z</time>
        <extensions>
          <ns3:TrackPointExtension>
            <ns3:hr>134</ns3:hr>
            <ns3:cad>85</ns3:cad>
          </ns3:TrackPointExtension>
        </extensions>
      </trkpt>
      <trkpt lat="39.9781121313571929931640625" lon="116.5022238157689571380615234375">
        <ele>36.59999847412109375</ele>
        <time>2026-08-20T10:57:58.000Z</time>
        <extensions>
          <ns3:TrackPointExtension>
            <ns3:hr>134</ns3:hr>
            <ns3:cad>85</ns3:cad>
          </ns3:TrackPointExtension>
        </extensions>
      </trkpt>
      <trkpt lat="39.97809536755084991455078125" lon="116.5022192895412445068359375">
        <ele>36.59999847412109375</ele>
        <time>2026-08-20T10:57:59.000Z</time>
        <extensions>
          <ns3:TrackPointExtension>
            <ns3:hr>135</ns3:hr>
            <ns3:cad>85</ns3:cad>
          </ns3:TrackPointExtension>
        </extensions>
      </trkpt>
      <trkpt lat="39.97807600535452365875244140625" lon="116.50221719406545162200927734375">
        <ele>36.59999847412109375</ele>
        <time>2026-08-20T10:58:00.000Z</time>
        <extensions>
          <ns3:TrackPointExtension>
            <ns3:hr>134</ns3:hr>
            <ns3:cad>85</ns3:cad>
          </ns3:TrackPointExtension>
        </extensions>
      </trkpt>
      <trkpt lat="39.9780532903969287872314453125" lon="116.502212248742580413818359375">
        <ele>36.59999847412109375</ele>
        <time>2026-08-20T10:58:01.000Z</time>
        <extensions>
          <ns3:TrackPointExtension>
            <ns3:hr>135</ns3:hr>
            <ns3:cad>86</ns3:cad>
          </ns3:TrackPointExtension>
        </extensions>
      </trkpt>
      <trkpt lat="39.97803946025669574737548828125" lon="116.50221417658030986785888671875">
        <ele>36.59999847412109375</ele>
        <time>2026-08-20T10:58:02.000Z</time>
        <extensions>
          <ns3:TrackPointExtension>
            <ns3:hr>135</ns3:hr>
            <ns3:cad>86</ns3:cad>
          </ns3:TrackPointExtension>
        </extensions>
      </trkpt>
      <trkpt lat="39.97801448218524456024169921875" lon="116.50220847688615322113037109375">
        <ele>36.59999847412109375</ele>
        <time>2026-08-20T10:58:03.000Z</time>
        <extensions>
          <ns3:TrackPointExtension>
            <ns3:hr>135</ns3:hr>
            <ns3:cad>86</ns3:cad>
          </ns3:TrackPointExtension>
        </extensions>
      </trkpt>
      <trkpt lat="39.9779949523508548736572265625" lon="116.502206884324550628662109375">
        <ele>36.59999847412109375</ele>
        <time>2026-08-20T10:58:04.000Z</time>
        <extensions>
          <ns3:TrackPointExtension>
            <ns3:hr>134</ns3:hr>
            <ns3:cad>86</ns3:cad>
          </ns3:TrackPointExtension>
        </extensions>
      </trkpt>
      <trkpt lat="39.97797408141195774078369140625" lon="116.50220252573490142822265625">
        <ele>36.59999847412109375</ele>
        <time>2026-08-20T10:58:05.000Z</time>
        <extensions>
          <ns3:TrackPointExtension>
            <ns3:hr>135</ns3:hr>
            <ns3:cad>85</ns3:cad>
          </ns3:TrackPointExtension>
        </extensions>
      </trkpt>
      <trkpt lat="39.977952875196933746337890625" lon="116.502192132174968719482421875">
        <ele>36.40000152587890625</ele>
        <time>2026-08-20T10:58:06.000Z</time>
        <extensions>
          <ns3:TrackPointExtension>
            <ns3:hr>135</ns3:hr>
            <ns3:cad>85</ns3:cad>
          </ns3:TrackPointExtension>
        </extensions>
      </trkpt>
      <trkpt lat="39.9779369495809078216552734375" lon="116.50219188071787357330322265625">
        <ele>36.40000152587890625</ele>
        <time>2026-08-20T10:58:07.000Z</time>
        <extensions>
          <ns3:TrackPointExtension>
            <ns3:hr>134</ns3:hr>
            <ns3:cad>84</ns3:cad>
          </ns3:TrackPointExtension>
        </extensions>
      </trkpt>
      <trkpt lat="39.97791104950010776519775390625" lon="116.50218148715794086456298828125">
        <ele>36.40000152587890625</ele>
        <time>2026-08-20T10:58:08.000Z</time>
        <extensions>
          <ns3:TrackPointExtension>
            <ns3:hr>134</ns3:hr>
            <ns3:cad>84</ns3:cad>
          </ns3:TrackPointExtension>
        </extensions>
      </trkpt>
      <trkpt lat="39.977890513837337493896484375" lon="116.502181403338909149169921875">
        <ele>36.59999847412109375</ele>
        <time>2026-08-20T10:58:09.000Z</time>
        <extensions>
          <ns3:TrackPointExtension>
            <ns3:hr>134</ns3:hr>
            <ns3:cad>84</ns3:cad>
          </ns3:TrackPointExtension>
        </extensions>
      </trkpt>
      <trkpt lat="39.97786981053650379180908203125" lon="116.502181403338909149169921875">
        <ele>36.59999847412109375</ele>
        <time>2026-08-20T10:58:10.000Z</time>
        <extensions>
          <ns3:TrackPointExtension>
            <ns3:hr>134</ns3:hr>
            <ns3:cad>84</ns3:cad>
          </ns3:TrackPointExtension>
        </extensions>
      </trkpt>
      <trkpt lat="39.97784801758825778961181640625" lon="116.5021752007305622100830078125">
        <ele>36.59999847412109375</ele>
        <time>2026-08-20T10:58:11.000Z</time>
        <extensions>
          <ns3:TrackPointExtension>
            <ns3:hr>134</ns3:hr>
            <ns3:cad>84</ns3:cad>
          </ns3:TrackPointExtension>
        </extensions>
      </trkpt>
      <trkpt lat="39.97783075086772441864013671875" lon="116.5021782182157039642333984375">
        <ele>36.59999847412109375</ele>
        <time>2026-08-20T10:58:12.000Z</time>
        <extensions>
          <ns3:TrackPointExtension>
            <ns3:hr>134</ns3:hr>
            <ns3:cad>84</ns3:cad>
          </ns3:TrackPointExtension>
        </extensions>
      </trkpt>
      <trkpt lat="39.97780443169176578521728515625" lon="116.50217528454959392547607421875">
        <ele>36.59999847412109375</ele>
        <time>2026-08-20T10:58:13.000Z</time>
        <extensions>
          <ns3:TrackPointExtension>
            <ns3:hr>133</ns3:hr>
            <ns3:cad>84</ns3:cad>
          </ns3:TrackPointExtension>
        </extensions>
      </trkpt>
      <trkpt lat="39.977782554924488067626953125" lon="116.50217344053089618682861328125">
        <ele>36.59999847412109375</ele>
        <time>2026-08-20T10:58:14.000Z</time>
        <extensions>
          <ns3:TrackPointExtension>
            <ns3:hr>133</ns3:hr>
            <ns3:cad>83</ns3:cad>
          </ns3:TrackPointExtension>
        </extensions>
      </trkpt>
      <trkpt lat="39.97776302509009838104248046875" lon="116.50217276997864246368408203125">
        <ele>36.59999847412109375</ele>
        <time>2026-08-20T10:58:15.000Z</time>
        <extensions>
          <ns3:TrackPointExtension>
            <ns3:hr>133</ns3:hr>
            <ns3:cad>83</ns3:cad>
          </ns3:TrackPointExtension>
        </extensions>
      </trkpt>
      <trkpt lat="39.9777418188750743865966796875" lon="116.50216405279934406280517578125">
        <ele>36.59999847412109375</ele>
        <time>2026-08-20T10:58:16.000Z</time>
        <extensions>
          <ns3:TrackPointExtension>
            <ns3:hr>133</ns3:hr>
            <ns3:cad>83</ns3:cad>
          </ns3:TrackPointExtension>
        </extensions>
      </trkpt>
      <trkpt lat="39.9777277372777462005615234375" lon="116.50216765701770782470703125">
        <ele>36.59999847412109375</ele>
        <time>2026-08-20T10:58:17.000Z</time>
        <extensions>
          <ns3:TrackPointExtension>
            <ns3:hr>132</ns3:hr>
            <ns3:cad>83</ns3:cad>
          </ns3:TrackPointExtension>
        </extensions>
      </trkpt>
      <trkpt lat="39.97770301066339015960693359375" lon="116.50216204114258289337158203125">
        <ele>36.40000152587890625</ele>
        <time>2026-08-20T10:58:18.000Z</time>
        <extensions>
          <ns3:TrackPointExtension>
            <ns3:hr>133</ns3:hr>
            <ns3:cad>83</ns3:cad>
          </ns3:TrackPointExtension>
        </extensions>
      </trkpt>
      <trkpt lat="39.97768457047641277313232421875" lon="116.50216019712388515472412109375">
        <ele>36.40000152587890625</ele>
        <time>2026-08-20T10:58:19.000Z</time>
        <extensions>
          <ns3:TrackPointExtension>
            <ns3:hr>133</ns3:hr>
            <ns3:cad>83</ns3:cad>
          </ns3:TrackPointExtension>
        </extensions>
      </trkpt>
      <trkpt lat="39.97766110114753246307373046875" lon="116.50215885601937770843505859375">
        <ele>36.40000152587890625</ele>
        <time>2026-08-20T10:58:20.000Z</time>
        <extensions>
          <ns3:TrackPointExtension>
            <ns3:hr>133</ns3:hr>
            <ns3:cad>84</ns3:cad>
          </ns3:TrackPointExtension>
        </extensions>
      </trkpt>
      <trkpt lat="39.97764115221798419952392578125" lon="116.502159945666790008544921875">
        <ele>36.40000152587890625</ele>
        <time>2026-08-20T10:58:21.000Z</time>
        <extensions>
          <ns3:TrackPointExtension>
            <ns3:hr>132</ns3:hr>
            <ns3:cad>85</ns3:cad>
          </ns3:TrackPointExtension>
        </extensions>
      </trkpt>
      <trkpt lat="39.97762137092649936676025390625" lon="116.50215785019099712371826171875">
        <ele>36.40000152587890625</ele>
        <time>2026-08-20T10:58:22.000Z</time>
        <extensions>
          <ns3:TrackPointExtension>
            <ns3:hr>133</ns3:hr>
            <ns3:cad>85</ns3:cad>
          </ns3:TrackPointExtension>
        </extensions>
      </trkpt>
      <trkpt lat="39.97759857214987277984619140625" lon="116.5021527372300624847412109375">
        <ele>36.40000152587890625</ele>
        <time>2026-08-20T10:58:23.000Z</time>
        <extensions>
          <ns3:TrackPointExtension>
            <ns3:hr>133</ns3:hr>
            <ns3:cad>85</ns3:cad>
          </ns3:TrackPointExtension>
        </extensions>
      </trkpt>
      <trkpt lat="39.97758147306740283966064453125" lon="116.5021557547152042388916015625">
        <ele>36.40000152587890625</ele>
        <time>2026-08-20T10:58:24.000Z</time>
        <extensions>
          <ns3:TrackPointExtension>
            <ns3:hr>133</ns3:hr>
            <ns3:cad>85</ns3:cad>
          </ns3:TrackPointExtension>
        </extensions>
      </trkpt>
      <trkpt lat="39.9775550700724124908447265625" lon="116.50215399451553821563720703125">
        <ele>36.40000152587890625</ele>
        <time>2026-08-20T10:58:25.000Z</time>
        <extensions>
          <ns3:TrackPointExtension>
            <ns3:hr>132</ns3:hr>
            <ns3:cad>85</ns3:cad>
          </ns3:TrackPointExtension>
        </extensions>
      </trkpt>
      <trkpt lat="39.97753554023802280426025390625" lon="116.50215432979166507720947265625">
        <ele>36.40000152587890625</ele>
        <time>2026-08-20T10:58:26.000Z</time>
        <extensions>
          <ns3:TrackPointExtension>
            <ns3:hr>133</ns3:hr>
            <ns3:cad>85</ns3:cad>
          </ns3:TrackPointExtension>
        </extensions>
      </trkpt>
      <trkpt lat="39.97751357965171337127685546875" lon="116.5021550841629505157470703125">
        <ele>36.200000762939453125</ele>
        <time>2026-08-20T10:58:27.000Z</time>
        <extensions>
          <ns3:TrackPointExtension>
            <ns3:hr>133</ns3:hr>
            <ns3:cad>86</ns3:cad>
          </ns3:TrackPointExtension>
        </extensions>
      </trkpt>
      <trkpt lat="39.97749279253184795379638671875" lon="116.50215282104909420013427734375">
        <ele>36.200000762939453125</ele>
        <time>2026-08-20T10:58:28.000Z</time>
        <extensions>
          <ns3:TrackPointExtension>
            <ns3:hr>132</ns3:hr>
            <ns3:cad>86</ns3:cad>
          </ns3:TrackPointExtension>
        </extensions>
      </trkpt>
      <trkpt lat="39.9774732626974582672119140625" lon="116.502154581248760223388671875">
        <ele>36.200000762939453125</ele>
        <time>2026-08-20T10:58:29.000Z</time>
        <extensions>
          <ns3:TrackPointExtension>
            <ns3:hr>133</ns3:hr>
            <ns3:cad>85</ns3:cad>
          </ns3:TrackPointExtension>
        </extensions>
      </trkpt>
      <trkpt lat="39.97744920663535594940185546875" lon="116.50214762426912784576416015625">
        <ele>36.200000762939453125</ele>
        <time>2026-08-20T10:58:30.000Z</time>
        <extensions>
          <ns3:TrackPointExtension>
            <ns3:hr>133</ns3:hr>
            <ns3:cad>85</ns3:cad>
          </ns3:TrackPointExtension>
        </extensions>
      </trkpt>
      <trkpt lat="39.977432526648044586181640625" lon="116.50214963592588901519775390625">
        <ele>36.200000762939453125</ele>
        <time>2026-08-20T10:58:31.000Z</time>
        <extensions>
          <ns3:TrackPointExtension>
            <ns3:hr>132</ns3:hr>
            <ns3:cad>85</ns3:cad>
          </ns3:TrackPointExtension>
        </extensions>
      </trkpt>
      <trkpt lat="39.97740872204303741455078125" lon="116.50215349160134792327880859375">
        <ele>36.200000762939453125</ele>
        <time>2026-08-20T10:58:32.000Z</time>
        <extensions>
          <ns3:TrackPointExtension>
            <ns3:hr>133</ns3:hr>
            <ns3:cad>84</ns3:cad>
          </ns3:TrackPointExtension>
        </extensions>
      </trkpt>
      <trkpt lat="39.97738768346607685089111328125" lon="116.50215265341103076934814453125">
        <ele>36.200000762939453125</ele>
        <time>2026-08-20T10:58:33.000Z</time>
        <extensions>
          <ns3:TrackPointExtension>
            <ns3:hr>133</ns3:hr>
            <ns3:cad>84</ns3:cad>
          </ns3:TrackPointExtension>
        </extensions>
      </trkpt>
      <trkpt lat="39.9773706682026386260986328125" lon="116.50214879773557186126708984375">
        <ele>36.200000762939453125</ele>
        <time>2026-08-20T10:58:34.000Z</time>
        <extensions>
          <ns3:TrackPointExtension>
            <ns3:hr>133</ns3:hr>
            <ns3:cad>85</ns3:cad>
          </ns3:TrackPointExtension>
        </extensions>
      </trkpt>
      <trkpt lat="39.97734560631215572357177734375" lon="116.502145864069461822509765625">
        <ele>36.200000762939453125</ele>
        <time>2026-08-20T10:58:35.000Z</time>
        <extensions>
          <ns3:TrackPointExtension>
            <ns3:hr>132</ns3:hr>
            <ns3:cad>85</ns3:cad>
          </ns3:TrackPointExtension>
        </extensions>
      </trkpt>
      <trkpt lat="39.97732934542000293731689453125" lon="116.50214494206011295318603515625">
        <ele>36.200000762939453125</ele>
        <time>2026-08-20T10:58:36.000Z</time>
        <extensions>
          <ns3:TrackPointExtension>
            <ns3:hr>133</ns3:hr>
            <ns3:cad>85</ns3:cad>
          </ns3:TrackPointExtension>
        </extensions>
      </trkpt>
      <trkpt lat="39.97730411589145660400390625" lon="116.50214217603206634521484375">
        <ele>36.200000762939453125</ele>
        <time>2026-08-20T10:58:37.000Z</time>
        <extensions>
          <ns3:TrackPointExtension>
            <ns3:hr>133</ns3:hr>
            <ns3:cad>85</ns3:cad>
          </ns3:TrackPointExtension>
        </extensions>
      </trkpt>
      <trkpt lat="39.97728190384805202484130859375" lon="116.5021420083940029144287109375">
        <ele>36</ele>
        <time>2026-08-20T10:58:38.000Z</time>
        <extensions>
          <ns3:TrackPointExtension>
            <ns3:hr>133</ns3:hr>
            <ns3:cad>85</ns3:cad>
          </ns3:TrackPointExtension>
        </extensions>
      </trkpt>
      <trkpt lat="39.97726522386074066162109375" lon="116.50214460678398609161376953125">
        <ele>36</ele>
        <time>2026-08-20T10:58:39.000Z</time>
        <extensions>
          <ns3:TrackPointExtension>
            <ns3:hr>133</ns3:hr>
            <ns3:cad>83</ns3:cad>
          </ns3:TrackPointExtension>
        </extensions>
      </trkpt>
      <trkpt lat="39.9772399105131626129150390625" lon="116.50214016437530517578125">
        <ele>36.200000762939453125</ele>
        <time>2026-08-20T10:58:40.000Z</time>
        <extensions>
          <ns3:TrackPointExtension>
            <ns3:hr>133</ns3:hr>
            <ns3:cad>83</ns3:cad>
          </ns3:TrackPointExtension>
        </extensions>
      </trkpt>
      <trkpt lat="39.97722155414521694183349609375" lon="116.50213974528014659881591796875">
        <ele>36.200000762939453125</ele>
        <time>2026-08-20T10:58:41.000Z</time>
        <extensions>
          <ns3:TrackPointExtension>
            <ns3:hr>133</ns3:hr>
            <ns3:cad>84</ns3:cad>
          </ns3:TrackPointExtension>
        </extensions>
      </trkpt>
      <trkpt lat="39.977197833359241485595703125" lon="116.50214108638465404510498046875">
        <ele>36.200000762939453125</ele>
        <time>2026-08-20T10:58:42.000Z</time>
        <extensions>
          <ns3:TrackPointExtension>
            <ns3:hr>133</ns3:hr>
            <ns3:cad>84</ns3:cad>
          </ns3:TrackPointExtension>
        </extensions>
      </trkpt>
      <trkpt lat="39.977176375687122344970703125" lon="116.502139829099178314208984375">
        <ele>36.200000762939453125</ele>
        <time>2026-08-20T10:58:43.000Z</time>
        <extensions>
          <ns3:TrackPointExtension>
            <ns3:hr>133</ns3:hr>
            <ns3:cad>84</ns3:cad>
          </ns3:TrackPointExtension>
        </extensions>
      </trkpt>
      <trkpt lat="39.977161623537540435791015625" lon="116.5021450258791446685791015625">
        <ele>36</ele>
        <time>2026-08-20T10:58:44.000Z</time>
        <extensions>
          <ns3:TrackPointExtension>
            <ns3:hr>133</ns3:hr>
            <ns3:cad>84</ns3:cad>
          </ns3:TrackPointExtension>
        </extensions>
      </trkpt>
      <trkpt lat="39.977140165865421295166015625" lon="116.502160616219043731689453125">
        <ele>36</ele>
        <time>2026-08-20T10:58:45.000Z</time>
        <extensions>
          <ns3:TrackPointExtension>
            <ns3:hr>133</ns3:hr>
            <ns3:cad>83</ns3:cad>
          </ns3:TrackPointExtension>
        </extensions>
      </trkpt>
      <trkpt lat="39.97712113894522190093994140625" lon="116.5021664835512638092041015625">
        <ele>36</ele>
        <time>2026-08-20T10:58:46.000Z</time>
        <extensions>
          <ns3:TrackPointExtension>
            <ns3:hr>134</ns3:hr>
            <ns3:cad>82</ns3:cad>
          </ns3:TrackPointExtension>
        </extensions>
      </trkpt>
      <trkpt lat="39.97710403986275196075439453125" lon="116.50216556154191493988037109375">
        <ele>36</ele>
        <time>2026-08-20T10:58:47.000Z</time>
        <extensions>
          <ns3:TrackPointExtension>
            <ns3:hr>134</ns3:hr>
            <ns3:cad>82</ns3:cad>
          </ns3:TrackPointExtension>
        </extensions>
      </trkpt>
      <trkpt lat="39.9770803190767765045166015625" lon="116.502158604562282562255859375">
        <ele>36</ele>
        <time>2026-08-20T10:58:48.000Z</time>
        <extensions>
          <ns3:TrackPointExtension>
            <ns3:hr>134</ns3:hr>
            <ns3:cad>83</ns3:cad>
          </ns3:TrackPointExtension>
        </extensions>
      </trkpt>
      <trkpt lat="39.97705936431884765625" lon="116.502157263457775115966796875">
        <ele>36</ele>
        <time>2026-08-20T10:58:49.000Z</time>
        <extensions>
          <ns3:TrackPointExtension>
            <ns3:hr>134</ns3:hr>
            <ns3:cad>83</ns3:cad>
          </ns3:TrackPointExtension>
        </extensions>
      </trkpt>
      <trkpt lat="39.9770347215235233306884765625" lon="116.50215416215360164642333984375">
        <ele>36</ele>
        <time>2026-08-20T10:58:50.000Z</time>
        <extensions>
          <ns3:TrackPointExtension>
            <ns3:hr>133</ns3:hr>
            <ns3:cad>83</ns3:cad>
          </ns3:TrackPointExtension>
        </extensions>
      </trkpt>
      <trkpt lat="39.97700999490916728973388671875" lon="116.502149216830730438232421875">
        <ele>36</ele>
        <time>2026-08-20T10:58:51.000Z</time>
        <extensions>
          <ns3:TrackPointExtension>
            <ns3:hr>134</ns3:hr>
            <ns3:cad>83</ns3:cad>
          </ns3:TrackPointExtension>
        </extensions>
      </trkpt>
      <trkpt lat="39.9769911356270313262939453125" lon="116.502149216830730438232421875">
        <ele>36</ele>
        <time>2026-08-20T10:58:52.000Z</time>
        <extensions>
          <ns3:TrackPointExtension>
            <ns3:hr>134</ns3:hr>
            <ns3:cad>82</ns3:cad>
          </ns3:TrackPointExtension>
        </extensions>
      </trkpt>
      <trkpt lat="39.97696816921234130859375" lon="116.502143852412700653076171875">
        <ele>35.799999237060546875</ele>
        <time>2026-08-20T10:58:53.000Z</time>
        <extensions>
          <ns3:TrackPointExtension>
            <ns3:hr>133</ns3:hr>
            <ns3:cad>82</ns3:cad>
          </ns3:TrackPointExtension>
        </extensions>
      </trkpt>
      <trkpt lat="39.9769492261111736297607421875" lon="116.50214376859366893768310546875">
        <ele>35.799999237060546875</ele>
        <time>2026-08-20T10:58:54.000Z</time>
        <extensions>
          <ns3:TrackPointExtension>
            <ns3:hr>134</ns3:hr>
            <ns3:cad>85</ns3:cad>
          </ns3:TrackPointExtension>
        </extensions>
      </trkpt>
      <trkpt lat="39.97692634351551532745361328125" lon="116.5021443553268909454345703125">
        <ele>35.799999237060546875</ele>
        <time>2026-08-20T10:58:55.000Z</time>
        <extensions>
          <ns3:TrackPointExtension>
            <ns3:hr>134</ns3:hr>
            <ns3:cad>85</ns3:cad>
          </ns3:TrackPointExtension>
        </extensions>
      </trkpt>
      <trkpt lat="39.97690522111952304840087890625" lon="116.502143181860446929931640625">
        <ele>35.799999237060546875</ele>
        <time>2026-08-20T10:58:56.000Z</time>
        <extensions>
          <ns3:TrackPointExtension>
            <ns3:hr>133</ns3:hr>
            <ns3:cad>85</ns3:cad>
          </ns3:TrackPointExtension>
        </extensions>
      </trkpt>
      <trkpt lat="39.97688896022737026214599609375" lon="116.50214443914592266082763671875">
        <ele>35.799999237060546875</ele>
        <time>2026-08-20T10:58:57.000Z</time>
        <extensions>
          <ns3:TrackPointExtension>
            <ns3:hr>134</ns3:hr>
            <ns3:cad>85</ns3:cad>
          </ns3:TrackPointExtension>
        </extensions>
      </trkpt>
      <trkpt lat="39.976869262754917144775390625" lon="116.50212608277797698974609375">
        <ele>35.799999237060546875</ele>
        <time>2026-08-20T10:58:58.000Z</time>
        <extensions>
          <ns3:TrackPointExtension>
            <ns3:hr>134</ns3:hr>
            <ns3:cad>84</ns3:cad>
          </ns3:TrackPointExtension>
        </extensions>
      </trkpt>
      <trkpt lat="39.9768513254821300506591796875" lon="116.50211535394191741943359375">
        <ele>35.799999237060546875</ele>
        <time>2026-08-20T10:58:59.000Z</time>
        <extensions>
          <ns3:TrackPointExtension>
            <ns3:hr>134</ns3:hr>
            <ns3:cad>83</ns3:cad>
          </ns3:TrackPointExtension>
        </extensions>
      </trkpt>
      <trkpt lat="39.9768315441906452178955078125" lon="116.50210403837263584136962890625">
        <ele>35.799999237060546875</ele>
        <time>2026-08-20T10:59:00.000Z</time>
        <extensions>
          <ns3:TrackPointExtension>
            <ns3:hr>133</ns3:hr>
            <ns3:cad>83</ns3:cad>
          </ns3:TrackPointExtension>
        </extensions>
      </trkpt>
      <trkpt lat="39.97680723667144775390625" lon="116.50208475999534130096435546875">
        <ele>35.799999237060546875</ele>
        <time>2026-08-20T10:59:01.000Z</time>
        <extensions>
          <ns3:TrackPointExtension>
            <ns3:hr>134</ns3:hr>
            <ns3:cad>83</ns3:cad>
          </ns3:TrackPointExtension>
        </extensions>
      </trkpt>
      <trkpt lat="39.976786784827709197998046875" lon="116.50207512080669403076171875">
        <ele>35.799999237060546875</ele>
        <time>2026-08-20T10:59:02.000Z</time>
        <extensions>
          <ns3:TrackPointExtension>
            <ns3:hr>134</ns3:hr>
            <ns3:cad>83</ns3:cad>
          </ns3:TrackPointExtension>
        </extensions>
      </trkpt>
      <trkpt lat="39.976762644946575164794921875" lon="116.5020565129816532135009765625">
        <ele>35.799999237060546875</ele>
        <time>2026-08-20T10:59:03.000Z</time>
        <extensions>
          <ns3:TrackPointExtension>
            <ns3:hr>134</ns3:hr>
            <ns3:cad>83</ns3:cad>
          </ns3:TrackPointExtension>
        </extensions>
      </trkpt>
      <trkpt lat="39.97674127109348773956298828125" lon="116.502042599022388458251953125">
        <ele>35.799999237060546875</ele>
        <time>2026-08-20T10:59:04.000Z</time>
        <extensions>
          <ns3:TrackPointExtension>
            <ns3:hr>133</ns3:hr>
            <ns3:cad>83</ns3:cad>
          </ns3:TrackPointExtension>
        </extensions>
      </trkpt>
      <trkpt lat="39.97671796940267086029052734375" lon="116.5020327083766460418701171875">
        <ele>35.799999237060546875</ele>
        <time>2026-08-20T10:59:05.000Z</time>
        <extensions>
          <ns3:TrackPointExtension>
            <ns3:hr>134</ns3:hr>
            <ns3:cad>83</ns3:cad>
          </ns3:TrackPointExtension>
        </extensions>
      </trkpt>
      <trkpt lat="39.9766959249973297119140625" lon="116.5020213089883327484130859375">
        <ele>35.799999237060546875</ele>
        <time>2026-08-20T10:59:06.000Z</time>
        <extensions>
          <ns3:TrackPointExtension>
            <ns3:hr>134</ns3:hr>
            <ns3:cad>83</ns3:cad>
          </ns3:TrackPointExtension>
        </extensions>
      </trkpt>
      <trkpt lat="39.976676814258098602294921875" lon="116.5020146034657955169677734375">
        <ele>35.799999237060546875</ele>
        <time>2026-08-20T10:59:07.000Z</time>
        <extensions>
          <ns3:TrackPointExtension>
            <ns3:hr>134</ns3:hr>
            <ns3:cad>84</ns3:cad>
          </ns3:TrackPointExtension>
        </extensions>
      </trkpt>
      <trkpt lat="39.97665292583405971527099609375" lon="116.50200010277330875396728515625">
        <ele>35.799999237060546875</ele>
        <time>2026-08-20T10:59:08.000Z</time>
        <extensions>
          <ns3:TrackPointExtension>
            <ns3:hr>134</ns3:hr>
            <ns3:cad>84</ns3:cad>
          </ns3:TrackPointExtension>
        </extensions>
      </trkpt>
      <trkpt lat="39.9766330607235431671142578125" lon="116.5019993484020233154296875">
        <ele>35.799999237060546875</ele>
        <time>2026-08-20T10:59:09.000Z</time>
        <extensions>
          <ns3:TrackPointExtension>
            <ns3:hr>134</ns3:hr>
            <ns3:cad>84</ns3:cad>
          </ns3:TrackPointExtension>
        </extensions>
      </trkpt>
      <trkpt lat="39.976606406271457672119140625" lon="116.50199322961270809173583984375">
        <ele>35.799999237060546875</ele>
        <time>2026-08-20T10:59:10.000Z</time>
        <extensions>
          <ns3:TrackPointExtension>
            <ns3:hr>134</ns3:hr>
            <ns3:cad>84</ns3:cad>
          </ns3:TrackPointExtension>
        </extensions>
      </trkpt>
      <trkpt lat="39.97658821754157543182373046875" lon="116.501992642879486083984375">
        <ele>35.799999237060546875</ele>
        <time>2026-08-20T10:59:11.000Z</time>
        <extensions>
          <ns3:TrackPointExtension>
            <ns3:hr>134</ns3:hr>
            <ns3:cad>84</ns3:cad>
          </ns3:TrackPointExtension>
        </extensions>
      </trkpt>
      <trkpt lat="39.9765663407742977142333984375" lon="116.50199121795594692230224609375">
        <ele>35.799999237060546875</ele>
        <time>2026-08-20T10:59:12.000Z</time>
        <extensions>
          <ns3:TrackPointExtension>
            <ns3:hr>134</ns3:hr>
            <ns3:cad>84</ns3:cad>
          </ns3:TrackPointExtension>
        </extensions>
      </trkpt>
      <trkpt lat="39.97654496692121028900146484375" lon="116.50198652409017086029052734375">
        <ele>35.59999847412109375</ele>
        <time>2026-08-20T10:59:13.000Z</time>
        <extensions>
          <ns3:TrackPointExtension>
            <ns3:hr>134</ns3:hr>
            <ns3:cad>85</ns3:cad>
          </ns3:TrackPointExtension>
        </extensions>
      </trkpt>
      <trkpt lat="39.9765267781913280487060546875" lon="116.50198803283274173736572265625">
        <ele>35.59999847412109375</ele>
        <time>2026-08-20T10:59:14.000Z</time>
        <extensions>
          <ns3:TrackPointExtension>
            <ns3:hr>134</ns3:hr>
            <ns3:cad>87</ns3:cad>
          </ns3:TrackPointExtension>
        </extensions>
      </trkpt>
      <trkpt lat="39.976505152881145477294921875" lon="116.5019857697188854217529296875">
        <ele>35.59999847412109375</ele>
        <time>2026-08-20T10:59:15.000Z</time>
        <extensions>
          <ns3:TrackPointExtension>
            <ns3:hr>134</ns3:hr>
            <ns3:cad>87</ns3:cad>
          </ns3:TrackPointExtension>
        </extensions>
      </trkpt>
      <trkpt lat="39.976487718522548675537109375" lon="116.50198451243340969085693359375">
        <ele>35.59999847412109375</ele>
        <time>2026-08-20T10:59:16.000Z</time>
        <extensions>
          <ns3:TrackPointExtension>
            <ns3:hr>134</ns3:hr>
            <ns3:cad>86</ns3:cad>
          </ns3:TrackPointExtension>
        </extensions>
      </trkpt>
      <trkpt lat="39.9764647521078586578369140625" lon="116.5019804053008556365966796875">
        <ele>35.799999237060546875</ele>
        <time>2026-08-20T10:59:17.000Z</time>
        <extensions>
          <ns3:TrackPointExtension>
            <ns3:hr>133</ns3:hr>
            <ns3:cad>86</ns3:cad>
          </ns3:TrackPointExtension>
        </extensions>
      </trkpt>
      <trkpt lat="39.976450502872467041015625" lon="116.5019805729389190673828125">
        <ele>35.799999237060546875</ele>
        <time>2026-08-20T10:59:18.000Z</time>
        <extensions>
          <ns3:TrackPointExtension>
            <ns3:hr>134</ns3:hr>
            <ns3:cad>85</ns3:cad>
          </ns3:TrackPointExtension>
        </extensions>
      </trkpt>
      <trkpt lat="39.9764238484203815460205078125" lon="116.5019814111292362213134765625">
        <ele>35.799999237060546875</ele>
        <time>2026-08-20T10:59:19.000Z</time>
        <extensions>
          <ns3:TrackPointExtension>
            <ns3:hr>134</ns3:hr>
            <ns3:cad>85</ns3:cad>
          </ns3:TrackPointExtension>
        </extensions>
      </trkpt>
      <trkpt lat="39.97640750370919704437255859375" lon="116.5019773878157138824462890625">
        <ele>35.59999847412109375</ele>
        <time>2026-08-20T10:59:20.000Z</time>
        <extensions>
          <ns3:TrackPointExtension>
            <ns3:hr>134</ns3:hr>
            <ns3:cad>85</ns3:cad>
          </ns3:TrackPointExtension>
        </extensions>
      </trkpt>
      <trkpt lat="39.9763909913599491119384765625" lon="116.50197579525411128997802734375">
        <ele>35.59999847412109375</ele>
        <time>2026-08-20T10:59:21.000Z</time>
        <extensions>
          <ns3:TrackPointExtension>
            <ns3:hr>134</ns3:hr>
            <ns3:cad>86</ns3:cad>
          </ns3:TrackPointExtension>
        </extensions>
      </trkpt>
      <trkpt lat="39.97636743821203708648681640625" lon="116.501968167722225189208984375">
        <ele>35.799999237060546875</ele>
        <time>2026-08-20T10:59:22.000Z</time>
        <extensions>
          <ns3:TrackPointExtension>
            <ns3:hr>134</ns3:hr>
            <ns3:cad>86</ns3:cad>
          </ns3:TrackPointExtension>
        </extensions>
      </trkpt>
      <trkpt lat="39.97634790837764739990234375" lon="116.50196875445544719696044921875">
        <ele>35.799999237060546875</ele>
        <time>2026-08-20T10:59:23.000Z</time>
        <extensions>
          <ns3:TrackPointExtension>
            <ns3:hr>134</ns3:hr>
            <ns3:cad>86</ns3:cad>
          </ns3:TrackPointExtension>
        </extensions>
      </trkpt>
      <trkpt lat="39.9763236008584499359130859375" lon="116.5019680000841617584228515625">
        <ele>35.799999237060546875</ele>
        <time>2026-08-20T10:59:24.000Z</time>
        <extensions>
          <ns3:TrackPointExtension>
            <ns3:hr>134</ns3:hr>
            <ns3:cad>86</ns3:cad>
          </ns3:TrackPointExtension>
        </extensions>
      </trkpt>
      <trkpt lat="39.97629904188215732574462890625" lon="116.50197051465511322021484375">
        <ele>35.799999237060546875</ele>
        <time>2026-08-20T10:59:25.000Z</time>
        <extensions>
          <ns3:TrackPointExtension>
            <ns3:hr>134</ns3:hr>
            <ns3:cad>85</ns3:cad>
          </ns3:TrackPointExtension>
        </extensions>
      </trkpt>
      <trkpt lat="39.976278506219387054443359375" lon="116.5019757114350795745849609375">
        <ele>35.799999237060546875</ele>
        <time>2026-08-20T10:59:26.000Z</time>
        <extensions>
          <ns3:TrackPointExtension>
            <ns3:hr>134</ns3:hr>
            <ns3:cad>84</ns3:cad>
          </ns3:TrackPointExtension>
        </extensions>
      </trkpt>
      <trkpt lat="39.97625478543341159820556640625" lon="116.50197411887347698211669921875">
        <ele>35.799999237060546875</ele>
        <time>2026-08-20T10:59:27.000Z</time>
        <extensions>
          <ns3:TrackPointExtension>
            <ns3:hr>134</ns3:hr>
            <ns3:cad>84</ns3:cad>
          </ns3:TrackPointExtension>
        </extensions>
      </trkpt>
      <trkpt lat="39.9762367643415927886962890625" lon="116.5019780583679676055908203125">
        <ele>35.799999237060546875</ele>
        <time>2026-08-20T10:59:28.000Z</time>
        <extensions>
          <ns3:TrackPointExtension>
            <ns3:hr>134</ns3:hr>
            <ns3:cad>85</ns3:cad>
          </ns3:TrackPointExtension>
        </extensions>
      </trkpt>
      <trkpt lat="39.9762136302888393402099609375" lon="116.50197445414960384368896484375">
        <ele>35.799999237060546875</ele>
        <time>2026-08-20T10:59:29.000Z</time>
        <extensions>
          <ns3:TrackPointExtension>
            <ns3:hr>134</ns3:hr>
            <ns3:cad>85</ns3:cad>
          </ns3:TrackPointExtension>
        </extensions>
      </trkpt>
      <trkpt lat="39.97619259171187877655029296875" lon="116.50196925736963748931884765625">
        <ele>35.799999237060546875</ele>
        <time>2026-08-20T10:59:30.000Z</time>
        <extensions>
          <ns3:TrackPointExtension>
            <ns3:hr>133</ns3:hr>
            <ns3:cad>85</ns3:cad>
          </ns3:TrackPointExtension>
        </extensions>
      </trkpt>
      <trkpt lat="39.9761760793626308441162109375" lon="116.50197059847414493560791015625">
        <ele>36</ele>
        <time>2026-08-20T10:59:31.000Z</time>
        <extensions>
          <ns3:TrackPointExtension>
            <ns3:hr>133</ns3:hr>
            <ns3:cad>85</ns3:cad>
          </ns3:TrackPointExtension>
        </extensions>
      </trkpt>
      <trkpt lat="39.976155459880828857421875" lon="116.501966156065464019775390625">
        <ele>36</ele>
        <time>2026-08-20T10:59:32.000Z</time>
        <extensions>
          <ns3:TrackPointExtension>
            <ns3:hr>133</ns3:hr>
            <ns3:cad>84</ns3:cad>
          </ns3:TrackPointExtension>
        </extensions>
      </trkpt>
      <trkpt lat="39.9761415459215641021728515625" lon="116.50196556933224201202392578125">
        <ele>36</ele>
        <time>2026-08-20T10:59:33.000Z</time>
        <extensions>
          <ns3:TrackPointExtension>
            <ns3:hr>134</ns3:hr>
            <ns3:cad>84</ns3:cad>
          </ns3:TrackPointExtension>
        </extensions>
      </trkpt>
      <trkpt lat="39.97611799277365207672119140625" lon="116.5019629709422588348388671875">
        <ele>36</ele>
        <time>2026-08-20T10:59:34.000Z</time>
        <extensions>
          <ns3:TrackPointExtension>
            <ns3:hr>133</ns3:hr>
            <ns3:cad>84</ns3:cad>
          </ns3:TrackPointExtension>
        </extensions>
      </trkpt>
      <trkpt lat="39.97609938494861125946044921875" lon="116.501963138580322265625">
        <ele>36</ele>
        <time>2026-08-20T10:59:35.000Z</time>
        <extensions>
          <ns3:TrackPointExtension>
            <ns3:hr>133</ns3:hr>
            <ns3:cad>84</ns3:cad>
          </ns3:TrackPointExtension>
        </extensions>
      </trkpt>
      <trkpt lat="39.97607993893325328826904296875" lon="116.501963138580322265625">
        <ele>36</ele>
        <time>2026-08-20T10:59:36.000Z</time>
        <extensions>
          <ns3:TrackPointExtension>
            <ns3:hr>134</ns3:hr>
            <ns3:cad>84</ns3:cad>
          </ns3:TrackPointExtension>
        </extensions>
      </trkpt>
      <trkpt lat="39.97605781070888042449951171875" lon="116.5019589476287364959716796875">
        <ele>36</ele>
        <time>2026-08-20T10:59:37.000Z</time>
        <extensions>
          <ns3:TrackPointExtension>
            <ns3:hr>134</ns3:hr>
            <ns3:cad>84</ns3:cad>
          </ns3:TrackPointExtension>
        </extensions>
      </trkpt>
      <trkpt lat="39.9760392867028713226318359375" lon="116.50195718742907047271728515625">
        <ele>36</ele>
        <time>2026-08-20T10:59:38.000Z</time>
        <extensions>
          <ns3:TrackPointExtension>
            <ns3:hr>134</ns3:hr>
            <ns3:cad>84</ns3:cad>
          </ns3:TrackPointExtension>
        </extensions>
      </trkpt>
      <trkpt lat="39.97601665556430816650390625" lon="116.50194696150720119476318359375">
        <ele>36</ele>
        <time>2026-08-20T10:59:39.000Z</time>
        <extensions>
          <ns3:TrackPointExtension>
            <ns3:hr>134</ns3:hr>
            <ns3:cad>84</ns3:cad>
          </ns3:TrackPointExtension>
        </extensions>
      </trkpt>
      <trkpt lat="39.976002909243106842041015625" lon="116.501946039497852325439453125">
        <ele>36.200000762939453125</ele>
        <time>2026-08-20T10:59:40.000Z</time>
        <extensions>
          <ns3:TrackPointExtension>
            <ns3:hr>133</ns3:hr>
            <ns3:cad>85</ns3:cad>
          </ns3:TrackPointExtension>
        </extensions>
      </trkpt>
      <trkpt lat="39.97598120011389255523681640625" lon="116.50193975307047367095947265625">
        <ele>36.200000762939453125</ele>
        <time>2026-08-20T10:59:41.000Z</time>
        <extensions>
          <ns3:TrackPointExtension>
            <ns3:hr>133</ns3:hr>
            <ns3:cad>85</ns3:cad>
          </ns3:TrackPointExtension>
        </extensions>
      </trkpt>
      <trkpt lat="39.9759588204324245452880859375" lon="116.5019371546804904937744140625">
        <ele>36.200000762939453125</ele>
        <time>2026-08-20T10:59:42.000Z</time>
        <extensions>
          <ns3:TrackPointExtension>
            <ns3:hr>133</ns3:hr>
            <ns3:cad>85</ns3:cad>
          </ns3:TrackPointExtension>
        </extensions>
      </trkpt>
      <trkpt lat="39.9759383685886859893798828125" lon="116.50194059126079082489013671875">
        <ele>36.200000762939453125</ele>
        <time>2026-08-20T10:59:43.000Z</time>
        <extensions>
          <ns3:TrackPointExtension>
            <ns3:hr>133</ns3:hr>
            <ns3:cad>85</ns3:cad>
          </ns3:TrackPointExtension>
        </extensions>
      </trkpt>
      <trkpt lat="39.97591548599302768707275390625" lon="116.501936651766300201416015625">
        <ele>36.200000762939453125</ele>
        <time>2026-08-20T10:59:44.000Z</time>
        <extensions>
          <ns3:TrackPointExtension>
            <ns3:hr>134</ns3:hr>
            <ns3:cad>84</ns3:cad>
          </ns3:TrackPointExtension>
        </extensions>
      </trkpt>
      <trkpt lat="39.97589821927249431610107421875" lon="116.5019351430237293243408203125">
        <ele>36.200000762939453125</ele>
        <time>2026-08-20T10:59:45.000Z</time>
        <extensions>
          <ns3:TrackPointExtension>
            <ns3:hr>133</ns3:hr>
            <ns3:cad>84</ns3:cad>
          </ns3:TrackPointExtension>
        </extensions>
      </trkpt>
      <trkpt lat="39.9758756719529628753662109375" lon="116.50192650966346263885498046875">
        <ele>36.200000762939453125</ele>
        <time>2026-08-20T10:59:46.000Z</time>
        <extensions>
          <ns3:TrackPointExtension>
            <ns3:hr>133</ns3:hr>
            <ns3:cad>84</ns3:cad>
          </ns3:TrackPointExtension>
        </extensions>
      </trkpt>
      <trkpt lat="39.97585563920438289642333984375" lon="116.50192047469317913055419921875">
        <ele>36.40000152587890625</ele>
        <time>2026-08-20T10:59:47.000Z</time>
        <extensions>
          <ns3:TrackPointExtension>
            <ns3:hr>133</ns3:hr>
            <ns3:cad>84</ns3:cad>
          </ns3:TrackPointExtension>
        </extensions>
      </trkpt>
      <trkpt lat="39.97583803720772266387939453125" lon="116.501917205750942230224609375">
        <ele>36.59999847412109375</ele>
        <time>2026-08-20T10:59:48.000Z</time>
        <extensions>
          <ns3:TrackPointExtension>
            <ns3:hr>133</ns3:hr>
            <ns3:cad>84</ns3:cad>
          </ns3:TrackPointExtension>
        </extensions>
      </trkpt>
      <trkpt lat="39.97582009993493556976318359375" lon="116.5019161999225616455078125">
        <ele>36.59999847412109375</ele>
        <time>2026-08-20T10:59:49.000Z</time>
        <extensions>
          <ns3:TrackPointExtension>
            <ns3:hr>133</ns3:hr>
            <ns3:cad>84</ns3:cad>
          </ns3:TrackPointExtension>
        </extensions>
      </trkpt>
      <trkpt lat="39.9758035875856876373291015625" lon="116.5019170381128787994384765625">
        <ele>36.59999847412109375</ele>
        <time>2026-08-20T10:59:50.000Z</time>
        <extensions>
          <ns3:TrackPointExtension>
            <ns3:hr>133</ns3:hr>
            <ns3:cad>85</ns3:cad>
          </ns3:TrackPointExtension>
        </extensions>
      </trkpt>
      <trkpt lat="39.97577902860939502716064453125" lon="116.50190706364810466766357421875">
        <ele>36.59999847412109375</ele>
        <time>2026-08-20T10:59:51.000Z</time>
        <extensions>
          <ns3:TrackPointExtension>
            <ns3:hr>134</ns3:hr>
            <ns3:cad>85</ns3:cad>
          </ns3:TrackPointExtension>
        </extensions>
      </trkpt>
      <trkpt lat="39.97575690038502216339111328125" lon="116.50190345942974090576171875">
        <ele>36.59999847412109375</ele>
        <time>2026-08-20T10:59:52.000Z</time>
        <extensions>
          <ns3:TrackPointExtension>
            <ns3:hr>133</ns3:hr>
            <ns3:cad>85</ns3:cad>
          </ns3:TrackPointExtension>
        </extensions>
      </trkpt>
      <trkpt lat="39.9757345207035541534423828125" lon="116.5018974244594573974609375">
        <ele>36.40000152587890625</ele>
        <time>2026-08-20T10:59:53.000Z</time>
        <extensions>
          <ns3:TrackPointExtension>
            <ns3:hr>133</ns3:hr>
            <ns3:cad>85</ns3:cad>
          </ns3:TrackPointExtension>
        </extensions>
      </trkpt>
      <trkpt lat="39.97571130283176898956298828125" lon="116.5018935687839984893798828125">
        <ele>36.200000762939453125</ele>
        <time>2026-08-20T10:59:54.000Z</time>
        <extensions>
          <ns3:TrackPointExtension>
            <ns3:hr>134</ns3:hr>
            <ns3:cad>85</ns3:cad>
          </ns3:TrackPointExtension>
        </extensions>
      </trkpt>
      <trkpt lat="39.9756942875683307647705078125" lon="116.5018945746123790740966796875">
        <ele>36.200000762939453125</ele>
        <time>2026-08-20T10:59:55.000Z</time>
        <extensions>
          <ns3:TrackPointExtension>
            <ns3:hr>134</ns3:hr>
            <ns3:cad>85</ns3:cad>
          </ns3:TrackPointExtension>
        </extensions>
      </trkpt>
      <trkpt lat="39.9756701476871967315673828125" lon="116.5018868632614612579345703125">
        <ele>36.40000152587890625</ele>
        <time>2026-08-20T10:59:56.000Z</time>
        <extensions>
          <ns3:TrackPointExtension>
            <ns3:hr>134</ns3:hr>
            <ns3:cad>85</ns3:cad>
          </ns3:TrackPointExtension>
        </extensions>
      </trkpt>
      <trkpt lat="39.975651539862155914306640625" lon="116.50188828818500041961669921875">
        <ele>36.40000152587890625</ele>
        <time>2026-08-20T10:59:57.000Z</time>
        <extensions>
          <ns3:TrackPointExtension>
            <ns3:hr>134</ns3:hr>
            <ns3:cad>85</ns3:cad>
          </ns3:TrackPointExtension>
        </extensions>
      </trkpt>
      <trkpt lat="39.97562983073294162750244140625" lon="116.5018885396420955657958984375">
        <ele>36.40000152587890625</ele>
        <time>2026-08-20T10:59:58.000Z</time>
        <extensions>
          <ns3:TrackPointExtension>
            <ns3:hr>134</ns3:hr>
            <ns3:cad>85</ns3:cad>
          </ns3:TrackPointExtension>
        </extensions>
      </trkpt>
      <trkpt lat="39.97560803778469562530517578125" lon="116.5018808282911777496337890625">
        <ele>36.40000152587890625</ele>
        <time>2026-08-20T10:59:59.000Z</time>
        <extensions>
          <ns3:TrackPointExtension>
            <ns3:hr>134</ns3:hr>
            <ns3:cad>85</ns3:cad>
          </ns3:TrackPointExtension>
        </extensions>
      </trkpt>
      <trkpt lat="39.9755900166928768157958984375" lon="116.50187990628182888031005859375">
        <ele>36.40000152587890625</ele>
        <time>2026-08-20T11:00:00.000Z</time>
        <extensions>
          <ns3:TrackPointExtension>
            <ns3:hr>134</ns3:hr>
            <ns3:cad>84</ns3:cad>
          </ns3:TrackPointExtension>
        </extensions>
      </trkpt>
      <trkpt lat="39.97556512244045734405517578125" lon="116.50187873281538486480712890625">
        <ele>36.40000152587890625</ele>
        <time>2026-08-20T11:00:01.000Z</time>
        <extensions>
          <ns3:TrackPointExtension>
            <ns3:hr>134</ns3:hr>
            <ns3:cad>84</ns3:cad>
          </ns3:TrackPointExtension>
        </extensions>
      </trkpt>
      <trkpt lat="39.97554567642509937286376953125" lon="116.501878313720226287841796875">
        <ele>36.40000152587890625</ele>
        <time>2026-08-20T11:00:02.000Z</time>
        <extensions>
          <ns3:TrackPointExtension>
            <ns3:hr>134</ns3:hr>
            <ns3:cad>84</ns3:cad>
          </ns3:TrackPointExtension>
        </extensions>
      </trkpt>
      <trkpt lat="39.9755212850868701934814453125" lon="116.50187353603541851043701171875">
        <ele>36.59999847412109375</ele>
        <time>2026-08-20T11:00:03.000Z</time>
        <extensions>
          <ns3:TrackPointExtension>
            <ns3:hr>133</ns3:hr>
            <ns3:cad>84</ns3:cad>
          </ns3:TrackPointExtension>
        </extensions>
      </trkpt>
      <trkpt lat="39.9755008332431316375732421875" lon="116.50187152437865734100341796875">
        <ele>36.59999847412109375</ele>
        <time>2026-08-20T11:00:04.000Z</time>
        <extensions>
          <ns3:TrackPointExtension>
            <ns3:hr>134</ns3:hr>
            <ns3:cad>84</ns3:cad>
          </ns3:TrackPointExtension>
        </extensions>
      </trkpt>
      <trkpt lat="39.97548247687518596649169921875" lon="116.5018717758357524871826171875">
        <ele>36.59999847412109375</ele>
        <time>2026-08-20T11:00:05.000Z</time>
        <extensions>
          <ns3:TrackPointExtension>
            <ns3:hr>134</ns3:hr>
            <ns3:cad>84</ns3:cad>
          </ns3:TrackPointExtension>
        </extensions>
      </trkpt>
      <trkpt lat="39.975463449954986572265625" lon="116.50186750106513500213623046875">
        <ele>36.59999847412109375</ele>
        <time>2026-08-20T11:00:06.000Z</time>
        <extensions>
          <ns3:TrackPointExtension>
            <ns3:hr>134</ns3:hr>
            <ns3:cad>84</ns3:cad>
          </ns3:TrackPointExtension>
        </extensions>
      </trkpt>
      <trkpt lat="39.9754465185105800628662109375" lon="116.50186917744576930999755859375">
        <ele>36.59999847412109375</ele>
        <time>2026-08-20T11:00:07.000Z</time>
        <extensions>
          <ns3:TrackPointExtension>
            <ns3:hr>134</ns3:hr>
            <ns3:cad>84</ns3:cad>
          </ns3:TrackPointExtension>
        </extensions>
      </trkpt>
      <trkpt lat="39.9754247255623340606689453125" lon="116.50186968035995960235595703125">
        <ele>36.59999847412109375</ele>
        <time>2026-08-20T11:00:08.000Z</time>
        <extensions>
          <ns3:TrackPointExtension>
            <ns3:hr>134</ns3:hr>
            <ns3:cad>84</ns3:cad>
          </ns3:TrackPointExtension>
        </extensions>
      </trkpt>
      <trkpt lat="39.97540435753762722015380859375" lon="116.50186683051288127899169921875">
        <ele>36.59999847412109375</ele>
        <time>2026-08-20T11:00:09.000Z</time>
        <extensions>
          <ns3:TrackPointExtension>
            <ns3:hr>134</ns3:hr>
            <ns3:cad>84</ns3:cad>
          </ns3:TrackPointExtension>
        </extensions>
      </trkpt>
      <trkpt lat="39.9753843247890472412109375" lon="116.50186867453157901763916015625">
        <ele>36.59999847412109375</ele>
        <time>2026-08-20T11:00:10.000Z</time>
        <extensions>
          <ns3:TrackPointExtension>
            <ns3:hr>134</ns3:hr>
            <ns3:cad>85</ns3:cad>
          </ns3:TrackPointExtension>
        </extensions>
      </trkpt>
      <trkpt lat="39.97536194510757923126220703125" lon="116.501866914331912994384765625">
        <ele>36.59999847412109375</ele>
        <time>2026-08-20T11:00:11.000Z</time>
        <extensions>
          <ns3:TrackPointExtension>
            <ns3:hr>134</ns3:hr>
            <ns3:cad>84</ns3:cad>
          </ns3:TrackPointExtension>
        </extensions>
      </trkpt>
      <trkpt lat="39.9753439240157604217529296875" lon="116.50186548940837383270263671875">
        <ele>36.59999847412109375</ele>
        <time>2026-08-20T11:00:12.000Z</time>
        <extensions>
          <ns3:TrackPointExtension>
            <ns3:hr>134</ns3:hr>
            <ns3:cad>84</ns3:cad>
          </ns3:TrackPointExtension>
        </extensions>
      </trkpt>
      <trkpt lat="39.97532330453395843505859375" lon="116.50186548940837383270263671875">
        <ele>36.59999847412109375</ele>
        <time>2026-08-20T11:00:13.000Z</time>
        <extensions>
          <ns3:TrackPointExtension>
            <ns3:hr>134</ns3:hr>
            <ns3:cad>84</ns3:cad>
          </ns3:TrackPointExtension>
        </extensions>
      </trkpt>
      <trkpt lat="39.97530746273696422576904296875" lon="116.50186724960803985595703125">
        <ele>36.799999237060546875</ele>
        <time>2026-08-20T11:00:14.000Z</time>
        <extensions>
          <ns3:TrackPointExtension>
            <ns3:hr>133</ns3:hr>
            <ns3:cad>84</ns3:cad>
          </ns3:TrackPointExtension>
        </extensions>
      </trkpt>
      <trkpt lat="39.97528650797903537750244140625" lon="116.50187018327414989471435546875">
        <ele>36.799999237060546875</ele>
        <time>2026-08-20T11:00:15.000Z</time>
        <extensions>
          <ns3:TrackPointExtension>
            <ns3:hr>134</ns3:hr>
            <ns3:cad>84</ns3:cad>
          </ns3:TrackPointExtension>
        </extensions>
      </trkpt>
      <trkpt lat="39.975264966487884521484375" lon="116.5018657408654689788818359375">
        <ele>36.799999237060546875</ele>
        <time>2026-08-20T11:00:16.000Z</time>
        <extensions>
          <ns3:TrackPointExtension>
            <ns3:hr>134</ns3:hr>
            <ns3:cad>84</ns3:cad>
          </ns3:TrackPointExtension>
        </extensions>
      </trkpt>
      <trkpt lat="39.97524744831025600433349609375" lon="116.50186724960803985595703125">
        <ele>36.799999237060546875</ele>
        <time>2026-08-20T11:00:17.000Z</time>
        <extensions>
          <ns3:TrackPointExtension>
            <ns3:hr>134</ns3:hr>
            <ns3:cad>84</ns3:cad>
          </ns3:TrackPointExtension>
        </extensions>
      </trkpt>
      <trkpt lat="39.97522397898137569427490234375" lon="116.5018690936267375946044921875">
        <ele>36.799999237060546875</ele>
        <time>2026-08-20T11:00:18.000Z</time>
        <extensions>
          <ns3:TrackPointExtension>
            <ns3:hr>133</ns3:hr>
            <ns3:cad>84</ns3:cad>
          </ns3:TrackPointExtension>
        </extensions>
      </trkpt>
      <trkpt lat="39.97520838864147663116455078125" lon="116.50187395513057708740234375">
        <ele>36.799999237060546875</ele>
        <time>2026-08-20T11:00:19.000Z</time>
        <extensions>
          <ns3:TrackPointExtension>
            <ns3:hr>134</ns3:hr>
            <ns3:cad>85</ns3:cad>
          </ns3:TrackPointExtension>
        </extensions>
      </trkpt>
      <trkpt lat="39.97518676333129405975341796875" lon="116.501871608197689056396484375">
        <ele>36.799999237060546875</ele>
        <time>2026-08-20T11:00:20.000Z</time>
        <extensions>
          <ns3:TrackPointExtension>
            <ns3:hr>133</ns3:hr>
            <ns3:cad>86</ns3:cad>
          </ns3:TrackPointExtension>
        </extensions>
      </trkpt>
      <trkpt lat="39.97516547329723834991455078125" lon="116.50187269784510135650634765625">
        <ele>36.799999237060546875</ele>
        <time>2026-08-20T11:00:21.000Z</time>
        <extensions>
          <ns3:TrackPointExtension>
            <ns3:hr>133</ns3:hr>
            <ns3:cad>86</ns3:cad>
          </ns3:TrackPointExtension>
        </extensions>
      </trkpt>
      <trkpt lat="39.9751434288918972015380859375" lon="116.50187353603541851043701171875">
        <ele>36.799999237060546875</ele>
        <time>2026-08-20T11:00:22.000Z</time>
        <extensions>
          <ns3:TrackPointExtension>
            <ns3:hr>133</ns3:hr>
            <ns3:cad>86</ns3:cad>
          </ns3:TrackPointExtension>
        </extensions>
      </trkpt>
      <trkpt lat="39.9751202948391437530517578125" lon="116.50187370367348194122314453125">
        <ele>36.799999237060546875</ele>
        <time>2026-08-20T11:00:23.000Z</time>
        <extensions>
          <ns3:TrackPointExtension>
            <ns3:hr>133</ns3:hr>
            <ns3:cad>86</ns3:cad>
          </ns3:TrackPointExtension>
        </extensions>
      </trkpt>
      <trkpt lat="39.97510193847119808197021484375" lon="116.5018747933208942413330078125">
        <ele>36.799999237060546875</ele>
        <time>2026-08-20T11:00:24.000Z</time>
        <extensions>
          <ns3:TrackPointExtension>
            <ns3:hr>132</ns3:hr>
            <ns3:cad>85</ns3:cad>
          </ns3:TrackPointExtension>
        </extensions>
      </trkpt>
      <trkpt lat="39.97507846914231777191162109375" lon="116.50187286548316478729248046875">
        <ele>36.799999237060546875</ele>
        <time>2026-08-20T11:00:25.000Z</time>
        <extensions>
          <ns3:TrackPointExtension>
            <ns3:hr>133</ns3:hr>
            <ns3:cad>85</ns3:cad>
          </ns3:TrackPointExtension>
        </extensions>
      </trkpt>
      <trkpt lat="39.97506044805049896240234375" lon="116.50187320075929164886474609375">
        <ele>37</ele>
        <time>2026-08-20T11:00:26.000Z</time>
        <extensions>
          <ns3:TrackPointExtension>
            <ns3:hr>133</ns3:hr>
            <ns3:cad>85</ns3:cad>
          </ns3:TrackPointExtension>
        </extensions>
      </trkpt>
      <trkpt lat="39.9750371463596820831298828125" lon="116.501877307891845703125">
        <ele>37</ele>
        <time>2026-08-20T11:00:27.000Z</time>
        <extensions>
          <ns3:TrackPointExtension>
            <ns3:hr>133</ns3:hr>
            <ns3:cad>86</ns3:cad>
          </ns3:TrackPointExtension>
        </extensions>
      </trkpt>
      <trkpt lat="39.97501493431627750396728515625" lon="116.501880995929241180419921875">
        <ele>37</ele>
        <time>2026-08-20T11:00:28.000Z</time>
        <extensions>
          <ns3:TrackPointExtension>
            <ns3:hr>133</ns3:hr>
            <ns3:cad>86</ns3:cad>
          </ns3:TrackPointExtension>
        </extensions>
      </trkpt>
      <trkpt lat="39.9749959073960781097412109375" lon="116.50188426487147808074951171875">
        <ele>37</ele>
        <time>2026-08-20T11:00:29.000Z</time>
        <extensions>
          <ns3:TrackPointExtension>
            <ns3:hr>132</ns3:hr>
            <ns3:cad>86</ns3:cad>
          </ns3:TrackPointExtension>
        </extensions>
      </trkpt>
      <trkpt lat="39.97497319243848323822021484375" lon="116.50188979692757129669189453125">
        <ele>37</ele>
        <time>2026-08-20T11:00:30.000Z</time>
        <extensions>
          <ns3:TrackPointExtension>
            <ns3:hr>133</ns3:hr>
            <ns3:cad>85</ns3:cad>
          </ns3:TrackPointExtension>
        </extensions>
      </trkpt>
      <trkpt lat="39.974959529936313629150390625" lon="116.50190253742039203643798828125">
        <ele>37</ele>
        <time>2026-08-20T11:00:31.000Z</time>
        <extensions>
          <ns3:TrackPointExtension>
            <ns3:hr>133</ns3:hr>
            <ns3:cad>84</ns3:cad>
          </ns3:TrackPointExtension>
        </extensions>
      </trkpt>
      <trkpt lat="39.974939413368701934814453125" lon="116.50191024877130985260009765625">
        <ele>37</ele>
        <time>2026-08-20T11:00:32.000Z</time>
        <extensions>
          <ns3:TrackPointExtension>
            <ns3:hr>133</ns3:hr>
            <ns3:cad>84</ns3:cad>
          </ns3:TrackPointExtension>
        </extensions>
      </trkpt>
      <trkpt lat="39.9749231524765491485595703125" lon="116.5019156970083713531494140625">
        <ele>37</ele>
        <time>2026-08-20T11:00:33.000Z</time>
        <extensions>
          <ns3:TrackPointExtension>
            <ns3:hr>134</ns3:hr>
            <ns3:cad>84</ns3:cad>
          </ns3:TrackPointExtension>
        </extensions>
      </trkpt>
      <trkpt lat="39.97489825822412967681884765625" lon="116.50192298926413059234619140625">
        <ele>37</ele>
        <time>2026-08-20T11:00:34.000Z</time>
        <extensions>
          <ns3:TrackPointExtension>
            <ns3:hr>134</ns3:hr>
            <ns3:cad>84</ns3:cad>
          </ns3:TrackPointExtension>
        </extensions>
      </trkpt>
      <trkpt lat="39.97487730346620082855224609375" lon="116.50192625820636749267578125">
        <ele>37</ele>
        <time>2026-08-20T11:00:35.000Z</time>
        <extensions>
          <ns3:TrackPointExtension>
            <ns3:hr>134</ns3:hr>
            <ns3:cad>84</ns3:cad>
          </ns3:TrackPointExtension>
        </extensions>
      </trkpt>
      <trkpt lat="39.97485450468957424163818359375" lon="116.50193028151988983154296875">
        <ele>37</ele>
        <time>2026-08-20T11:00:36.000Z</time>
        <extensions>
          <ns3:TrackPointExtension>
            <ns3:hr>133</ns3:hr>
            <ns3:cad>84</ns3:cad>
          </ns3:TrackPointExtension>
        </extensions>
      </trkpt>
      <trkpt lat="39.97482801787555217742919921875" lon="116.5019287727773189544677734375">
        <ele>37</ele>
        <time>2026-08-20T11:00:37.000Z</time>
        <extensions>
          <ns3:TrackPointExtension>
            <ns3:hr>133</ns3:hr>
            <ns3:cad>84</ns3:cad>
          </ns3:TrackPointExtension>
        </extensions>
      </trkpt>
      <trkpt lat="39.97481167316436767578125" lon="116.50193355046212673187255859375">
        <ele>37</ele>
        <time>2026-08-20T11:00:38.000Z</time>
        <extensions>
          <ns3:TrackPointExtension>
            <ns3:hr>133</ns3:hr>
            <ns3:cad>84</ns3:cad>
          </ns3:TrackPointExtension>
        </extensions>
      </trkpt>
      <trkpt lat="39.974787868559360504150390625" lon="116.5019374899566173553466796875">
        <ele>37</ele>
        <time>2026-08-20T11:00:39.000Z</time>
        <extensions>
          <ns3:TrackPointExtension>
            <ns3:hr>133</ns3:hr>
            <ns3:cad>85</ns3:cad>
          </ns3:TrackPointExtension>
        </extensions>
      </trkpt>
      <trkpt lat="39.9747665785253047943115234375" lon="116.50194142945110797882080078125">
        <ele>37</ele>
        <time>2026-08-20T11:00:40.000Z</time>
        <extensions>
          <ns3:TrackPointExtension>
            <ns3:hr>133</ns3:hr>
            <ns3:cad>85</ns3:cad>
          </ns3:TrackPointExtension>
        </extensions>
      </trkpt>
      <trkpt lat="39.97474889270961284637451171875" lon="116.50194880552589893341064453125">
        <ele>37</ele>
        <time>2026-08-20T11:00:41.000Z</time>
        <extensions>
          <ns3:TrackPointExtension>
            <ns3:hr>133</ns3:hr>
            <ns3:cad>85</ns3:cad>
          </ns3:TrackPointExtension>
        </extensions>
      </trkpt>
      <trkpt lat="39.9747266806662082672119140625" lon="116.5019502304494380950927734375">
        <ele>37</ele>
        <time>2026-08-20T11:00:42.000Z</time>
        <extensions>
          <ns3:TrackPointExtension>
            <ns3:hr>132</ns3:hr>
            <ns3:cad>85</ns3:cad>
          </ns3:TrackPointExtension>
        </extensions>
      </trkpt>
      <trkpt lat="39.9747084081172943115234375" lon="116.50195584632456302642822265625">
        <ele>36.799999237060546875</ele>
        <time>2026-08-20T11:00:43.000Z</time>
        <extensions>
          <ns3:TrackPointExtension>
            <ns3:hr>131</ns3:hr>
            <ns3:cad>84</ns3:cad>
          </ns3:TrackPointExtension>
        </extensions>
      </trkpt>
      <trkpt lat="39.97468317858874797821044921875" lon="116.5019596181809902191162109375">
        <ele>36.799999237060546875</ele>
        <time>2026-08-20T11:00:44.000Z</time>
        <extensions>
          <ns3:TrackPointExtension>
            <ns3:hr>129</ns3:hr>
            <ns3:cad>84</ns3:cad>
          </ns3:TrackPointExtension>
        </extensions>
      </trkpt>
      <trkpt lat="39.9746666662395000457763671875" lon="116.50196741335093975067138671875">
        <ele>36.799999237060546875</ele>
        <time>2026-08-20T11:00:45.000Z</time>
        <extensions>
          <ns3:TrackPointExtension>
            <ns3:hr>128</ns3:hr>
            <ns3:cad>84</ns3:cad>
          </ns3:TrackPointExtension>
        </extensions>
      </trkpt>
      <trkpt lat="39.97464177198708057403564453125" lon="116.5019740350544452667236328125">
        <ele>36.799999237060546875</ele>
        <time>2026-08-20T11:00:46.000Z</time>
        <extensions>
          <ns3:TrackPointExtension>
            <ns3:hr>128</ns3:hr>
            <ns3:cad>84</ns3:cad>
          </ns3:TrackPointExtension>
        </extensions>
      </trkpt>
      <trkpt lat="39.97462048195302486419677734375" lon="116.50197763927280902862548828125">
        <ele>36.799999237060546875</ele>
        <time>2026-08-20T11:00:47.000Z</time>
        <extensions>
          <ns3:TrackPointExtension>
            <ns3:hr>128</ns3:hr>
            <ns3:cad>85</ns3:cad>
          </ns3:TrackPointExtension>
        </extensions>
      </trkpt>
      <trkpt lat="39.97460254468023777008056640625" lon="116.501984260976314544677734375">
        <ele>36.799999237060546875</ele>
        <time>2026-08-20T11:00:48.000Z</time>
        <extensions>
          <ns3:TrackPointExtension>
            <ns3:hr>128</ns3:hr>
            <ns3:cad>86</ns3:cad>
          </ns3:TrackPointExtension>
        </extensions>
      </trkpt>
      <trkpt lat="39.9745778180658817291259765625" lon="116.5019805729389190673828125">
        <ele>36.799999237060546875</ele>
        <time>2026-08-20T11:00:49.000Z</time>
        <extensions>
          <ns3:TrackPointExtension>
            <ns3:hr>128</ns3:hr>
            <ns3:cad>86</ns3:cad>
          </ns3:TrackPointExtension>
        </extensions>
      </trkpt>
      <trkpt lat="39.97455778531730175018310546875" lon="116.501984931528568267822265625">
        <ele>36.799999237060546875</ele>
        <time>2026-08-20T11:00:50.000Z</time>
        <extensions>
          <ns3:TrackPointExtension>
            <ns3:hr>128</ns3:hr>
            <ns3:cad>86</ns3:cad>
          </ns3:TrackPointExtension>
        </extensions>
      </trkpt>
      <trkpt lat="39.97453431598842144012451171875" lon="116.501989625394344329833984375">
        <ele>36.799999237060546875</ele>
        <time>2026-08-20T11:00:51.000Z</time>
        <extensions>
          <ns3:TrackPointExtension>
            <ns3:hr>128</ns3:hr>
            <ns3:cad>84</ns3:cad>
          </ns3:TrackPointExtension>
        </extensions>
      </trkpt>
      <trkpt lat="39.97451352886855602264404296875" lon="116.5019966661930084228515625">
        <ele>36.799999237060546875</ele>
        <time>2026-08-20T11:00:52.000Z</time>
        <extensions>
          <ns3:TrackPointExtension>
            <ns3:hr>128</ns3:hr>
            <ns3:cad>84</ns3:cad>
          </ns3:TrackPointExtension>
        </extensions>
      </trkpt>
      <trkpt lat="39.97449508868157863616943359375" lon="116.50200664065778255462646484375">
        <ele>36.799999237060546875</ele>
        <time>2026-08-20T11:00:53.000Z</time>
        <extensions>
          <ns3:TrackPointExtension>
            <ns3:hr>128</ns3:hr>
            <ns3:cad>85</ns3:cad>
          </ns3:TrackPointExtension>
        </extensions>
      </trkpt>
      <trkpt lat="39.97447279281914234161376953125" lon="116.50200848467648029327392578125">
        <ele>37</ele>
        <time>2026-08-20T11:00:54.000Z</time>
        <extensions>
          <ns3:TrackPointExtension>
            <ns3:hr>128</ns3:hr>
            <ns3:cad>85</ns3:cad>
          </ns3:TrackPointExtension>
        </extensions>
      </trkpt>
      <trkpt lat="39.97445560991764068603515625" lon="116.5020119212567806243896484375">
        <ele>37</ele>
        <time>2026-08-20T11:00:55.000Z</time>
        <extensions>
          <ns3:TrackPointExtension>
            <ns3:hr>128</ns3:hr>
            <ns3:cad>85</ns3:cad>
          </ns3:TrackPointExtension>
        </extensions>
      </trkpt>
      <trkpt lat="39.97443239204585552215576171875" lon="116.50201703421771526336669921875">
        <ele>37</ele>
        <time>2026-08-20T11:00:56.000Z</time>
        <extensions>
          <ns3:TrackPointExtension>
            <ns3:hr>128</ns3:hr>
            <ns3:cad>85</ns3:cad>
          </ns3:TrackPointExtension>
        </extensions>
      </trkpt>
      <trkpt lat="39.97441663406789302825927734375" lon="116.502024829387664794921875">
        <ele>37</ele>
        <time>2026-08-20T11:00:57.000Z</time>
        <extensions>
          <ns3:TrackPointExtension>
            <ns3:hr>128</ns3:hr>
            <ns3:cad>85</ns3:cad>
          </ns3:TrackPointExtension>
        </extensions>
      </trkpt>
      <trkpt lat="39.9743917398154735565185546875" lon="116.502032540738582611083984375">
        <ele>37</ele>
        <time>2026-08-20T11:00:58.000Z</time>
        <extensions>
          <ns3:TrackPointExtension>
            <ns3:hr>128</ns3:hr>
            <ns3:cad>85</ns3:cad>
          </ns3:TrackPointExtension>
        </extensions>
      </trkpt>
      <trkpt lat="39.97437086887657642364501953125" lon="116.50203698314726352691650390625">
        <ele>37</ele>
        <time>2026-08-20T11:00:59.000Z</time>
        <extensions>
          <ns3:TrackPointExtension>
            <ns3:hr>128</ns3:hr>
            <ns3:cad>86</ns3:cad>
          </ns3:TrackPointExtension>
        </extensions>
      </trkpt>
      <trkpt lat="39.9743501655757427215576171875" lon="116.50204469449818134307861328125">
        <ele>37</ele>
        <time>2026-08-20T11:01:00.000Z</time>
        <extensions>
          <ns3:TrackPointExtension>
            <ns3:hr>128</ns3:hr>
            <ns3:cad>86</ns3:cad>
          </ns3:TrackPointExtension>
        </extensions>
      </trkpt>
      <trkpt lat="39.97433013282716274261474609375" lon="116.502047963440418243408203125">
        <ele>37</ele>
        <time>2026-08-20T11:01:01.000Z</time>
        <extensions>
          <ns3:TrackPointExtension>
            <ns3:hr>128</ns3:hr>
            <ns3:cad>86</ns3:cad>
          </ns3:TrackPointExtension>
        </extensions>
      </trkpt>
      <trkpt lat="39.9743139557540416717529296875" lon="116.5020575188100337982177734375">
        <ele>37</ele>
        <time>2026-08-20T11:01:02.000Z</time>
        <extensions>
          <ns3:TrackPointExtension>
            <ns3:hr>128</ns3:hr>
            <ns3:cad>86</ns3:cad>
          </ns3:TrackPointExtension>
        </extensions>
      </trkpt>
      <trkpt lat="39.97428989969193935394287109375" lon="116.50205726735293865203857421875">
        <ele>37</ele>
        <time>2026-08-20T11:01:03.000Z</time>
        <extensions>
          <ns3:TrackPointExtension>
            <ns3:hr>128</ns3:hr>
            <ns3:cad>86</ns3:cad>
          </ns3:TrackPointExtension>
        </extensions>
      </trkpt>
      <trkpt lat="39.97427213005721569061279296875" lon="116.50206573307514190673828125">
        <ele>37</ele>
        <time>2026-08-20T11:01:04.000Z</time>
        <extensions>
          <ns3:TrackPointExtension>
            <ns3:hr>128</ns3:hr>
            <ns3:cad>86</ns3:cad>
          </ns3:TrackPointExtension>
        </extensions>
      </trkpt>
      <trkpt lat="39.9742505885660648345947265625" lon="116.50207034312188625335693359375">
        <ele>37</ele>
        <time>2026-08-20T11:01:05.000Z</time>
        <extensions>
          <ns3:TrackPointExtension>
            <ns3:hr>128</ns3:hr>
            <ns3:cad>85</ns3:cad>
          </ns3:TrackPointExtension>
        </extensions>
      </trkpt>
      <trkpt lat="39.974226616322994232177734375" lon="116.50207503698766231536865234375">
        <ele>37</ele>
        <time>2026-08-20T11:01:06.000Z</time>
        <extensions>
          <ns3:TrackPointExtension>
            <ns3:hr>128</ns3:hr>
            <ns3:cad>85</ns3:cad>
          </ns3:TrackPointExtension>
        </extensions>
      </trkpt>
      <trkpt lat="39.97420884668827056884765625" lon="116.5020836703479290008544921875">
        <ele>37</ele>
        <time>2026-08-20T11:01:07.000Z</time>
        <extensions>
          <ns3:TrackPointExtension>
            <ns3:hr>128</ns3:hr>
            <ns3:cad>86</ns3:cad>
          </ns3:TrackPointExtension>
        </extensions>
      </trkpt>
      <trkpt lat="39.974186718463897705078125" lon="116.5020893700420856475830078125">
        <ele>36.799999237060546875</ele>
        <time>2026-08-20T11:01:08.000Z</time>
        <extensions>
          <ns3:TrackPointExtension>
            <ns3:hr>129</ns3:hr>
            <ns3:cad>86</ns3:cad>
          </ns3:TrackPointExtension>
        </extensions>
      </trkpt>
      <trkpt lat="39.97417129576206207275390625" lon="116.50209951214492321014404296875">
        <ele>36.799999237060546875</ele>
        <time>2026-08-20T11:01:09.000Z</time>
        <extensions>
          <ns3:TrackPointExtension>
            <ns3:hr>129</ns3:hr>
            <ns3:cad>86</ns3:cad>
          </ns3:TrackPointExtension>
        </extensions>
      </trkpt>
      <trkpt lat="39.974148161709308624267578125" lon="116.50210889987647533416748046875">
        <ele>36.799999237060546875</ele>
        <time>2026-08-20T11:01:10.000Z</time>
        <extensions>
          <ns3:TrackPointExtension>
            <ns3:hr>130</ns3:hr>
            <ns3:cad>86</ns3:cad>
          </ns3:TrackPointExtension>
        </extensions>
      </trkpt>
      <trkpt lat="39.97412980534136295318603515625" lon="116.50211443193256855010986328125">
        <ele>36.799999237060546875</ele>
        <time>2026-08-20T11:01:11.000Z</time>
        <extensions>
          <ns3:TrackPointExtension>
            <ns3:hr>132</ns3:hr>
            <ns3:cad>84</ns3:cad>
          </ns3:TrackPointExtension>
        </extensions>
      </trkpt>
      <trkpt lat="39.974111616611480712890625" lon="116.5021254122257232666015625">
        <ele>36.799999237060546875</ele>
        <time>2026-08-20T11:01:12.000Z</time>
        <extensions>
          <ns3:TrackPointExtension>
            <ns3:hr>133</ns3:hr>
            <ns3:cad>84</ns3:cad>
          </ns3:TrackPointExtension>
        </extensions>
      </trkpt>
      <trkpt lat="39.97409208677709102630615234375" lon="116.50212834589183330535888671875">
        <ele>37</ele>
        <time>2026-08-20T11:01:13.000Z</time>
        <extensions>
          <ns3:TrackPointExtension>
            <ns3:hr>133</ns3:hr>
            <ns3:cad>84</ns3:cad>
          </ns3:TrackPointExtension>
        </extensions>
      </trkpt>
      <trkpt lat="39.9740775860846042633056640625" lon="116.5021342970430850982666015625">
        <ele>37</ele>
        <time>2026-08-20T11:01:14.000Z</time>
        <extensions>
          <ns3:TrackPointExtension>
            <ns3:hr>133</ns3:hr>
            <ns3:cad>84</ns3:cad>
          </ns3:TrackPointExtension>
        </extensions>
      </trkpt>
      <trkpt lat="39.97405503876507282257080078125" lon="116.50214158929884433746337890625">
        <ele>37</ele>
        <time>2026-08-20T11:01:15.000Z</time>
        <extensions>
          <ns3:TrackPointExtension>
            <ns3:hr>134</ns3:hr>
            <ns3:cad>84</ns3:cad>
          </ns3:TrackPointExtension>
        </extensions>
      </trkpt>
      <trkpt lat="39.97403928078711032867431640625" lon="116.50214561261236667633056640625">
        <ele>37</ele>
        <time>2026-08-20T11:01:16.000Z</time>
        <extensions>
          <ns3:TrackPointExtension>
            <ns3:hr>134</ns3:hr>
            <ns3:cad>84</ns3:cad>
          </ns3:TrackPointExtension>
        </extensions>
      </trkpt>
      <trkpt lat="39.9740169011056423187255859375" lon="116.50215265341103076934814453125">
        <ele>37</ele>
        <time>2026-08-20T11:01:17.000Z</time>
        <extensions>
          <ns3:TrackPointExtension>
            <ns3:hr>134</ns3:hr>
            <ns3:cad>84</ns3:cad>
          </ns3:TrackPointExtension>
        </extensions>
      </trkpt>
      <trkpt lat="39.9739954434335231781005859375" lon="116.50215567089617252349853515625">
        <ele>37</ele>
        <time>2026-08-20T11:01:18.000Z</time>
        <extensions>
          <ns3:TrackPointExtension>
            <ns3:hr>135</ns3:hr>
            <ns3:cad>84</ns3:cad>
          </ns3:TrackPointExtension>
        </extensions>
      </trkpt>
      <trkpt lat="39.9739788472652435302734375" lon="116.50216958485543727874755859375">
        <ele>37</ele>
        <time>2026-08-20T11:01:19.000Z</time>
        <extensions>
          <ns3:TrackPointExtension>
            <ns3:hr>135</ns3:hr>
            <ns3:cad>84</ns3:cad>
          </ns3:TrackPointExtension>
        </extensions>
      </trkpt>
      <trkpt lat="39.97395596466958522796630859375" lon="116.5021785534918308258056640625">
        <ele>37</ele>
        <time>2026-08-20T11:01:20.000Z</time>
        <extensions>
          <ns3:TrackPointExtension>
            <ns3:hr>136</ns3:hr>
            <ns3:cad>85</ns3:cad>
          </ns3:TrackPointExtension>
        </extensions>
      </trkpt>
      <trkpt lat="39.9739367701113224029541015625" lon="116.50218584574759006500244140625">
        <ele>37</ele>
        <time>2026-08-20T11:01:21.000Z</time>
        <extensions>
          <ns3:TrackPointExtension>
            <ns3:hr>136</ns3:hr>
            <ns3:cad>85</ns3:cad>
          </ns3:TrackPointExtension>
        </extensions>
      </trkpt>
      <trkpt lat="39.97391648590564727783203125" lon="116.50219355709850788116455078125">
        <ele>37</ele>
        <time>2026-08-20T11:01:22.000Z</time>
        <extensions>
          <ns3:TrackPointExtension>
            <ns3:hr>136</ns3:hr>
            <ns3:cad>85</ns3:cad>
          </ns3:TrackPointExtension>
        </extensions>
      </trkpt>
      <trkpt lat="39.9738943576812744140625" lon="116.5021993406116962432861328125">
        <ele>37</ele>
        <time>2026-08-20T11:01:23.000Z</time>
        <extensions>
          <ns3:TrackPointExtension>
            <ns3:hr>136</ns3:hr>
            <ns3:cad>85</ns3:cad>
          </ns3:TrackPointExtension>
        </extensions>
      </trkpt>
      <trkpt lat="39.97387667186558246612548828125" lon="116.50220797397196292877197265625">
        <ele>36.799999237060546875</ele>
        <time>2026-08-20T11:01:24.000Z</time>
        <extensions>
          <ns3:TrackPointExtension>
            <ns3:hr>136</ns3:hr>
            <ns3:cad>83</ns3:cad>
          </ns3:TrackPointExtension>
        </extensions>
      </trkpt>
      <trkpt lat="39.9738519452512264251708984375" lon="116.50221325457096099853515625">
        <ele>36.799999237060546875</ele>
        <time>2026-08-20T11:01:25.000Z</time>
        <extensions>
          <ns3:TrackPointExtension>
            <ns3:hr>137</ns3:hr>
            <ns3:cad>83</ns3:cad>
          </ns3:TrackPointExtension>
        </extensions>
      </trkpt>
      <trkpt lat="39.9738311581313610076904296875" lon="116.5022214688360691070556640625">
        <ele>37</ele>
        <time>2026-08-20T11:01:26.000Z</time>
        <extensions>
          <ns3:TrackPointExtension>
            <ns3:hr>137</ns3:hr>
            <ns3:cad>83</ns3:cad>
          </ns3:TrackPointExtension>
        </extensions>
      </trkpt>
      <trkpt lat="39.97380743734538555145263671875" lon="116.5022308565676212310791015625">
        <ele>36.799999237060546875</ele>
        <time>2026-08-20T11:01:27.000Z</time>
        <extensions>
          <ns3:TrackPointExtension>
            <ns3:hr>137</ns3:hr>
            <ns3:cad>85</ns3:cad>
          </ns3:TrackPointExtension>
        </extensions>
      </trkpt>
      <trkpt lat="39.9737870693206787109375" lon="116.50223764590919017791748046875">
        <ele>36.799999237060546875</ele>
        <time>2026-08-20T11:01:28.000Z</time>
        <extensions>
          <ns3:TrackPointExtension>
            <ns3:hr>136</ns3:hr>
            <ns3:cad>85</ns3:cad>
          </ns3:TrackPointExtension>
        </extensions>
      </trkpt>
      <trkpt lat="39.97377055697143077850341796875" lon="116.50224720127880573272705078125">
        <ele>36.799999237060546875</ele>
        <time>2026-08-20T11:01:29.000Z</time>
        <extensions>
          <ns3:TrackPointExtension>
            <ns3:hr>137</ns3:hr>
            <ns3:cad>85</ns3:cad>
          </ns3:TrackPointExtension>
        </extensions>
      </trkpt>
      <trkpt lat="39.9737508594989776611328125" lon="116.5022553317248821258544921875">
        <ele>36.799999237060546875</ele>
        <time>2026-08-20T11:01:30.000Z</time>
        <extensions>
          <ns3:TrackPointExtension>
            <ns3:hr>137</ns3:hr>
            <ns3:cad>84</ns3:cad>
          </ns3:TrackPointExtension>
        </extensions>
      </trkpt>
      <trkpt lat="39.9737319163978099822998046875" lon="116.50226010940968990325927734375">
        <ele>36.799999237060546875</ele>
        <time>2026-08-20T11:01:31.000Z</time>
        <extensions>
          <ns3:TrackPointExtension>
            <ns3:hr>136</ns3:hr>
            <ns3:cad>84</ns3:cad>
          </ns3:TrackPointExtension>
        </extensions>
      </trkpt>
      <trkpt lat="39.97371104545891284942626953125" lon="116.50227352045476436614990234375">
        <ele>36.799999237060546875</ele>
        <time>2026-08-20T11:01:32.000Z</time>
        <extensions>
          <ns3:TrackPointExtension>
            <ns3:hr>137</ns3:hr>
            <ns3:cad>84</ns3:cad>
          </ns3:TrackPointExtension>
        </extensions>
      </trkpt>
      <trkpt lat="39.97368908487260341644287109375" lon="116.502281315624713897705078125">
        <ele>36.799999237060546875</ele>
        <time>2026-08-20T11:01:33.000Z</time>
        <extensions>
          <ns3:TrackPointExtension>
            <ns3:hr>137</ns3:hr>
            <ns3:cad>84</ns3:cad>
          </ns3:TrackPointExtension>
        </extensions>
      </trkpt>
      <trkpt lat="39.973671399056911468505859375" lon="116.5022898651659488677978515625">
        <ele>36.799999237060546875</ele>
        <time>2026-08-20T11:01:34.000Z</time>
        <extensions>
          <ns3:TrackPointExtension>
            <ns3:hr>136</ns3:hr>
            <ns3:cad>84</ns3:cad>
          </ns3:TrackPointExtension>
        </extensions>
      </trkpt>
      <trkpt lat="39.97364717535674571990966796875" lon="116.50229464285075664520263671875">
        <ele>36.799999237060546875</ele>
        <time>2026-08-20T11:01:35.000Z</time>
        <extensions>
          <ns3:TrackPointExtension>
            <ns3:hr>137</ns3:hr>
            <ns3:cad>84</ns3:cad>
          </ns3:TrackPointExtension>
        </extensions>
      </trkpt>
      <trkpt lat="39.97363192029297351837158203125" lon="116.5023019351065158843994140625">
        <ele>36.799999237060546875</ele>
        <time>2026-08-20T11:01:36.000Z</time>
        <extensions>
          <ns3:TrackPointExtension>
            <ns3:hr>137</ns3:hr>
            <ns3:cad>84</ns3:cad>
          </ns3:TrackPointExtension>
        </extensions>
      </trkpt>
      <trkpt lat="39.97360928915441036224365234375" lon="116.502304784953594207763671875">
        <ele>36.799999237060546875</ele>
        <time>2026-08-20T11:01:37.000Z</time>
        <extensions>
          <ns3:TrackPointExtension>
            <ns3:hr>136</ns3:hr>
            <ns3:cad>84</ns3:cad>
          </ns3:TrackPointExtension>
        </extensions>
      </trkpt>
      <trkpt lat="39.97359336353838443756103515625" lon="116.50231115520000457763671875">
        <ele>36.799999237060546875</ele>
        <time>2026-08-20T11:01:38.000Z</time>
        <extensions>
          <ns3:TrackPointExtension>
            <ns3:hr>137</ns3:hr>
            <ns3:cad>84</ns3:cad>
          </ns3:TrackPointExtension>
        </extensions>
      </trkpt>
      <trkpt lat="39.973570816218852996826171875" lon="116.502322219312191009521484375">
        <ele>36.799999237060546875</ele>
        <time>2026-08-20T11:01:39.000Z</time>
        <extensions>
          <ns3:TrackPointExtension>
            <ns3:hr>137</ns3:hr>
            <ns3:cad>84</ns3:cad>
          </ns3:TrackPointExtension>
        </extensions>
      </trkpt>
      <trkpt lat="39.97355212457478046417236328125" lon="116.50232724845409393310546875">
        <ele>36.799999237060546875</ele>
        <time>2026-08-20T11:01:40.000Z</time>
        <extensions>
          <ns3:TrackPointExtension>
            <ns3:hr>137</ns3:hr>
            <ns3:cad>85</ns3:cad>
          </ns3:TrackPointExtension>
        </extensions>
      </trkpt>
      <trkpt lat="39.97353586368262767791748046875" lon="116.5023354627192020416259765625">
        <ele>36.799999237060546875</ele>
        <time>2026-08-20T11:01:41.000Z</time>
        <extensions>
          <ns3:TrackPointExtension>
            <ns3:hr>137</ns3:hr>
            <ns3:cad>85</ns3:cad>
          </ns3:TrackPointExtension>
        </extensions>
      </trkpt>
      <trkpt lat="39.97351423837244510650634765625" lon="116.50233873166143894195556640625">
        <ele>36.799999237060546875</ele>
        <time>2026-08-20T11:01:42.000Z</time>
        <extensions>
          <ns3:TrackPointExtension>
            <ns3:hr>138</ns3:hr>
            <ns3:cad>84</ns3:cad>
          </ns3:TrackPointExtension>
        </extensions>
      </trkpt>
      <trkpt lat="39.9734978936612606048583984375" lon="116.50234744884073734283447265625">
        <ele>36.799999237060546875</ele>
        <time>2026-08-20T11:01:43.000Z</time>
        <extensions>
          <ns3:TrackPointExtension>
            <ns3:hr>138</ns3:hr>
            <ns3:cad>84</ns3:cad>
          </ns3:TrackPointExtension>
        </extensions>
      </trkpt>
      <trkpt lat="39.973470903933048248291015625" lon="116.5023535676300525665283203125">
        <ele>36.799999237060546875</ele>
        <time>2026-08-20T11:01:44.000Z</time>
        <extensions>
          <ns3:TrackPointExtension>
            <ns3:hr>138</ns3:hr>
            <ns3:cad>84</ns3:cad>
          </ns3:TrackPointExtension>
        </extensions>
      </trkpt>
      <trkpt lat="39.97345221228897571563720703125" lon="116.5023612789809703826904296875">
        <ele>36.799999237060546875</ele>
        <time>2026-08-20T11:01:45.000Z</time>
        <extensions>
          <ns3:TrackPointExtension>
            <ns3:hr>138</ns3:hr>
            <ns3:cad>84</ns3:cad>
          </ns3:TrackPointExtension>
        </extensions>
      </trkpt>
      <trkpt lat="39.97342824004590511322021484375" lon="116.50237125344574451446533203125">
        <ele>36.799999237060546875</ele>
        <time>2026-08-20T11:01:46.000Z</time>
        <extensions>
          <ns3:TrackPointExtension>
            <ns3:hr>138</ns3:hr>
            <ns3:cad>85</ns3:cad>
          </ns3:TrackPointExtension>
        </extensions>
      </trkpt>
      <trkpt lat="39.973406530916690826416015625" lon="116.502376534044742584228515625">
        <ele>36.799999237060546875</ele>
        <time>2026-08-20T11:01:47.000Z</time>
        <extensions>
          <ns3:TrackPointExtension>
            <ns3:hr>138</ns3:hr>
            <ns3:cad>86</ns3:cad>
          </ns3:TrackPointExtension>
        </extensions>
      </trkpt>
      <trkpt lat="39.9733865819871425628662109375" lon="116.502385251224040985107421875">
        <ele>36.799999237060546875</ele>
        <time>2026-08-20T11:01:48.000Z</time>
        <extensions>
          <ns3:TrackPointExtension>
            <ns3:hr>138</ns3:hr>
            <ns3:cad>86</ns3:cad>
          </ns3:TrackPointExtension>
        </extensions>
      </trkpt>
      <trkpt lat="39.97336185537278652191162109375" lon="116.502393968403339385986328125">
        <ele>36.799999237060546875</ele>
        <time>2026-08-20T11:01:49.000Z</time>
        <extensions>
          <ns3:TrackPointExtension>
            <ns3:hr>138</ns3:hr>
            <ns3:cad>86</ns3:cad>
          </ns3:TrackPointExtension>
        </extensions>
      </trkpt>
      <trkpt lat="39.97334257699549198150634765625" lon="116.5024005062878131866455078125">
        <ele>36.799999237060546875</ele>
        <time>2026-08-20T11:01:50.000Z</time>
        <extensions>
          <ns3:TrackPointExtension>
            <ns3:hr>138</ns3:hr>
            <ns3:cad>85</ns3:cad>
          </ns3:TrackPointExtension>
        </extensions>
      </trkpt>
      <trkpt lat="39.9733225442469120025634765625" lon="116.5024112351238727569580078125">
        <ele>36.799999237060546875</ele>
        <time>2026-08-20T11:01:51.000Z</time>
        <extensions>
          <ns3:TrackPointExtension>
            <ns3:hr>137</ns3:hr>
            <ns3:cad>85</ns3:cad>
          </ns3:TrackPointExtension>
        </extensions>
      </trkpt>
      <trkpt lat="39.97330066747963428497314453125" lon="116.50241416878998279571533203125">
        <ele>36.799999237060546875</ele>
        <time>2026-08-20T11:01:52.000Z</time>
        <extensions>
          <ns3:TrackPointExtension>
            <ns3:hr>138</ns3:hr>
            <ns3:cad>84</ns3:cad>
          </ns3:TrackPointExtension>
        </extensions>
      </trkpt>
      <trkpt lat="39.97328348457813262939453125" lon="116.50241953320801258087158203125">
        <ele>36.799999237060546875</ele>
        <time>2026-08-20T11:01:53.000Z</time>
        <extensions>
          <ns3:TrackPointExtension>
            <ns3:hr>138</ns3:hr>
            <ns3:cad>84</ns3:cad>
          </ns3:TrackPointExtension>
        </extensions>
      </trkpt>
      <trkpt lat="39.9732585065066814422607421875" lon="116.50242154486477375030517578125">
        <ele>36.799999237060546875</ele>
        <time>2026-08-20T11:01:54.000Z</time>
        <extensions>
          <ns3:TrackPointExtension>
            <ns3:hr>138</ns3:hr>
            <ns3:cad>84</ns3:cad>
          </ns3:TrackPointExtension>
        </extensions>
      </trkpt>
      <trkpt lat="39.9732387252151966094970703125" lon="116.5024296753108501434326171875">
        <ele>36.799999237060546875</ele>
        <time>2026-08-20T11:01:55.000Z</time>
        <extensions>
          <ns3:TrackPointExtension>
            <ns3:hr>137</ns3:hr>
            <ns3:cad>83</ns3:cad>
          </ns3:TrackPointExtension>
        </extensions>
      </trkpt>
      <trkpt lat="39.9732170999050140380859375" lon="116.50243847630918025970458984375">
        <ele>36.799999237060546875</ele>
        <time>2026-08-20T11:01:56.000Z</time>
        <extensions>
          <ns3:TrackPointExtension>
            <ns3:hr>138</ns3:hr>
            <ns3:cad>83</ns3:cad>
          </ns3:TrackPointExtension>
        </extensions>
      </trkpt>
      <trkpt lat="39.973194301128387451171875" lon="116.50244149379432201385498046875">
        <ele>36.799999237060546875</ele>
        <time>2026-08-20T11:01:57.000Z</time>
        <extensions>
          <ns3:TrackPointExtension>
            <ns3:hr>138</ns3:hr>
            <ns3:cad>83</ns3:cad>
          </ns3:TrackPointExtension>
        </extensions>
      </trkpt>
      <trkpt lat="39.97317695058882236480712890625" lon="116.50244660675525665283203125">
        <ele>36.799999237060546875</ele>
        <time>2026-08-20T11:01:58.000Z</time>
        <extensions>
          <ns3:TrackPointExtension>
            <ns3:hr>137</ns3:hr>
            <ns3:cad>83</ns3:cad>
          </ns3:TrackPointExtension>
        </extensions>
      </trkpt>
      <trkpt lat="39.97315331362187862396240234375" lon="116.50245155207812786102294921875">
        <ele>36.799999237060546875</ele>
        <time>2026-08-20T11:01:59.000Z</time>
        <extensions>
          <ns3:TrackPointExtension>
            <ns3:hr>137</ns3:hr>
            <ns3:cad>84</ns3:cad>
          </ns3:TrackPointExtension>
        </extensions>
      </trkpt>
      <trkpt lat="39.97313185594975948333740234375" lon="116.50245197117328643798828125">
        <ele>36.799999237060546875</ele>
        <time>2026-08-20T11:02:00.000Z</time>
        <extensions>
          <ns3:TrackPointExtension>
            <ns3:hr>137</ns3:hr>
            <ns3:cad>84</ns3:cad>
          </ns3:TrackPointExtension>
        </extensions>
      </trkpt>
      <trkpt lat="39.9731150083243846893310546875" lon="116.50245741941034793853759765625">
        <ele>36.799999237060546875</ele>
        <time>2026-08-20T11:02:01.000Z</time>
        <extensions>
          <ns3:TrackPointExtension>
            <ns3:hr>137</ns3:hr>
            <ns3:cad>84</ns3:cad>
          </ns3:TrackPointExtension>
        </extensions>
      </trkpt>
      <trkpt lat="39.97309346683323383331298828125" lon="116.50245574302971363067626953125">
        <ele>36.799999237060546875</ele>
        <time>2026-08-20T11:02:02.000Z</time>
        <extensions>
          <ns3:TrackPointExtension>
            <ns3:hr>138</ns3:hr>
            <ns3:cad>82</ns3:cad>
          </ns3:TrackPointExtension>
        </extensions>
      </trkpt>
      <trkpt lat="39.9730744399130344390869140625" lon="116.50245423428714275360107421875">
        <ele>36.799999237060546875</ele>
        <time>2026-08-20T11:02:03.000Z</time>
        <extensions>
          <ns3:TrackPointExtension>
            <ns3:hr>137</ns3:hr>
            <ns3:cad>82</ns3:cad>
          </ns3:TrackPointExtension>
        </extensions>
      </trkpt>
      <trkpt lat="39.97305222786962985992431640625" lon="116.50245255790650844573974609375">
        <ele>36.799999237060546875</ele>
        <time>2026-08-20T11:02:04.000Z</time>
        <extensions>
          <ns3:TrackPointExtension>
            <ns3:hr>137</ns3:hr>
            <ns3:cad>82</ns3:cad>
          </ns3:TrackPointExtension>
        </extensions>
      </trkpt>
      <trkpt lat="39.97303429059684276580810546875" lon="116.5024494566023349761962890625">
        <ele>36.799999237060546875</ele>
        <time>2026-08-20T11:02:05.000Z</time>
        <extensions>
          <ns3:TrackPointExtension>
            <ns3:hr>136</ns3:hr>
            <ns3:cad>82</ns3:cad>
          </ns3:TrackPointExtension>
        </extensions>
      </trkpt>
      <trkpt lat="39.97301635332405567169189453125" lon="116.502450294792652130126953125">
        <ele>36.799999237060546875</ele>
        <time>2026-08-20T11:02:06.000Z</time>
        <extensions>
          <ns3:TrackPointExtension>
            <ns3:hr>136</ns3:hr>
            <ns3:cad>83</ns3:cad>
          </ns3:TrackPointExtension>
        </extensions>
      </trkpt>
      <trkpt lat="39.97299514710903167724609375" lon="116.50244928896427154541015625">
        <ele>36.799999237060546875</ele>
        <time>2026-08-20T11:02:07.000Z</time>
        <extensions>
          <ns3:TrackPointExtension>
            <ns3:hr>136</ns3:hr>
            <ns3:cad>84</ns3:cad>
          </ns3:TrackPointExtension>
        </extensions>
      </trkpt>
      <trkpt lat="39.97297813184559345245361328125" lon="116.50245121680200099945068359375">
        <ele>36.799999237060546875</ele>
        <time>2026-08-20T11:02:08.000Z</time>
        <extensions>
          <ns3:TrackPointExtension>
            <ns3:hr>136</ns3:hr>
            <ns3:cad>84</ns3:cad>
          </ns3:TrackPointExtension>
        </extensions>
      </trkpt>
      <trkpt lat="39.97295583598315715789794921875" lon="116.50245054624974727630615234375">
        <ele>36.799999237060546875</ele>
        <time>2026-08-20T11:02:09.000Z</time>
        <extensions>
          <ns3:TrackPointExtension>
            <ns3:hr>136</ns3:hr>
            <ns3:cad>84</ns3:cad>
          </ns3:TrackPointExtension>
        </extensions>
      </trkpt>
      <trkpt lat="39.972938485443592071533203125" lon="116.502449624240398406982421875">
        <ele>36.799999237060546875</ele>
        <time>2026-08-20T11:02:10.000Z</time>
        <extensions>
          <ns3:TrackPointExtension>
            <ns3:hr>136</ns3:hr>
            <ns3:cad>84</ns3:cad>
          </ns3:TrackPointExtension>
        </extensions>
      </trkpt>
      <trkpt lat="39.97291593812406063079833984375" lon="116.50245155207812786102294921875">
        <ele>36.799999237060546875</ele>
        <time>2026-08-20T11:02:11.000Z</time>
        <extensions>
          <ns3:TrackPointExtension>
            <ns3:hr>136</ns3:hr>
            <ns3:cad>84</ns3:cad>
          </ns3:TrackPointExtension>
        </extensions>
      </trkpt>
      <trkpt lat="39.972891546785831451416015625" lon="116.5024541504681110382080078125">
        <ele>36.799999237060546875</ele>
        <time>2026-08-20T11:02:12.000Z</time>
        <extensions>
          <ns3:TrackPointExtension>
            <ns3:hr>136</ns3:hr>
            <ns3:cad>84</ns3:cad>
          </ns3:TrackPointExtension>
        </extensions>
      </trkpt>
      <trkpt lat="39.97287235222756862640380859375" lon="116.502456329762935638427734375">
        <ele>36.799999237060546875</ele>
        <time>2026-08-20T11:02:13.000Z</time>
        <extensions>
          <ns3:TrackPointExtension>
            <ns3:hr>136</ns3:hr>
            <ns3:cad>84</ns3:cad>
          </ns3:TrackPointExtension>
        </extensions>
      </trkpt>
      <trkpt lat="39.97285005636513233184814453125" lon="116.502459347248077392578125">
        <ele>36.799999237060546875</ele>
        <time>2026-08-20T11:02:14.000Z</time>
        <extensions>
          <ns3:TrackPointExtension>
            <ns3:hr>136</ns3:hr>
            <ns3:cad>85</ns3:cad>
          </ns3:TrackPointExtension>
        </extensions>
      </trkpt>
      <trkpt lat="39.9728320352733135223388671875" lon="116.5024611912667751312255859375">
        <ele>36.799999237060546875</ele>
        <time>2026-08-20T11:02:15.000Z</time>
        <extensions>
          <ns3:TrackPointExtension>
            <ns3:hr>136</ns3:hr>
            <ns3:cad>86</ns3:cad>
          </ns3:TrackPointExtension>
        </extensions>
      </trkpt>
      <trkpt lat="39.97280797921121120452880859375" lon="116.50246211327612400054931640625">
        <ele>36.799999237060546875</ele>
        <time>2026-08-20T11:02:16.000Z</time>
        <extensions>
          <ns3:TrackPointExtension>
            <ns3:hr>136</ns3:hr>
            <ns3:cad>86</ns3:cad>
          </ns3:TrackPointExtension>
        </extensions>
      </trkpt>
      <trkpt lat="39.97278937138617038726806640625" lon="116.5024618618190288543701171875">
        <ele>37</ele>
        <time>2026-08-20T11:02:17.000Z</time>
        <extensions>
          <ns3:TrackPointExtension>
            <ns3:hr>135</ns3:hr>
            <ns3:cad>86</ns3:cad>
          </ns3:TrackPointExtension>
        </extensions>
      </trkpt>
      <trkpt lat="39.9727656506001949310302734375" lon="116.50246513076126575469970703125">
        <ele>37</ele>
        <time>2026-08-20T11:02:18.000Z</time>
        <extensions>
          <ns3:TrackPointExtension>
            <ns3:hr>136</ns3:hr>
            <ns3:cad>86</ns3:cad>
          </ns3:TrackPointExtension>
        </extensions>
      </trkpt>
      <trkpt lat="39.972743354737758636474609375" lon="116.502464711666107177734375">
        <ele>37</ele>
        <time>2026-08-20T11:02:19.000Z</time>
        <extensions>
          <ns3:TrackPointExtension>
            <ns3:hr>136</ns3:hr>
            <ns3:cad>85</ns3:cad>
          </ns3:TrackPointExtension>
        </extensions>
      </trkpt>
      <trkpt lat="39.97272416017949581146240234375" lon="116.5024695731699466705322265625">
        <ele>37</ele>
        <time>2026-08-20T11:02:20.000Z</time>
        <extensions>
          <ns3:TrackPointExtension>
            <ns3:hr>136</ns3:hr>
            <ns3:cad>85</ns3:cad>
          </ns3:TrackPointExtension>
        </extensions>
      </trkpt>
      <trkpt lat="39.9727021157741546630859375" lon="116.50246898643672466278076171875">
        <ele>37</ele>
        <time>2026-08-20T11:02:21.000Z</time>
        <extensions>
          <ns3:TrackPointExtension>
            <ns3:hr>136</ns3:hr>
            <ns3:cad>85</ns3:cad>
          </ns3:TrackPointExtension>
        </extensions>
      </trkpt>
      <trkpt lat="39.97268493287265300750732421875" lon="116.5024732612073421478271484375">
        <ele>37</ele>
        <time>2026-08-20T11:02:22.000Z</time>
        <extensions>
          <ns3:TrackPointExtension>
            <ns3:hr>136</ns3:hr>
            <ns3:cad>86</ns3:cad>
          </ns3:TrackPointExtension>
        </extensions>
      </trkpt>
      <trkpt lat="39.97266045771539211273193359375" lon="116.502471081912517547607421875">
        <ele>37</ele>
        <time>2026-08-20T11:02:23.000Z</time>
        <extensions>
          <ns3:TrackPointExtension>
            <ns3:hr>136</ns3:hr>
            <ns3:cad>86</ns3:cad>
          </ns3:TrackPointExtension>
        </extensions>
      </trkpt>
      <trkpt lat="39.97264134697616100311279296875" lon="116.50247275829315185546875">
        <ele>37</ele>
        <time>2026-08-20T11:02:24.000Z</time>
        <extensions>
          <ns3:TrackPointExtension>
            <ns3:hr>136</ns3:hr>
            <ns3:cad>86</ns3:cad>
          </ns3:TrackPointExtension>
        </extensions>
      </trkpt>
      <trkpt lat="39.972620308399200439453125" lon="116.5024762786924839019775390625">
        <ele>37</ele>
        <time>2026-08-20T11:02:25.000Z</time>
        <extensions>
          <ns3:TrackPointExtension>
            <ns3:hr>136</ns3:hr>
            <ns3:cad>86</ns3:cad>
          </ns3:TrackPointExtension>
        </extensions>
      </trkpt>
      <trkpt lat="39.972595833241939544677734375" lon="116.50247468613088130950927734375">
        <ele>37</ele>
        <time>2026-08-20T11:02:26.000Z</time>
        <extensions>
          <ns3:TrackPointExtension>
            <ns3:hr>135</ns3:hr>
            <ns3:cad>87</ns3:cad>
          </ns3:TrackPointExtension>
        </extensions>
      </trkpt>
      <trkpt lat="39.972578398883342742919921875" lon="116.5024806372821331024169921875">
        <ele>37</ele>
        <time>2026-08-20T11:02:27.000Z</time>
        <extensions>
          <ns3:TrackPointExtension>
            <ns3:hr>136</ns3:hr>
            <ns3:cad>85</ns3:cad>
          </ns3:TrackPointExtension>
        </extensions>
      </trkpt>
      <trkpt lat="39.9725545942783355712890625" lon="116.50248306803405284881591796875">
        <ele>37</ele>
        <time>2026-08-20T11:02:28.000Z</time>
        <extensions>
          <ns3:TrackPointExtension>
            <ns3:hr>136</ns3:hr>
            <ns3:cad>85</ns3:cad>
          </ns3:TrackPointExtension>
        </extensions>
      </trkpt>
      <trkpt lat="39.972538165748119354248046875" lon="116.5024890191853046417236328125">
        <ele>37</ele>
        <time>2026-08-20T11:02:29.000Z</time>
        <extensions>
          <ns3:TrackPointExtension>
            <ns3:hr>136</ns3:hr>
            <ns3:cad>85</ns3:cad>
          </ns3:TrackPointExtension>
        </extensions>
      </trkpt>
      <trkpt lat="39.97251570224761962890625" lon="116.50249044410884380340576171875">
        <ele>37</ele>
        <time>2026-08-20T11:02:30.000Z</time>
        <extensions>
          <ns3:TrackPointExtension>
            <ns3:hr>136</ns3:hr>
            <ns3:cad>85</ns3:cad>
          </ns3:TrackPointExtension>
        </extensions>
      </trkpt>
      <trkpt lat="39.97249583713710308074951171875" lon="116.5024917013943195343017578125">
        <ele>37.200000762939453125</ele>
        <time>2026-08-20T11:02:31.000Z</time>
        <extensions>
          <ns3:TrackPointExtension>
            <ns3:hr>136</ns3:hr>
            <ns3:cad>84</ns3:cad>
          </ns3:TrackPointExtension>
        </extensions>
      </trkpt>
      <trkpt lat="39.97247773222625255584716796875" lon="116.50249631144106388092041015625">
        <ele>37.200000762939453125</ele>
        <time>2026-08-20T11:02:32.000Z</time>
        <extensions>
          <ns3:TrackPointExtension>
            <ns3:hr>136</ns3:hr>
            <ns3:cad>84</ns3:cad>
          </ns3:TrackPointExtension>
        </extensions>
      </trkpt>
      <trkpt lat="39.972456358373165130615234375" lon="116.5024970658123493194580078125">
        <ele>37.200000762939453125</ele>
        <time>2026-08-20T11:02:33.000Z</time>
        <extensions>
          <ns3:TrackPointExtension>
            <ns3:hr>136</ns3:hr>
            <ns3:cad>85</ns3:cad>
          </ns3:TrackPointExtension>
        </extensions>
      </trkpt>
      <trkpt lat="39.9724404327571392059326171875" lon="116.50249513797461986541748046875">
        <ele>37.200000762939453125</ele>
        <time>2026-08-20T11:02:34.000Z</time>
        <extensions>
          <ns3:TrackPointExtension>
            <ns3:hr>136</ns3:hr>
            <ns3:cad>85</ns3:cad>
          </ns3:TrackPointExtension>
        </extensions>
      </trkpt>
      <trkpt lat="39.9724166281521320343017578125" lon="116.50249061174690723419189453125">
        <ele>37.200000762939453125</ele>
        <time>2026-08-20T11:02:35.000Z</time>
        <extensions>
          <ns3:TrackPointExtension>
            <ns3:hr>136</ns3:hr>
            <ns3:cad>85</ns3:cad>
          </ns3:TrackPointExtension>
        </extensions>
      </trkpt>
      <trkpt lat="39.9723948352038860321044921875" lon="116.50248725898563861846923828125">
        <ele>37.200000762939453125</ele>
        <time>2026-08-20T11:02:36.000Z</time>
        <extensions>
          <ns3:TrackPointExtension>
            <ns3:hr>136</ns3:hr>
            <ns3:cad>85</ns3:cad>
          </ns3:TrackPointExtension>
        </extensions>
      </trkpt>
      <trkpt lat="39.97237161733210086822509765625" lon="116.502484492957592010498046875">
        <ele>37.200000762939453125</ele>
        <time>2026-08-20T11:02:37.000Z</time>
        <extensions>
          <ns3:TrackPointExtension>
            <ns3:hr>136</ns3:hr>
            <ns3:cad>84</ns3:cad>
          </ns3:TrackPointExtension>
        </extensions>
      </trkpt>
      <trkpt lat="39.97235015965998172760009765625" lon="116.50248273275792598724365234375">
        <ele>37</ele>
        <time>2026-08-20T11:02:38.000Z</time>
        <extensions>
          <ns3:TrackPointExtension>
            <ns3:hr>136</ns3:hr>
            <ns3:cad>83</ns3:cad>
          </ns3:TrackPointExtension>
        </extensions>
      </trkpt>
      <trkpt lat="39.97233121655881404876708984375" lon="116.50248692370951175689697265625">
        <ele>37</ele>
        <time>2026-08-20T11:02:39.000Z</time>
        <extensions>
          <ns3:TrackPointExtension>
            <ns3:hr>136</ns3:hr>
            <ns3:cad>83</ns3:cad>
          </ns3:TrackPointExtension>
        </extensions>
      </trkpt>
      <trkpt lat="39.9723083339631557464599609375" lon="116.50247879326343536376953125">
        <ele>37</ele>
        <time>2026-08-20T11:02:40.000Z</time>
        <extensions>
          <ns3:TrackPointExtension>
            <ns3:hr>136</ns3:hr>
            <ns3:cad>85</ns3:cad>
          </ns3:TrackPointExtension>
        </extensions>
      </trkpt>
      <trkpt lat="39.972293414175510406494140625" lon="116.5024794638156890869140625">
        <ele>37</ele>
        <time>2026-08-20T11:02:41.000Z</time>
        <extensions>
          <ns3:TrackPointExtension>
            <ns3:hr>136</ns3:hr>
            <ns3:cad>86</ns3:cad>
          </ns3:TrackPointExtension>
        </extensions>
      </trkpt>
      <trkpt lat="39.97226826846599578857421875" lon="116.5024715848267078399658203125">
        <ele>37.200000762939453125</ele>
        <time>2026-08-20T11:02:42.000Z</time>
        <extensions>
          <ns3:TrackPointExtension>
            <ns3:hr>137</ns3:hr>
            <ns3:cad>86</ns3:cad>
          </ns3:TrackPointExtension>
        </extensions>
      </trkpt>
      <trkpt lat="39.97225326485931873321533203125" lon="116.502471081912517547607421875">
        <ele>37.200000762939453125</ele>
        <time>2026-08-20T11:02:43.000Z</time>
        <extensions>
          <ns3:TrackPointExtension>
            <ns3:hr>136</ns3:hr>
            <ns3:cad>86</ns3:cad>
          </ns3:TrackPointExtension>
        </extensions>
      </trkpt>
      <trkpt lat="39.972231052815914154052734375" lon="116.502471081912517547607421875">
        <ele>37.200000762939453125</ele>
        <time>2026-08-20T11:02:44.000Z</time>
        <extensions>
          <ns3:TrackPointExtension>
            <ns3:hr>136</ns3:hr>
            <ns3:cad>84</ns3:cad>
          </ns3:TrackPointExtension>
        </extensions>
      </trkpt>
      <trkpt lat="39.97221219353377819061279296875" lon="116.50246764533221721649169921875">
        <ele>37.200000762939453125</ele>
        <time>2026-08-20T11:02:45.000Z</time>
        <extensions>
          <ns3:TrackPointExtension>
            <ns3:hr>137</ns3:hr>
            <ns3:cad>84</ns3:cad>
          </ns3:TrackPointExtension>
        </extensions>
      </trkpt>
      <trkpt lat="39.9721936695277690887451171875" lon="116.5024658851325511932373046875">
        <ele>37.200000762939453125</ele>
        <time>2026-08-20T11:02:46.000Z</time>
        <extensions>
          <ns3:TrackPointExtension>
            <ns3:hr>136</ns3:hr>
            <ns3:cad>85</ns3:cad>
          </ns3:TrackPointExtension>
        </extensions>
      </trkpt>
      <trkpt lat="39.97217212803661823272705078125" lon="116.50245557539165019989013671875">
        <ele>37.40000152587890625</ele>
        <time>2026-08-20T11:02:47.000Z</time>
        <extensions>
          <ns3:TrackPointExtension>
            <ns3:hr>136</ns3:hr>
            <ns3:cad>86</ns3:cad>
          </ns3:TrackPointExtension>
        </extensions>
      </trkpt>
      <trkpt lat="39.9721577949821949005126953125" lon="116.50245658122003078460693359375">
        <ele>37.40000152587890625</ele>
        <time>2026-08-20T11:02:48.000Z</time>
        <extensions>
          <ns3:TrackPointExtension>
            <ns3:hr>137</ns3:hr>
            <ns3:cad>85</ns3:cad>
          </ns3:TrackPointExtension>
        </extensions>
      </trkpt>
      <trkpt lat="39.972132146358489990234375" lon="116.50245867669582366943359375">
        <ele>37.40000152587890625</ele>
        <time>2026-08-20T11:02:49.000Z</time>
        <extensions>
          <ns3:TrackPointExtension>
            <ns3:hr>137</ns3:hr>
            <ns3:cad>85</ns3:cad>
          </ns3:TrackPointExtension>
        </extensions>
      </trkpt>
      <trkpt lat="39.972111694514751434326171875" lon="116.5024526417255401611328125">
        <ele>37.40000152587890625</ele>
        <time>2026-08-20T11:02:50.000Z</time>
        <extensions>
          <ns3:TrackPointExtension>
            <ns3:hr>137</ns3:hr>
            <ns3:cad>85</ns3:cad>
          </ns3:TrackPointExtension>
        </extensions>
      </trkpt>
      <trkpt lat="39.97208990156650543212890625" lon="116.5024571679532527923583984375">
        <ele>37.40000152587890625</ele>
        <time>2026-08-20T11:02:51.000Z</time>
        <extensions>
          <ns3:TrackPointExtension>
            <ns3:hr>137</ns3:hr>
            <ns3:cad>84</ns3:cad>
          </ns3:TrackPointExtension>
        </extensions>
      </trkpt>
      <trkpt lat="39.97206752188503742218017578125" lon="116.50245674885809421539306640625">
        <ele>37.40000152587890625</ele>
        <time>2026-08-20T11:02:52.000Z</time>
        <extensions>
          <ns3:TrackPointExtension>
            <ns3:hr>136</ns3:hr>
            <ns3:cad>84</ns3:cad>
          </ns3:TrackPointExtension>
        </extensions>
      </trkpt>
      <trkpt lat="39.972050003707408905029296875" lon="116.50245892815291881561279296875">
        <ele>37.40000152587890625</ele>
        <time>2026-08-20T11:02:53.000Z</time>
        <extensions>
          <ns3:TrackPointExtension>
            <ns3:hr>137</ns3:hr>
            <ns3:cad>85</ns3:cad>
          </ns3:TrackPointExtension>
        </extensions>
      </trkpt>
      <trkpt lat="39.9720223434269428253173828125" lon="116.50246328674256801605224609375">
        <ele>37.59999847412109375</ele>
        <time>2026-08-20T11:02:54.000Z</time>
        <extensions>
          <ns3:TrackPointExtension>
            <ns3:hr>137</ns3:hr>
            <ns3:cad>85</ns3:cad>
          </ns3:TrackPointExtension>
        </extensions>
      </trkpt>
      <trkpt lat="39.972002394497394561767578125" lon="116.50246529839932918548583984375">
        <ele>37.59999847412109375</ele>
        <time>2026-08-20T11:02:55.000Z</time>
        <extensions>
          <ns3:TrackPointExtension>
            <ns3:hr>136</ns3:hr>
            <ns3:cad>85</ns3:cad>
          </ns3:TrackPointExtension>
        </extensions>
      </trkpt>
      <trkpt lat="39.9719851277768611907958984375" lon="116.50247502140700817108154296875">
        <ele>37.59999847412109375</ele>
        <time>2026-08-20T11:02:56.000Z</time>
        <extensions>
          <ns3:TrackPointExtension>
            <ns3:hr>137</ns3:hr>
            <ns3:cad>85</ns3:cad>
          </ns3:TrackPointExtension>
        </extensions>
      </trkpt>
      <trkpt lat="39.97196190990507602691650390625" lon="116.50248072110116481781005859375">
        <ele>37.59999847412109375</ele>
        <time>2026-08-20T11:02:57.000Z</time>
        <extensions>
          <ns3:TrackPointExtension>
            <ns3:hr>137</ns3:hr>
            <ns3:cad>84</ns3:cad>
          </ns3:TrackPointExtension>
        </extensions>
      </trkpt>
      <trkpt lat="39.97194950468838214874267578125" lon="116.502490527927875518798828125">
        <ele>37.59999847412109375</ele>
        <time>2026-08-20T11:02:58.000Z</time>
        <extensions>
          <ns3:TrackPointExtension>
            <ns3:hr>137</ns3:hr>
            <ns3:cad>84</ns3:cad>
          </ns3:TrackPointExtension>
        </extensions>
      </trkpt>
      <trkpt lat="39.97192737646400928497314453125" lon="116.50249664671719074249267578125">
        <ele>37.59999847412109375</ele>
        <time>2026-08-20T11:02:59.000Z</time>
        <extensions>
          <ns3:TrackPointExtension>
            <ns3:hr>137</ns3:hr>
            <ns3:cad>83</ns3:cad>
          </ns3:TrackPointExtension>
        </extensions>
      </trkpt>
      <trkpt lat="39.97190843336284160614013671875" lon="116.50249580852687358856201171875">
        <ele>37.59999847412109375</ele>
        <time>2026-08-20T11:03:00.000Z</time>
        <extensions>
          <ns3:TrackPointExtension>
            <ns3:hr>137</ns3:hr>
            <ns3:cad>83</ns3:cad>
          </ns3:TrackPointExtension>
        </extensions>
      </trkpt>
      <trkpt lat="39.97189518995583057403564453125" lon="116.50250335223972797393798828125">
        <ele>37.59999847412109375</ele>
        <time>2026-08-20T11:03:01.000Z</time>
        <extensions>
          <ns3:TrackPointExtension>
            <ns3:hr>137</ns3:hr>
            <ns3:cad>83</ns3:cad>
          </ns3:TrackPointExtension>
        </extensions>
      </trkpt>
      <trkpt lat="39.9718759953975677490234375" lon="116.5025020949542522430419921875">
        <ele>37.59999847412109375</ele>
        <time>2026-08-20T11:03:02.000Z</time>
        <extensions>
          <ns3:TrackPointExtension>
            <ns3:hr>137</ns3:hr>
            <ns3:cad>83</ns3:cad>
          </ns3:TrackPointExtension>
        </extensions>
      </trkpt>
      <trkpt lat="39.9718625843524932861328125" lon="116.502502262592315673828125">
        <ele>37.59999847412109375</ele>
        <time>2026-08-20T11:03:03.000Z</time>
        <extensions>
          <ns3:TrackPointExtension>
            <ns3:hr>137</ns3:hr>
            <ns3:cad>83</ns3:cad>
          </ns3:TrackPointExtension>
        </extensions>
      </trkpt>
      <trkpt lat="39.971836768090724945068359375" lon="116.5024980716407299041748046875">
        <ele>37.799999237060546875</ele>
        <time>2026-08-20T11:03:04.000Z</time>
        <extensions>
          <ns3:TrackPointExtension>
            <ns3:hr>137</ns3:hr>
            <ns3:cad>83</ns3:cad>
          </ns3:TrackPointExtension>
        </extensions>
      </trkpt>
      <trkpt lat="39.97181497514247894287109375" lon="116.5024900250136852264404296875">
        <ele>37.59999847412109375</ele>
        <time>2026-08-20T11:03:05.000Z</time>
        <extensions>
          <ns3:TrackPointExtension>
            <ns3:hr>137</ns3:hr>
            <ns3:cad>83</ns3:cad>
          </ns3:TrackPointExtension>
        </extensions>
      </trkpt>
      <trkpt lat="39.97179829515516757965087890625" lon="116.50249128229916095733642578125">
        <ele>37.59999847412109375</ele>
        <time>2026-08-20T11:03:06.000Z</time>
        <extensions>
          <ns3:TrackPointExtension>
            <ns3:hr>138</ns3:hr>
            <ns3:cad>83</ns3:cad>
          </ns3:TrackPointExtension>
        </extensions>
      </trkpt>
      <trkpt lat="39.9717722274363040924072265625" lon="116.50249094702303409576416015625">
        <ele>37.799999237060546875</ele>
        <time>2026-08-20T11:03:07.000Z</time>
        <extensions>
          <ns3:TrackPointExtension>
            <ns3:hr>137</ns3:hr>
            <ns3:cad>84</ns3:cad>
          </ns3:TrackPointExtension>
        </extensions>
      </trkpt>
      <trkpt lat="39.971755631268024444580078125" lon="116.50249664671719074249267578125">
        <ele>37.799999237060546875</ele>
        <time>2026-08-20T11:03:08.000Z</time>
        <extensions>
          <ns3:TrackPointExtension>
            <ns3:hr>137</ns3:hr>
            <ns3:cad>84</ns3:cad>
          </ns3:TrackPointExtension>
        </extensions>
      </trkpt>
      <trkpt lat="39.97176191769540309906005859375" lon="116.50251056067645549774169921875">
        <ele>37.799999237060546875</ele>
        <time>2026-08-20T11:03:09.000Z</time>
        <extensions>
          <ns3:TrackPointExtension>
            <ns3:hr>138</ns3:hr>
            <ns3:cad>84</ns3:cad>
          </ns3:TrackPointExtension>
        </extensions>
      </trkpt>
      <trkpt lat="39.9717792682349681854248046875" lon="116.50253235362470149993896484375">
        <ele>38</ele>
        <time>2026-08-20T11:03:10.000Z</time>
        <extensions>
          <ns3:TrackPointExtension>
            <ns3:hr>138</ns3:hr>
            <ns3:cad>84</ns3:cad>
          </ns3:TrackPointExtension>
        </extensions>
      </trkpt>
      <trkpt lat="39.97179611586034297943115234375" lon="116.50253922678530216217041015625">
        <ele>38</ele>
        <time>2026-08-20T11:03:11.000Z</time>
        <extensions>
          <ns3:TrackPointExtension>
            <ns3:hr>138</ns3:hr>
            <ns3:cad>83</ns3:cad>
          </ns3:TrackPointExtension>
        </extensions>
      </trkpt>
      <trkpt lat="39.9718218483030796051025390625" lon="116.50254157371819019317626953125">
        <ele>38</ele>
        <time>2026-08-20T11:03:12.000Z</time>
        <extensions>
          <ns3:TrackPointExtension>
            <ns3:hr>137</ns3:hr>
            <ns3:cad>82</ns3:cad>
          </ns3:TrackPointExtension>
        </extensions>
      </trkpt>
      <trkpt lat="39.9718399532139301300048828125" lon="116.50254392065107822418212890625">
        <ele>37.799999237060546875</ele>
        <time>2026-08-20T11:03:13.000Z</time>
        <extensions>
          <ns3:TrackPointExtension>
            <ns3:hr>138</ns3:hr>
            <ns3:cad>82</ns3:cad>
          </ns3:TrackPointExtension>
        </extensions>
      </trkpt>
      <trkpt lat="39.971862919628620147705078125" lon="116.50254375301301479339599609375">
        <ele>37.799999237060546875</ele>
        <time>2026-08-20T11:03:14.000Z</time>
        <extensions>
          <ns3:TrackPointExtension>
            <ns3:hr>138</ns3:hr>
            <ns3:cad>82</ns3:cad>
          </ns3:TrackPointExtension>
        </extensions>
      </trkpt>
      <trkpt lat="39.9718867242336273193359375" lon="116.50253780186176300048828125">
        <ele>37.799999237060546875</ele>
        <time>2026-08-20T11:03:15.000Z</time>
        <extensions>
          <ns3:TrackPointExtension>
            <ns3:hr>137</ns3:hr>
            <ns3:cad>82</ns3:cad>
          </ns3:TrackPointExtension>
        </extensions>
      </trkpt>
      <trkpt lat="39.9719083495438098907470703125" lon="116.5025336109101772308349609375">
        <ele>37.799999237060546875</ele>
        <time>2026-08-20T11:03:16.000Z</time>
        <extensions>
          <ns3:TrackPointExtension>
            <ns3:hr>138</ns3:hr>
            <ns3:cad>82</ns3:cad>
          </ns3:TrackPointExtension>
        </extensions>
      </trkpt>
      <trkpt lat="39.97193676419556140899658203125" lon="116.5025357902050018310546875">
        <ele>37.799999237060546875</ele>
        <time>2026-08-20T11:03:17.000Z</time>
        <extensions>
          <ns3:TrackPointExtension>
            <ns3:hr>137</ns3:hr>
            <ns3:cad>84</ns3:cad>
          </ns3:TrackPointExtension>
        </extensions>
      </trkpt>
      <trkpt lat="39.97195847332477569580078125" lon="116.5025336109101772308349609375">
        <ele>37.799999237060546875</ele>
        <time>2026-08-20T11:03:18.000Z</time>
        <extensions>
          <ns3:TrackPointExtension>
            <ns3:hr>137</ns3:hr>
            <ns3:cad>84</ns3:cad>
          </ns3:TrackPointExtension>
        </extensions>
      </trkpt>
      <trkpt lat="39.97198303230106830596923828125" lon="116.502530761063098907470703125">
        <ele>37.799999237060546875</ele>
        <time>2026-08-20T11:03:19.000Z</time>
        <extensions>
          <ns3:TrackPointExtension>
            <ns3:hr>137</ns3:hr>
            <ns3:cad>84</ns3:cad>
          </ns3:TrackPointExtension>
        </extensions>
      </trkpt>
      <trkpt lat="39.9720060825347900390625" lon="116.5025295875966548919677734375">
        <ele>38</ele>
        <time>2026-08-20T11:03:20.000Z</time>
        <extensions>
          <ns3:TrackPointExtension>
            <ns3:hr>137</ns3:hr>
            <ns3:cad>85</ns3:cad>
          </ns3:TrackPointExtension>
        </extensions>
      </trkpt>
      <trkpt lat="39.97202628292143344879150390625" lon="116.50252631865441799163818359375">
        <ele>38</ele>
        <time>2026-08-20T11:03:21.000Z</time>
        <extensions>
          <ns3:TrackPointExtension>
            <ns3:hr>138</ns3:hr>
            <ns3:cad>85</ns3:cad>
          </ns3:TrackPointExtension>
        </extensions>
      </trkpt>
      <trkpt lat="39.972056038677692413330078125" lon="116.50252598337829113006591796875">
        <ele>38</ele>
        <time>2026-08-20T11:03:22.000Z</time>
        <extensions>
          <ns3:TrackPointExtension>
            <ns3:hr>137</ns3:hr>
            <ns3:cad>85</ns3:cad>
          </ns3:TrackPointExtension>
        </extensions>
      </trkpt>
      <trkpt lat="39.972077496349811553955078125" lon="116.5025289170444011688232421875">
        <ele>38</ele>
        <time>2026-08-20T11:03:23.000Z</time>
        <extensions>
          <ns3:TrackPointExtension>
            <ns3:hr>137</ns3:hr>
            <ns3:cad>85</ns3:cad>
          </ns3:TrackPointExtension>
        </extensions>
      </trkpt>
      <trkpt lat="39.97209618799388408660888671875" lon="116.5025285817682743072509765625">
        <ele>38</ele>
        <time>2026-08-20T11:03:24.000Z</time>
        <extensions>
          <ns3:TrackPointExtension>
            <ns3:hr>137</ns3:hr>
            <ns3:cad>84</ns3:cad>
          </ns3:TrackPointExtension>
        </extensions>
      </trkpt>
      <trkpt lat="39.972117058932781219482421875" lon="116.5025277435779571533203125">
        <ele>38</ele>
        <time>2026-08-20T11:03:25.000Z</time>
        <extensions>
          <ns3:TrackPointExtension>
            <ns3:hr>138</ns3:hr>
            <ns3:cad>83</ns3:cad>
          </ns3:TrackPointExtension>
        </extensions>
      </trkpt>
      <trkpt lat="39.97213558293879032135009765625" lon="116.5025248937308788299560546875">
        <ele>38</ele>
        <time>2026-08-20T11:03:26.000Z</time>
        <extensions>
          <ns3:TrackPointExtension>
            <ns3:hr>138</ns3:hr>
            <ns3:cad>83</ns3:cad>
          </ns3:TrackPointExtension>
        </extensions>
      </trkpt>
      <trkpt lat="39.97216391377151012420654296875" lon="116.5025282464921474456787109375">
        <ele>38</ele>
        <time>2026-08-20T11:03:27.000Z</time>
        <extensions>
          <ns3:TrackPointExtension>
            <ns3:hr>138</ns3:hr>
            <ns3:cad>84</ns3:cad>
          </ns3:TrackPointExtension>
        </extensions>
      </trkpt>
      <trkpt lat="39.9721842817962169647216796875" lon="116.50252833031117916107177734375">
        <ele>38</ele>
        <time>2026-08-20T11:03:28.000Z</time>
        <extensions>
          <ns3:TrackPointExtension>
            <ns3:hr>138</ns3:hr>
            <ns3:cad>84</ns3:cad>
          </ns3:TrackPointExtension>
        </extensions>
      </trkpt>
      <trkpt lat="39.97220666147768497467041015625" lon="116.50252883322536945343017578125">
        <ele>38</ele>
        <time>2026-08-20T11:03:29.000Z</time>
        <extensions>
          <ns3:TrackPointExtension>
            <ns3:hr>137</ns3:hr>
            <ns3:cad>84</ns3:cad>
          </ns3:TrackPointExtension>
        </extensions>
      </trkpt>
      <trkpt lat="39.9722251854836940765380859375" lon="116.5025265701115131378173828125">
        <ele>38</ele>
        <time>2026-08-20T11:03:30.000Z</time>
        <extensions>
          <ns3:TrackPointExtension>
            <ns3:hr>138</ns3:hr>
            <ns3:cad>84</ns3:cad>
          </ns3:TrackPointExtension>
        </extensions>
      </trkpt>
      <trkpt lat="39.9722439609467983245849609375" lon="116.5025279112160205841064453125">
        <ele>38</ele>
        <time>2026-08-20T11:03:31.000Z</time>
        <extensions>
          <ns3:TrackPointExtension>
            <ns3:hr>138</ns3:hr>
            <ns3:cad>84</ns3:cad>
          </ns3:TrackPointExtension>
        </extensions>
      </trkpt>
      <trkpt lat="39.97226432897150516510009765625" lon="116.50252933613955974578857421875">
        <ele>38.200000762939453125</ele>
        <time>2026-08-20T11:03:32.000Z</time>
        <extensions>
          <ns3:TrackPointExtension>
            <ns3:hr>137</ns3:hr>
            <ns3:cad>84</ns3:cad>
          </ns3:TrackPointExtension>
        </extensions>
      </trkpt>
      <trkpt lat="39.97228126041591167449951171875" lon="116.5025228820741176605224609375">
        <ele>38.200000762939453125</ele>
        <time>2026-08-20T11:03:33.000Z</time>
        <extensions>
          <ns3:TrackPointExtension>
            <ns3:hr>138</ns3:hr>
            <ns3:cad>84</ns3:cad>
          </ns3:TrackPointExtension>
        </extensions>
      </trkpt>
      <trkpt lat="39.97230640612542629241943359375" lon="116.50252380408346652984619140625">
        <ele>38.200000762939453125</ele>
        <time>2026-08-20T11:03:34.000Z</time>
        <extensions>
          <ns3:TrackPointExtension>
            <ns3:hr>138</ns3:hr>
            <ns3:cad>84</ns3:cad>
          </ns3:TrackPointExtension>
        </extensions>
      </trkpt>
      <trkpt lat="39.97233088128268718719482421875" lon="116.5025275759398937225341796875">
        <ele>38.200000762939453125</ele>
        <time>2026-08-20T11:03:35.000Z</time>
        <extensions>
          <ns3:TrackPointExtension>
            <ns3:hr>137</ns3:hr>
            <ns3:cad>84</ns3:cad>
          </ns3:TrackPointExtension>
        </extensions>
      </trkpt>
      <trkpt lat="39.97235636226832866668701171875" lon="116.5025279112160205841064453125">
        <ele>38.200000762939453125</ele>
        <time>2026-08-20T11:03:36.000Z</time>
        <extensions>
          <ns3:TrackPointExtension>
            <ns3:hr>137</ns3:hr>
            <ns3:cad>84</ns3:cad>
          </ns3:TrackPointExtension>
        </extensions>
      </trkpt>
      <trkpt lat="39.97237999923527240753173828125" lon="116.5025289170444011688232421875">
        <ele>38</ele>
        <time>2026-08-20T11:03:37.000Z</time>
        <extensions>
          <ns3:TrackPointExtension>
            <ns3:hr>138</ns3:hr>
            <ns3:cad>85</ns3:cad>
          </ns3:TrackPointExtension>
        </extensions>
      </trkpt>
      <trkpt lat="39.97239827178418636322021484375" lon="116.50252179242670536041259765625">
        <ele>37.799999237060546875</ele>
        <time>2026-08-20T11:03:38.000Z</time>
        <extensions>
          <ns3:TrackPointExtension>
            <ns3:hr>138</ns3:hr>
            <ns3:cad>85</ns3:cad>
          </ns3:TrackPointExtension>
        </extensions>
      </trkpt>
      <trkpt lat="39.9724260158836841583251953125" lon="116.50252514518797397613525390625">
        <ele>38</ele>
        <time>2026-08-20T11:03:39.000Z</time>
        <extensions>
          <ns3:TrackPointExtension>
            <ns3:hr>138</ns3:hr>
            <ns3:cad>85</ns3:cad>
          </ns3:TrackPointExtension>
        </extensions>
      </trkpt>
      <trkpt lat="39.9724446237087249755859375" lon="116.50252439081668853759765625">
        <ele>38</ele>
        <time>2026-08-20T11:03:40.000Z</time>
        <extensions>
          <ns3:TrackPointExtension>
            <ns3:hr>138</ns3:hr>
            <ns3:cad>85</ns3:cad>
          </ns3:TrackPointExtension>
        </extensions>
      </trkpt>
      <trkpt lat="39.972473122179508209228515625" lon="116.502525396645069122314453125">
        <ele>38</ele>
        <time>2026-08-20T11:03:41.000Z</time>
        <extensions>
          <ns3:TrackPointExtension>
            <ns3:hr>138</ns3:hr>
            <ns3:cad>86</ns3:cad>
          </ns3:TrackPointExtension>
        </extensions>
      </trkpt>
      <trkpt lat="39.97249147854745388031005859375" lon="116.50252078659832477569580078125">
        <ele>38</ele>
        <time>2026-08-20T11:03:42.000Z</time>
        <extensions>
          <ns3:TrackPointExtension>
            <ns3:hr>138</ns3:hr>
            <ns3:cad>86</ns3:cad>
          </ns3:TrackPointExtension>
        </extensions>
      </trkpt>
      <trkpt lat="39.97251276858150959014892578125" lon="116.50251290760934352874755859375">
        <ele>38</ele>
        <time>2026-08-20T11:03:43.000Z</time>
        <extensions>
          <ns3:TrackPointExtension>
            <ns3:hr>138</ns3:hr>
            <ns3:cad>86</ns3:cad>
          </ns3:TrackPointExtension>
        </extensions>
      </trkpt>
      <trkpt lat="39.9725369922816753387451171875" lon="116.50250963866710662841796875">
        <ele>38</ele>
        <time>2026-08-20T11:03:44.000Z</time>
        <extensions>
          <ns3:TrackPointExtension>
            <ns3:hr>139</ns3:hr>
            <ns3:cad>85</ns3:cad>
          </ns3:TrackPointExtension>
        </extensions>
      </trkpt>
      <trkpt lat="39.97255652211606502532958984375" lon="116.50250427424907684326171875">
        <ele>38</ele>
        <time>2026-08-20T11:03:45.000Z</time>
        <extensions>
          <ns3:TrackPointExtension>
            <ns3:hr>139</ns3:hr>
            <ns3:cad>85</ns3:cad>
          </ns3:TrackPointExtension>
        </extensions>
      </trkpt>
      <trkpt lat="39.9725839309394359588623046875" lon="116.5025014244019985198974609375">
        <ele>38</ele>
        <time>2026-08-20T11:03:46.000Z</time>
        <extensions>
          <ns3:TrackPointExtension>
            <ns3:hr>139</ns3:hr>
            <ns3:cad>85</ns3:cad>
          </ns3:TrackPointExtension>
        </extensions>
      </trkpt>
      <trkpt lat="39.9726033769547939300537109375" lon="116.50249698199331760406494140625">
        <ele>37.799999237060546875</ele>
        <time>2026-08-20T11:03:47.000Z</time>
        <extensions>
          <ns3:TrackPointExtension>
            <ns3:hr>138</ns3:hr>
            <ns3:cad>85</ns3:cad>
          </ns3:TrackPointExtension>
        </extensions>
      </trkpt>
      <trkpt lat="39.97262500226497650146484375" lon="116.5024974010884761810302734375">
        <ele>37.799999237060546875</ele>
        <time>2026-08-20T11:03:48.000Z</time>
        <extensions>
          <ns3:TrackPointExtension>
            <ns3:hr>139</ns3:hr>
            <ns3:cad>85</ns3:cad>
          </ns3:TrackPointExtension>
        </extensions>
      </trkpt>
      <trkpt lat="39.97264905832707881927490234375" lon="116.50249195285141468048095703125">
        <ele>37.799999237060546875</ele>
        <time>2026-08-20T11:03:49.000Z</time>
        <extensions>
          <ns3:TrackPointExtension>
            <ns3:hr>139</ns3:hr>
            <ns3:cad>85</ns3:cad>
          </ns3:TrackPointExtension>
        </extensions>
      </trkpt>
      <trkpt lat="39.9726711027324199676513671875" lon="116.50249094702303409576416015625">
        <ele>37.799999237060546875</ele>
        <time>2026-08-20T11:03:50.000Z</time>
        <extensions>
          <ns3:TrackPointExtension>
            <ns3:hr>138</ns3:hr>
            <ns3:cad>85</ns3:cad>
          </ns3:TrackPointExtension>
        </extensions>
      </trkpt>
      <trkpt lat="39.972695074975490570068359375" lon="116.50249983184039592742919921875">
        <ele>37.799999237060546875</ele>
        <time>2026-08-20T11:03:51.000Z</time>
        <extensions>
          <ns3:TrackPointExtension>
            <ns3:hr>139</ns3:hr>
            <ns3:cad>84</ns3:cad>
          </ns3:TrackPointExtension>
        </extensions>
      </trkpt>
      <trkpt lat="39.9727140180766582489013671875" lon="116.502494551241397857666015625">
        <ele>37.799999237060546875</ele>
        <time>2026-08-20T11:03:52.000Z</time>
        <extensions>
          <ns3:TrackPointExtension>
            <ns3:hr>139</ns3:hr>
            <ns3:cad>84</ns3:cad>
          </ns3:TrackPointExtension>
        </extensions>
      </trkpt>
      <trkpt lat="39.97274511493742465972900390625" lon="116.502492539584636688232421875">
        <ele>37.799999237060546875</ele>
        <time>2026-08-20T11:03:53.000Z</time>
        <extensions>
          <ns3:TrackPointExtension>
            <ns3:hr>138</ns3:hr>
            <ns3:cad>85</ns3:cad>
          </ns3:TrackPointExtension>
        </extensions>
      </trkpt>
      <trkpt lat="39.97276724316179752349853515625" lon="116.50249446742236614227294921875">
        <ele>37.799999237060546875</ele>
        <time>2026-08-20T11:03:54.000Z</time>
        <extensions>
          <ns3:TrackPointExtension>
            <ns3:hr>139</ns3:hr>
            <ns3:cad>85</ns3:cad>
          </ns3:TrackPointExtension>
        </extensions>
      </trkpt>
      <trkpt lat="39.97278593480587005615234375" lon="116.50249396450817584991455078125">
        <ele>37.799999237060546875</ele>
        <time>2026-08-20T11:03:55.000Z</time>
        <extensions>
          <ns3:TrackPointExtension>
            <ns3:hr>138</ns3:hr>
            <ns3:cad>85</ns3:cad>
          </ns3:TrackPointExtension>
        </extensions>
      </trkpt>
      <trkpt lat="39.972808398306369781494140625" lon="116.5024974010884761810302734375">
        <ele>38</ele>
        <time>2026-08-20T11:03:56.000Z</time>
        <extensions>
          <ns3:TrackPointExtension>
            <ns3:hr>138</ns3:hr>
            <ns3:cad>85</ns3:cad>
          </ns3:TrackPointExtension>
        </extensions>
      </trkpt>
      <trkpt lat="39.97282457537949085235595703125" lon="116.502494551241397857666015625">
        <ele>37.799999237060546875</ele>
        <time>2026-08-20T11:03:57.000Z</time>
        <extensions>
          <ns3:TrackPointExtension>
            <ns3:hr>138</ns3:hr>
            <ns3:cad>85</ns3:cad>
          </ns3:TrackPointExtension>
        </extensions>
      </trkpt>
      <trkpt lat="39.9728469550609588623046875" lon="116.50249882601201534271240234375">
        <ele>37.799999237060546875</ele>
        <time>2026-08-20T11:03:58.000Z</time>
        <extensions>
          <ns3:TrackPointExtension>
            <ns3:hr>139</ns3:hr>
            <ns3:cad>85</ns3:cad>
          </ns3:TrackPointExtension>
        </extensions>
      </trkpt>
      <trkpt lat="39.97285944409668445587158203125" lon="116.50249429978430271148681640625">
        <ele>38</ele>
        <time>2026-08-20T11:03:59.000Z</time>
        <extensions>
          <ns3:TrackPointExtension>
            <ns3:hr>138</ns3:hr>
            <ns3:cad>85</ns3:cad>
          </ns3:TrackPointExtension>
        </extensions>
      </trkpt>
      <trkpt lat="39.9728853441774845123291015625" lon="116.5024920366704463958740234375">
        <ele>38</ele>
        <time>2026-08-20T11:04:00.000Z</time>
        <extensions>
          <ns3:TrackPointExtension>
            <ns3:hr>138</ns3:hr>
            <ns3:cad>85</ns3:cad>
          </ns3:TrackPointExtension>
        </extensions>
      </trkpt>
      <trkpt lat="39.97290571220219135284423828125" lon="116.50249161757528781890869140625">
        <ele>38</ele>
        <time>2026-08-20T11:04:01.000Z</time>
        <extensions>
          <ns3:TrackPointExtension>
            <ns3:hr>139</ns3:hr>
            <ns3:cad>85</ns3:cad>
          </ns3:TrackPointExtension>
        </extensions>
      </trkpt>
      <trkpt lat="39.97292616404592990875244140625" lon="116.502492539584636688232421875">
        <ele>38</ele>
        <time>2026-08-20T11:04:02.000Z</time>
        <extensions>
          <ns3:TrackPointExtension>
            <ns3:hr>139</ns3:hr>
            <ns3:cad>85</ns3:cad>
          </ns3:TrackPointExtension>
        </extensions>
      </trkpt>
      <trkpt lat="39.97294845990836620330810546875" lon="116.50249958038330078125">
        <ele>38</ele>
        <time>2026-08-20T11:04:03.000Z</time>
        <extensions>
          <ns3:TrackPointExtension>
            <ns3:hr>139</ns3:hr>
            <ns3:cad>85</ns3:cad>
          </ns3:TrackPointExtension>
        </extensions>
      </trkpt>
      <trkpt lat="39.9729648046195507049560546875" lon="116.5024947188794612884521484375">
        <ele>38</ele>
        <time>2026-08-20T11:04:04.000Z</time>
        <extensions>
          <ns3:TrackPointExtension>
            <ns3:hr>139</ns3:hr>
            <ns3:cad>85</ns3:cad>
          </ns3:TrackPointExtension>
        </extensions>
      </trkpt>
      <trkpt lat="39.9729916267096996307373046875" lon="116.50249547325074672698974609375">
        <ele>38</ele>
        <time>2026-08-20T11:04:05.000Z</time>
        <extensions>
          <ns3:TrackPointExtension>
            <ns3:hr>139</ns3:hr>
            <ns3:cad>85</ns3:cad>
          </ns3:TrackPointExtension>
        </extensions>
      </trkpt>
      <trkpt lat="39.97300746850669384002685546875" lon="116.5024963952600955963134765625">
        <ele>38</ele>
        <time>2026-08-20T11:04:06.000Z</time>
        <extensions>
          <ns3:TrackPointExtension>
            <ns3:hr>139</ns3:hr>
            <ns3:cad>85</ns3:cad>
          </ns3:TrackPointExtension>
        </extensions>
      </trkpt>
      <trkpt lat="39.9730338715016841888427734375" lon="116.50249346159398555755615234375">
        <ele>38</ele>
        <time>2026-08-20T11:04:07.000Z</time>
        <extensions>
          <ns3:TrackPointExtension>
            <ns3:hr>139</ns3:hr>
            <ns3:cad>85</ns3:cad>
          </ns3:TrackPointExtension>
        </extensions>
      </trkpt>
      <trkpt lat="39.97305943630635738372802734375" lon="116.50249815545976161956787109375">
        <ele>38</ele>
        <time>2026-08-20T11:04:08.000Z</time>
        <extensions>
          <ns3:TrackPointExtension>
            <ns3:hr>139</ns3:hr>
            <ns3:cad>85</ns3:cad>
          </ns3:TrackPointExtension>
        </extensions>
      </trkpt>
      <trkpt lat="39.9730794690549373626708984375" lon="116.50249010883271694183349609375">
        <ele>37.799999237060546875</ele>
        <time>2026-08-20T11:04:09.000Z</time>
        <extensions>
          <ns3:TrackPointExtension>
            <ns3:hr>139</ns3:hr>
            <ns3:cad>85</ns3:cad>
          </ns3:TrackPointExtension>
        </extensions>
      </trkpt>
      <trkpt lat="39.9731109850108623504638671875" lon="116.5024880133569240570068359375">
        <ele>37.799999237060546875</ele>
        <time>2026-08-20T11:04:10.000Z</time>
        <extensions>
          <ns3:TrackPointExtension>
            <ns3:hr>139</ns3:hr>
            <ns3:cad>84</ns3:cad>
          </ns3:TrackPointExtension>
        </extensions>
      </trkpt>
      <trkpt lat="39.97313152067363262176513671875" lon="116.50249362923204898834228515625">
        <ele>37.799999237060546875</ele>
        <time>2026-08-20T11:04:11.000Z</time>
        <extensions>
          <ns3:TrackPointExtension>
            <ns3:hr>139</ns3:hr>
            <ns3:cad>84</ns3:cad>
          </ns3:TrackPointExtension>
        </extensions>
      </trkpt>
      <trkpt lat="39.97315666638314723968505859375" lon="116.5024927072227001190185546875">
        <ele>37.799999237060546875</ele>
        <time>2026-08-20T11:04:12.000Z</time>
        <extensions>
          <ns3:TrackPointExtension>
            <ns3:hr>139</ns3:hr>
            <ns3:cad>84</ns3:cad>
          </ns3:TrackPointExtension>
        </extensions>
      </trkpt>
      <trkpt lat="39.9731840752065181732177734375" lon="116.50249329395592212677001953125">
        <ele>37.799999237060546875</ele>
        <time>2026-08-20T11:04:13.000Z</time>
        <extensions>
          <ns3:TrackPointExtension>
            <ns3:hr>139</ns3:hr>
            <ns3:cad>85</ns3:cad>
          </ns3:TrackPointExtension>
        </extensions>
      </trkpt>
      <trkpt lat="39.97320226393640041351318359375" lon="116.50249086320400238037109375">
        <ele>37.799999237060546875</ele>
        <time>2026-08-20T11:04:14.000Z</time>
        <extensions>
          <ns3:TrackPointExtension>
            <ns3:hr>139</ns3:hr>
            <ns3:cad>85</ns3:cad>
          </ns3:TrackPointExtension>
        </extensions>
      </trkpt>
      <trkpt lat="39.97323344461619853973388671875" lon="116.502491533756256103515625">
        <ele>37.799999237060546875</ele>
        <time>2026-08-20T11:04:15.000Z</time>
        <extensions>
          <ns3:TrackPointExtension>
            <ns3:hr>139</ns3:hr>
            <ns3:cad>85</ns3:cad>
          </ns3:TrackPointExtension>
        </extensions>
      </trkpt>
      <trkpt lat="39.9732551537454128265380859375" lon="116.502487175166606903076171875">
        <ele>37.799999237060546875</ele>
        <time>2026-08-20T11:04:16.000Z</time>
        <extensions>
          <ns3:TrackPointExtension>
            <ns3:hr>139</ns3:hr>
            <ns3:cad>85</ns3:cad>
          </ns3:TrackPointExtension>
        </extensions>
      </trkpt>
      <trkpt lat="39.9732819758355617523193359375" lon="116.50248122401535511016845703125">
        <ele>37.799999237060546875</ele>
        <time>2026-08-20T11:04:17.000Z</time>
        <extensions>
          <ns3:TrackPointExtension>
            <ns3:hr>139</ns3:hr>
            <ns3:cad>84</ns3:cad>
          </ns3:TrackPointExtension>
        </extensions>
      </trkpt>
      <trkpt lat="39.9733064509928226470947265625" lon="116.50247753597795963287353515625">
        <ele>37.799999237060546875</ele>
        <time>2026-08-20T11:04:18.000Z</time>
        <extensions>
          <ns3:TrackPointExtension>
            <ns3:hr>139</ns3:hr>
            <ns3:cad>84</ns3:cad>
          </ns3:TrackPointExtension>
        </extensions>
      </trkpt>
      <trkpt lat="39.97332849539816379547119140625" lon="116.50246898643672466278076171875">
        <ele>37.799999237060546875</ele>
        <time>2026-08-20T11:04:19.000Z</time>
        <extensions>
          <ns3:TrackPointExtension>
            <ns3:hr>139</ns3:hr>
            <ns3:cad>84</ns3:cad>
          </ns3:TrackPointExtension>
        </extensions>
      </trkpt>
      <trkpt lat="39.97335582040250301361083984375" lon="116.5024658851325511932373046875">
        <ele>37.799999237060546875</ele>
        <time>2026-08-20T11:04:20.000Z</time>
        <extensions>
          <ns3:TrackPointExtension>
            <ns3:hr>140</ns3:hr>
            <ns3:cad>84</ns3:cad>
          </ns3:TrackPointExtension>
        </extensions>
      </trkpt>
      <trkpt lat="39.97337275184690952301025390625" lon="116.50246001780033111572265625">
        <ele>38</ele>
        <time>2026-08-20T11:04:21.000Z</time>
        <extensions>
          <ns3:TrackPointExtension>
            <ns3:hr>139</ns3:hr>
            <ns3:cad>84</ns3:cad>
          </ns3:TrackPointExtension>
        </extensions>
      </trkpt>
      <trkpt lat="39.973394460976123809814453125" lon="116.50245104916393756866455078125">
        <ele>38</ele>
        <time>2026-08-20T11:04:22.000Z</time>
        <extensions>
          <ns3:TrackPointExtension>
            <ns3:hr>140</ns3:hr>
            <ns3:cad>84</ns3:cad>
          </ns3:TrackPointExtension>
        </extensions>
      </trkpt>
      <trkpt lat="39.97341600246727466583251953125" lon="116.50244803167879581451416015625">
        <ele>38</ele>
        <time>2026-08-20T11:04:23.000Z</time>
        <extensions>
          <ns3:TrackPointExtension>
            <ns3:hr>140</ns3:hr>
            <ns3:cad>84</ns3:cad>
          </ns3:TrackPointExtension>
        </extensions>
      </trkpt>
      <trkpt lat="39.9734316766262054443359375" lon="116.5024363808333873748779296875">
        <ele>38</ele>
        <time>2026-08-20T11:04:24.000Z</time>
        <extensions>
          <ns3:TrackPointExtension>
            <ns3:hr>140</ns3:hr>
            <ns3:cad>83</ns3:cad>
          </ns3:TrackPointExtension>
        </extensions>
      </trkpt>
      <trkpt lat="39.9734569899737834930419921875" lon="116.5024186111986637115478515625">
        <ele>37.799999237060546875</ele>
        <time>2026-08-20T11:04:25.000Z</time>
        <extensions>
          <ns3:TrackPointExtension>
            <ns3:hr>140</ns3:hr>
            <ns3:cad>83</ns3:cad>
          </ns3:TrackPointExtension>
        </extensions>
      </trkpt>
      <trkpt lat="39.97346780262887477874755859375" lon="116.5024052001535892486572265625">
        <ele>37.799999237060546875</ele>
        <time>2026-08-20T11:04:26.000Z</time>
        <extensions>
          <ns3:TrackPointExtension>
            <ns3:hr>140</ns3:hr>
            <ns3:cad>84</ns3:cad>
          </ns3:TrackPointExtension>
        </extensions>
      </trkpt>
      <trkpt lat="39.973486326634883880615234375" lon="116.50239019654691219329833984375">
        <ele>37.799999237060546875</ele>
        <time>2026-08-20T11:04:27.000Z</time>
        <extensions>
          <ns3:TrackPointExtension>
            <ns3:hr>140</ns3:hr>
            <ns3:cad>84</ns3:cad>
          </ns3:TrackPointExtension>
        </extensions>
      </trkpt>
      <trkpt lat="39.97350786812603473663330078125" lon="116.50237879715859889984130859375">
        <ele>37.799999237060546875</ele>
        <time>2026-08-20T11:04:28.000Z</time>
        <extensions>
          <ns3:TrackPointExtension>
            <ns3:hr>140</ns3:hr>
            <ns3:cad>84</ns3:cad>
          </ns3:TrackPointExtension>
        </extensions>
      </trkpt>
      <trkpt lat="39.97352421283721923828125" lon="116.50237075053155422210693359375">
        <ele>37.799999237060546875</ele>
        <time>2026-08-20T11:04:29.000Z</time>
        <extensions>
          <ns3:TrackPointExtension>
            <ns3:hr>140</ns3:hr>
            <ns3:cad>84</ns3:cad>
          </ns3:TrackPointExtension>
        </extensions>
      </trkpt>
      <trkpt lat="39.9735523760318756103515625" lon="116.50235951878130435943603515625">
        <ele>37.799999237060546875</ele>
        <time>2026-08-20T11:04:30.000Z</time>
        <extensions>
          <ns3:TrackPointExtension>
            <ns3:hr>140</ns3:hr>
            <ns3:cad>83</ns3:cad>
          </ns3:TrackPointExtension>
        </extensions>
      </trkpt>
      <trkpt lat="39.97357341460883617401123046875" lon="116.50235096924006938934326171875">
        <ele>37.799999237060546875</ele>
        <time>2026-08-20T11:04:31.000Z</time>
        <extensions>
          <ns3:TrackPointExtension>
            <ns3:hr>139</ns3:hr>
            <ns3:cad>82</ns3:cad>
          </ns3:TrackPointExtension>
        </extensions>
      </trkpt>
      <trkpt lat="39.9735917709767818450927734375" lon="116.50233328342437744140625">
        <ele>37.799999237060546875</ele>
        <time>2026-08-20T11:04:32.000Z</time>
        <extensions>
          <ns3:TrackPointExtension>
            <ns3:hr>140</ns3:hr>
            <ns3:cad>83</ns3:cad>
          </ns3:TrackPointExtension>
        </extensions>
      </trkpt>
      <trkpt lat="39.97361817397177219390869140625" lon="116.50232297368347644805908203125">
        <ele>38</ele>
        <time>2026-08-20T11:04:33.000Z</time>
        <extensions>
          <ns3:TrackPointExtension>
            <ns3:hr>140</ns3:hr>
            <ns3:cad>83</ns3:cad>
          </ns3:TrackPointExtension>
        </extensions>
      </trkpt>
      <trkpt lat="39.973634518682956695556640625" lon="116.5023180283606052398681640625">
        <ele>38</ele>
        <time>2026-08-20T11:04:34.000Z</time>
        <extensions>
          <ns3:TrackPointExtension>
            <ns3:hr>140</ns3:hr>
            <ns3:cad>82</ns3:cad>
          </ns3:TrackPointExtension>
        </extensions>
      </trkpt>
      <trkpt lat="39.9736507795751094818115234375" lon="116.5023036114871501922607421875">
        <ele>38</ele>
        <time>2026-08-20T11:04:35.000Z</time>
        <extensions>
          <ns3:TrackPointExtension>
            <ns3:hr>140</ns3:hr>
            <ns3:cad>82</ns3:cad>
          </ns3:TrackPointExtension>
        </extensions>
      </trkpt>
      <trkpt lat="39.97366779483854770660400390625" lon="116.50228877551853656768798828125">
        <ele>38</ele>
        <time>2026-08-20T11:04:36.000Z</time>
        <extensions>
          <ns3:TrackPointExtension>
            <ns3:hr>140</ns3:hr>
            <ns3:cad>82</ns3:cad>
          </ns3:TrackPointExtension>
        </extensions>
      </trkpt>
      <trkpt lat="39.9736839719116687774658203125" lon="116.50228005833923816680908203125">
        <ele>37.799999237060546875</ele>
        <time>2026-08-20T11:04:37.000Z</time>
        <extensions>
          <ns3:TrackPointExtension>
            <ns3:hr>140</ns3:hr>
            <ns3:cad>82</ns3:cad>
          </ns3:TrackPointExtension>
        </extensions>
      </trkpt>
      <trkpt lat="39.97371188364923000335693359375" lon="116.50227217935025691986083984375">
        <ele>37.799999237060546875</ele>
        <time>2026-08-20T11:04:38.000Z</time>
        <extensions>
          <ns3:TrackPointExtension>
            <ns3:hr>141</ns3:hr>
            <ns3:cad>82</ns3:cad>
          </ns3:TrackPointExtension>
        </extensions>
      </trkpt>
      <trkpt lat="39.9737319163978099822998046875" lon="116.50227620266377925872802734375">
        <ele>38</ele>
        <time>2026-08-20T11:04:39.000Z</time>
        <extensions>
          <ns3:TrackPointExtension>
            <ns3:hr>140</ns3:hr>
            <ns3:cad>82</ns3:cad>
          </ns3:TrackPointExtension>
        </extensions>
      </trkpt>
      <trkpt lat="39.973753206431865692138671875" lon="116.50227360427379608154296875">
        <ele>38</ele>
        <time>2026-08-20T11:04:40.000Z</time>
        <extensions>
          <ns3:TrackPointExtension>
            <ns3:hr>140</ns3:hr>
            <ns3:cad>83</ns3:cad>
          </ns3:TrackPointExtension>
        </extensions>
      </trkpt>
      <trkpt lat="39.97377977706491947174072265625" lon="116.5022777952253818511962890625">
        <ele>38</ele>
        <time>2026-08-20T11:04:41.000Z</time>
        <extensions>
          <ns3:TrackPointExtension>
            <ns3:hr>141</ns3:hr>
            <ns3:cad>83</ns3:cad>
          </ns3:TrackPointExtension>
        </extensions>
      </trkpt>
      <trkpt lat="39.9737936072051525115966796875" lon="116.502271592617034912109375">
        <ele>38</ele>
        <time>2026-08-20T11:04:42.000Z</time>
        <extensions>
          <ns3:TrackPointExtension>
            <ns3:hr>140</ns3:hr>
            <ns3:cad>83</ns3:cad>
          </ns3:TrackPointExtension>
        </extensions>
      </trkpt>
      <trkpt lat="39.97382269240915775299072265625" lon="116.502266563475131988525390625">
        <ele>38</ele>
        <time>2026-08-20T11:04:43.000Z</time>
        <extensions>
          <ns3:TrackPointExtension>
            <ns3:hr>140</ns3:hr>
            <ns3:cad>83</ns3:cad>
          </ns3:TrackPointExtension>
        </extensions>
      </trkpt>
      <trkpt lat="39.97384272515773773193359375" lon="116.50226765312254428863525390625">
        <ele>38</ele>
        <time>2026-08-20T11:04:44.000Z</time>
        <extensions>
          <ns3:TrackPointExtension>
            <ns3:hr>141</ns3:hr>
            <ns3:cad>82</ns3:cad>
          </ns3:TrackPointExtension>
        </extensions>
      </trkpt>
      <trkpt lat="39.97386510483920574188232421875" lon="116.50226212106645107269287109375">
        <ele>38</ele>
        <time>2026-08-20T11:04:45.000Z</time>
        <extensions>
          <ns3:TrackPointExtension>
            <ns3:hr>141</ns3:hr>
            <ns3:cad>82</ns3:cad>
          </ns3:TrackPointExtension>
        </extensions>
      </trkpt>
      <trkpt lat="39.97389108873903751373291015625" lon="116.50225558318197727203369140625">
        <ele>38</ele>
        <time>2026-08-20T11:04:46.000Z</time>
        <extensions>
          <ns3:TrackPointExtension>
            <ns3:hr>141</ns3:hr>
            <ns3:cad>84</ns3:cad>
          </ns3:TrackPointExtension>
        </extensions>
      </trkpt>
      <trkpt lat="39.97390869073569774627685546875" lon="116.5022425912320613861083984375">
        <ele>38</ele>
        <time>2026-08-20T11:04:47.000Z</time>
        <extensions>
          <ns3:TrackPointExtension>
            <ns3:hr>141</ns3:hr>
            <ns3:cad>85</ns3:cad>
          </ns3:TrackPointExtension>
        </extensions>
      </trkpt>
      <trkpt lat="39.97393819503486156463623046875" lon="116.50223429314792156219482421875">
        <ele>38</ele>
        <time>2026-08-20T11:04:48.000Z</time>
        <extensions>
          <ns3:TrackPointExtension>
            <ns3:hr>141</ns3:hr>
            <ns3:cad>85</ns3:cad>
          </ns3:TrackPointExtension>
        </extensions>
      </trkpt>
      <trkpt lat="39.97395629994571208953857421875" lon="116.5022345446050167083740234375">
        <ele>38</ele>
        <time>2026-08-20T11:04:49.000Z</time>
        <extensions>
          <ns3:TrackPointExtension>
            <ns3:hr>141</ns3:hr>
            <ns3:cad>85</ns3:cad>
          </ns3:TrackPointExtension>
        </extensions>
      </trkpt>
      <trkpt lat="39.9739783443510532379150390625" lon="116.5022273361682891845703125">
        <ele>38.200000762939453125</ele>
        <time>2026-08-20T11:04:50.000Z</time>
        <extensions>
          <ns3:TrackPointExtension>
            <ns3:hr>141</ns3:hr>
            <ns3:cad>84</ns3:cad>
          </ns3:TrackPointExtension>
        </extensions>
      </trkpt>
      <trkpt lat="39.9740001372992992401123046875" lon="116.50222591124475002288818359375">
        <ele>38.200000762939453125</ele>
        <time>2026-08-20T11:04:51.000Z</time>
        <extensions>
          <ns3:TrackPointExtension>
            <ns3:hr>141</ns3:hr>
            <ns3:cad>83</ns3:cad>
          </ns3:TrackPointExtension>
        </extensions>
      </trkpt>
      <trkpt lat="39.97402033768594264984130859375" lon="116.5022124163806438446044921875">
        <ele>38.200000762939453125</ele>
        <time>2026-08-20T11:04:52.000Z</time>
        <extensions>
          <ns3:TrackPointExtension>
            <ns3:hr>141</ns3:hr>
            <ns3:cad>84</ns3:cad>
          </ns3:TrackPointExtension>
        </extensions>
      </trkpt>
      <trkpt lat="39.97404548339545726776123046875" lon="116.50220252573490142822265625">
        <ele>38.200000762939453125</ele>
        <time>2026-08-20T11:04:53.000Z</time>
        <extensions>
          <ns3:TrackPointExtension>
            <ns3:hr>141</ns3:hr>
            <ns3:cad>84</ns3:cad>
          </ns3:TrackPointExtension>
        </extensions>
      </trkpt>
      <trkpt lat="39.97406057082116603851318359375" lon="116.5021951496601104736328125">
        <ele>38.200000762939453125</ele>
        <time>2026-08-20T11:04:54.000Z</time>
        <extensions>
          <ns3:TrackPointExtension>
            <ns3:hr>142</ns3:hr>
            <ns3:cad>84</ns3:cad>
          </ns3:TrackPointExtension>
        </extensions>
      </trkpt>
      <trkpt lat="39.97408839873969554901123046875" lon="116.502188108861446380615234375">
        <ele>38</ele>
        <time>2026-08-20T11:04:55.000Z</time>
        <extensions>
          <ns3:TrackPointExtension>
            <ns3:hr>142</ns3:hr>
            <ns3:cad>84</ns3:cad>
          </ns3:TrackPointExtension>
        </extensions>
      </trkpt>
      <trkpt lat="39.97410382144153118133544921875" lon="116.50218500755727291107177734375">
        <ele>38</ele>
        <time>2026-08-20T11:04:56.000Z</time>
        <extensions>
          <ns3:TrackPointExtension>
            <ns3:hr>142</ns3:hr>
            <ns3:cad>85</ns3:cad>
          </ns3:TrackPointExtension>
        </extensions>
      </trkpt>
      <trkpt lat="39.97412393800914287567138671875" lon="116.50217679329216480255126953125">
        <ele>38</ele>
        <time>2026-08-20T11:04:57.000Z</time>
        <extensions>
          <ns3:TrackPointExtension>
            <ns3:hr>143</ns3:hr>
            <ns3:cad>85</ns3:cad>
          </ns3:TrackPointExtension>
        </extensions>
      </trkpt>
      <trkpt lat="39.974149502813816070556640625" lon="116.50217494927346706390380859375">
        <ele>38</ele>
        <time>2026-08-20T11:04:58.000Z</time>
        <extensions>
          <ns3:TrackPointExtension>
            <ns3:hr>143</ns3:hr>
            <ns3:cad>85</ns3:cad>
          </ns3:TrackPointExtension>
        </extensions>
      </trkpt>
      <trkpt lat="39.9741640873253345489501953125" lon="116.50216388516128063201904296875">
        <ele>38</ele>
        <time>2026-08-20T11:04:59.000Z</time>
        <extensions>
          <ns3:TrackPointExtension>
            <ns3:hr>144</ns3:hr>
            <ns3:cad>85</ns3:cad>
          </ns3:TrackPointExtension>
        </extensions>
      </trkpt>
      <trkpt lat="39.97418604791164398193359375" lon="116.50215181522071361541748046875">
        <ele>38</ele>
        <time>2026-08-20T11:05:00.000Z</time>
        <extensions>
          <ns3:TrackPointExtension>
            <ns3:hr>144</ns3:hr>
            <ns3:cad>86</ns3:cad>
          </ns3:TrackPointExtension>
        </extensions>
      </trkpt>
      <trkpt lat="39.97420423664152622222900390625" lon="116.5021480433642864227294921875">
        <ele>38</ele>
        <time>2026-08-20T11:05:01.000Z</time>
        <extensions>
          <ns3:TrackPointExtension>
            <ns3:hr>144</ns3:hr>
            <ns3:cad>86</ns3:cad>
          </ns3:TrackPointExtension>
        </extensions>
      </trkpt>
      <trkpt lat="39.9742264486849308013916015625" lon="116.50213949382305145263671875">
        <ele>38</ele>
        <time>2026-08-20T11:05:02.000Z</time>
        <extensions>
          <ns3:TrackPointExtension>
            <ns3:hr>144</ns3:hr>
            <ns3:cad>86</ns3:cad>
          </ns3:TrackPointExtension>
        </extensions>
      </trkpt>
      <trkpt lat="39.974246732890605926513671875" lon="116.5021356381475925445556640625">
        <ele>38</ele>
        <time>2026-08-20T11:05:03.000Z</time>
        <extensions>
          <ns3:TrackPointExtension>
            <ns3:hr>144</ns3:hr>
            <ns3:cad>84</ns3:cad>
          </ns3:TrackPointExtension>
        </extensions>
      </trkpt>
      <trkpt lat="39.97426341287791728973388671875" lon="116.50212650187313556671142578125">
        <ele>38</ele>
        <time>2026-08-20T11:05:04.000Z</time>
        <extensions>
          <ns3:TrackPointExtension>
            <ns3:hr>144</ns3:hr>
            <ns3:cad>84</ns3:cad>
          </ns3:TrackPointExtension>
        </extensions>
      </trkpt>
      <trkpt lat="39.97428738512098789215087890625" lon="116.50211811996996402740478515625">
        <ele>38</ele>
        <time>2026-08-20T11:05:05.000Z</time>
        <extensions>
          <ns3:TrackPointExtension>
            <ns3:hr>144</ns3:hr>
            <ns3:cad>84</ns3:cad>
          </ns3:TrackPointExtension>
        </extensions>
      </trkpt>
      <trkpt lat="39.974300377070903778076171875" lon="116.50210336782038211822509765625">
        <ele>38</ele>
        <time>2026-08-20T11:05:06.000Z</time>
        <extensions>
          <ns3:TrackPointExtension>
            <ns3:hr>144</ns3:hr>
            <ns3:cad>85</ns3:cad>
          </ns3:TrackPointExtension>
        </extensions>
      </trkpt>
      <trkpt lat="39.9743203260004520416259765625" lon="116.5020917169749736785888671875">
        <ele>38</ele>
        <time>2026-08-20T11:05:07.000Z</time>
        <extensions>
          <ns3:TrackPointExtension>
            <ns3:hr>144</ns3:hr>
            <ns3:cad>86</ns3:cad>
          </ns3:TrackPointExtension>
        </extensions>
      </trkpt>
      <trkpt lat="39.97433960437774658203125" lon="116.50209012441337108612060546875">
        <ele>38</ele>
        <time>2026-08-20T11:05:08.000Z</time>
        <extensions>
          <ns3:TrackPointExtension>
            <ns3:hr>144</ns3:hr>
            <ns3:cad>86</ns3:cad>
          </ns3:TrackPointExtension>
        </extensions>
      </trkpt>
      <trkpt lat="39.97436014004051685333251953125" lon="116.50207914412021636962890625">
        <ele>38</ele>
        <time>2026-08-20T11:05:09.000Z</time>
        <extensions>
          <ns3:TrackPointExtension>
            <ns3:hr>144</ns3:hr>
            <ns3:cad>86</ns3:cad>
          </ns3:TrackPointExtension>
        </extensions>
      </trkpt>
      <trkpt lat="39.9743838608264923095703125" lon="116.5020716004073619842529296875">
        <ele>38</ele>
        <time>2026-08-20T11:05:10.000Z</time>
        <extensions>
          <ns3:TrackPointExtension>
            <ns3:hr>144</ns3:hr>
            <ns3:cad>86</ns3:cad>
          </ns3:TrackPointExtension>
        </extensions>
      </trkpt>
      <trkpt lat="39.97439400292932987213134765625" lon="116.50205894373357295989990234375">
        <ele>38</ele>
        <time>2026-08-20T11:05:11.000Z</time>
        <extensions>
          <ns3:TrackPointExtension>
            <ns3:hr>144</ns3:hr>
            <ns3:cad>84</ns3:cad>
          </ns3:TrackPointExtension>
        </extensions>
      </trkpt>
      <trkpt lat="39.974422417581081390380859375" lon="116.502050645649433135986328125">
        <ele>38</ele>
        <time>2026-08-20T11:05:12.000Z</time>
        <extensions>
          <ns3:TrackPointExtension>
            <ns3:hr>144</ns3:hr>
            <ns3:cad>85</ns3:cad>
          </ns3:TrackPointExtension>
        </extensions>
      </trkpt>
      <trkpt lat="39.974439181387424468994140625" lon="116.5020407550036907196044921875">
        <ele>38</ele>
        <time>2026-08-20T11:05:13.000Z</time>
        <extensions>
          <ns3:TrackPointExtension>
            <ns3:hr>144</ns3:hr>
            <ns3:cad>85</ns3:cad>
          </ns3:TrackPointExtension>
        </extensions>
      </trkpt>
      <trkpt lat="39.974461980164051055908203125" lon="116.50203312747180461883544921875">
        <ele>38</ele>
        <time>2026-08-20T11:05:14.000Z</time>
        <extensions>
          <ns3:TrackPointExtension>
            <ns3:hr>144</ns3:hr>
            <ns3:cad>85</ns3:cad>
          </ns3:TrackPointExtension>
        </extensions>
      </trkpt>
      <trkpt lat="39.97448486275970935821533203125" lon="116.5020293556153774261474609375">
        <ele>38</ele>
        <time>2026-08-20T11:05:15.000Z</time>
        <extensions>
          <ns3:TrackPointExtension>
            <ns3:hr>144</ns3:hr>
            <ns3:cad>85</ns3:cad>
          </ns3:TrackPointExtension>
        </extensions>
      </trkpt>
      <trkpt lat="39.974504895508289337158203125" lon="116.5020229853689670562744140625">
        <ele>38.200000762939453125</ele>
        <time>2026-08-20T11:05:16.000Z</time>
        <extensions>
          <ns3:TrackPointExtension>
            <ns3:hr>144</ns3:hr>
            <ns3:cad>85</ns3:cad>
          </ns3:TrackPointExtension>
        </extensions>
      </trkpt>
      <trkpt lat="39.97452828101813793182373046875" lon="116.50201904587447643280029296875">
        <ele>38.200000762939453125</ele>
        <time>2026-08-20T11:05:17.000Z</time>
        <extensions>
          <ns3:TrackPointExtension>
            <ns3:hr>144</ns3:hr>
            <ns3:cad>85</ns3:cad>
          </ns3:TrackPointExtension>
        </extensions>
      </trkpt>
      <trkpt lat="39.97454286552965641021728515625" lon="116.5020042099058628082275390625">
        <ele>38</ele>
        <time>2026-08-20T11:05:18.000Z</time>
        <extensions>
          <ns3:TrackPointExtension>
            <ns3:hr>145</ns3:hr>
            <ns3:cad>85</ns3:cad>
          </ns3:TrackPointExtension>
        </extensions>
      </trkpt>
      <trkpt lat="39.9745662510395050048828125" lon="116.5019924752414226531982421875">
        <ele>38</ele>
        <time>2026-08-20T11:05:19.000Z</time>
        <extensions>
          <ns3:TrackPointExtension>
            <ns3:hr>144</ns3:hr>
            <ns3:cad>86</ns3:cad>
          </ns3:TrackPointExtension>
        </extensions>
      </trkpt>
      <trkpt lat="39.9745865352451801300048828125" lon="116.50198526680469512939453125">
        <ele>38</ele>
        <time>2026-08-20T11:05:20.000Z</time>
        <extensions>
          <ns3:TrackPointExtension>
            <ns3:hr>144</ns3:hr>
            <ns3:cad>86</ns3:cad>
          </ns3:TrackPointExtension>
        </extensions>
      </trkpt>
      <trkpt lat="39.97460774146020412445068359375" lon="116.50197847746312618255615234375">
        <ele>38</ele>
        <time>2026-08-20T11:05:21.000Z</time>
        <extensions>
          <ns3:TrackPointExtension>
            <ns3:hr>144</ns3:hr>
            <ns3:cad>86</ns3:cad>
          </ns3:TrackPointExtension>
        </extensions>
      </trkpt>
      <trkpt lat="39.9746307916939258575439453125" lon="116.50197395123541355133056640625">
        <ele>38</ele>
        <time>2026-08-20T11:05:22.000Z</time>
        <extensions>
          <ns3:TrackPointExtension>
            <ns3:hr>144</ns3:hr>
            <ns3:cad>85</ns3:cad>
          </ns3:TrackPointExtension>
        </extensions>
      </trkpt>
      <trkpt lat="39.97464529238641262054443359375" lon="116.50196674279868602752685546875">
        <ele>38</ele>
        <time>2026-08-20T11:05:23.000Z</time>
        <extensions>
          <ns3:TrackPointExtension>
            <ns3:hr>144</ns3:hr>
            <ns3:cad>84</ns3:cad>
          </ns3:TrackPointExtension>
        </extensions>
      </trkpt>
      <trkpt lat="39.97466976754367351531982421875" lon="116.50195919908583164215087890625">
        <ele>38.200000762939453125</ele>
        <time>2026-08-20T11:05:24.000Z</time>
        <extensions>
          <ns3:TrackPointExtension>
            <ns3:hr>144</ns3:hr>
            <ns3:cad>84</ns3:cad>
          </ns3:TrackPointExtension>
        </extensions>
      </trkpt>
      <trkpt lat="39.97468083165585994720458984375" lon="116.5019465424120426177978515625">
        <ele>38.200000762939453125</ele>
        <time>2026-08-20T11:05:25.000Z</time>
        <extensions>
          <ns3:TrackPointExtension>
            <ns3:hr>143</ns3:hr>
            <ns3:cad>86</ns3:cad>
          </ns3:TrackPointExtension>
        </extensions>
      </trkpt>
      <trkpt lat="39.974698685109615325927734375" lon="116.5019371546804904937744140625">
        <ele>38.200000762939453125</ele>
        <time>2026-08-20T11:05:26.000Z</time>
        <extensions>
          <ns3:TrackPointExtension>
            <ns3:hr>143</ns3:hr>
            <ns3:cad>86</ns3:cad>
          </ns3:TrackPointExtension>
        </extensions>
      </trkpt>
      <trkpt lat="39.97471855022013187408447265625" lon="116.50193941779434680938720703125">
        <ele>38.200000762939453125</ele>
        <time>2026-08-20T11:05:27.000Z</time>
        <extensions>
          <ns3:TrackPointExtension>
            <ns3:hr>143</ns3:hr>
            <ns3:cad>86</ns3:cad>
          </ns3:TrackPointExtension>
        </extensions>
      </trkpt>
      <trkpt lat="39.97473347000777721405029296875" lon="116.5019324608147144317626953125">
        <ele>38</ele>
        <time>2026-08-20T11:05:28.000Z</time>
        <extensions>
          <ns3:TrackPointExtension>
            <ns3:hr>143</ns3:hr>
            <ns3:cad>85</ns3:cad>
          </ns3:TrackPointExtension>
        </extensions>
      </trkpt>
      <trkpt lat="39.9747595377266407012939453125" lon="116.50193170644342899322509765625">
        <ele>38</ele>
        <time>2026-08-20T11:05:29.000Z</time>
        <extensions>
          <ns3:TrackPointExtension>
            <ns3:hr>143</ns3:hr>
            <ns3:cad>84</ns3:cad>
          </ns3:TrackPointExtension>
        </extensions>
      </trkpt>
      <trkpt lat="39.974774457514286041259765625" lon="116.5019287727773189544677734375">
        <ele>38</ele>
        <time>2026-08-20T11:05:30.000Z</time>
        <extensions>
          <ns3:TrackPointExtension>
            <ns3:hr>142</ns3:hr>
            <ns3:cad>83</ns3:cad>
          </ns3:TrackPointExtension>
        </extensions>
      </trkpt>
      <trkpt lat="39.9747893773019313812255859375" lon="116.50192491710186004638671875">
        <ele>38.200000762939453125</ele>
        <time>2026-08-20T11:05:31.000Z</time>
        <extensions>
          <ns3:TrackPointExtension>
            <ns3:hr>142</ns3:hr>
            <ns3:cad>83</ns3:cad>
          </ns3:TrackPointExtension>
        </extensions>
      </trkpt>
      <trkpt lat="39.97481108643114566802978515625" lon="116.5019167028367519378662109375">
        <ele>38.200000762939453125</ele>
        <time>2026-08-20T11:05:32.000Z</time>
        <extensions>
          <ns3:TrackPointExtension>
            <ns3:hr>142</ns3:hr>
            <ns3:cad>85</ns3:cad>
          </ns3:TrackPointExtension>
        </extensions>
      </trkpt>
      <trkpt lat="39.9748296104371547698974609375" lon="116.50190488435328006744384765625">
        <ele>38.200000762939453125</ele>
        <time>2026-08-20T11:05:33.000Z</time>
        <extensions>
          <ns3:TrackPointExtension>
            <ns3:hr>142</ns3:hr>
            <ns3:cad>85</ns3:cad>
          </ns3:TrackPointExtension>
        </extensions>
      </trkpt>
      <trkpt lat="39.97485634870827198028564453125" lon="116.50190052576363086700439453125">
        <ele>38</ele>
        <time>2026-08-20T11:05:34.000Z</time>
        <extensions>
          <ns3:TrackPointExtension>
            <ns3:hr>141</ns3:hr>
            <ns3:cad>85</ns3:cad>
          </ns3:TrackPointExtension>
        </extensions>
      </trkpt>
      <trkpt lat="39.97487914748489856719970703125" lon="116.50189264677464962005615234375">
        <ele>38</ele>
        <time>2026-08-20T11:05:35.000Z</time>
        <extensions>
          <ns3:TrackPointExtension>
            <ns3:hr>141</ns3:hr>
            <ns3:cad>84</ns3:cad>
          </ns3:TrackPointExtension>
        </extensions>
      </trkpt>
      <trkpt lat="39.97490228153765201568603515625" lon="116.50188627652823925018310546875">
        <ele>38</ele>
        <time>2026-08-20T11:05:36.000Z</time>
        <extensions>
          <ns3:TrackPointExtension>
            <ns3:hr>141</ns3:hr>
            <ns3:cad>84</ns3:cad>
          </ns3:TrackPointExtension>
        </extensions>
      </trkpt>
      <trkpt lat="39.97492290101945400238037109375" lon="116.5018808282911777496337890625">
        <ele>38.200000762939453125</ele>
        <time>2026-08-20T11:05:37.000Z</time>
        <extensions>
          <ns3:TrackPointExtension>
            <ns3:hr>141</ns3:hr>
            <ns3:cad>83</ns3:cad>
          </ns3:TrackPointExtension>
        </extensions>
      </trkpt>
      <trkpt lat="39.97493815608322620391845703125" lon="116.50187185965478420257568359375">
        <ele>38.200000762939453125</ele>
        <time>2026-08-20T11:05:38.000Z</time>
        <extensions>
          <ns3:TrackPointExtension>
            <ns3:hr>140</ns3:hr>
            <ns3:cad>83</ns3:cad>
          </ns3:TrackPointExtension>
        </extensions>
      </trkpt>
      <trkpt lat="39.97495852410793304443359375" lon="116.501864902675151824951171875">
        <ele>38.200000762939453125</ele>
        <time>2026-08-20T11:05:39.000Z</time>
        <extensions>
          <ns3:TrackPointExtension>
            <ns3:hr>139</ns3:hr>
            <ns3:cad>83</ns3:cad>
          </ns3:TrackPointExtension>
        </extensions>
      </trkpt>
      <trkpt lat="39.97497788630425930023193359375" lon="116.50186448357999324798583984375">
        <ele>38.200000762939453125</ele>
        <time>2026-08-20T11:05:40.000Z</time>
        <extensions>
          <ns3:TrackPointExtension>
            <ns3:hr>139</ns3:hr>
            <ns3:cad>83</ns3:cad>
          </ns3:TrackPointExtension>
        </extensions>
      </trkpt>
      <trkpt lat="39.97499666176736354827880859375" lon="116.50185383856296539306640625">
        <ele>38.200000762939453125</ele>
        <time>2026-08-20T11:05:41.000Z</time>
        <extensions>
          <ns3:TrackPointExtension>
            <ns3:hr>139</ns3:hr>
            <ns3:cad>83</ns3:cad>
          </ns3:TrackPointExtension>
        </extensions>
      </trkpt>
      <trkpt lat="39.97502096928656101226806640625" lon="116.50185056962072849273681640625">
        <ele>38</ele>
        <time>2026-08-20T11:05:42.000Z</time>
        <extensions>
          <ns3:TrackPointExtension>
            <ns3:hr>139</ns3:hr>
            <ns3:cad>83</ns3:cad>
          </ns3:TrackPointExtension>
        </extensions>
      </trkpt>
      <trkpt lat="39.97504301369190216064453125" lon="116.50185115635395050048828125">
        <ele>38</ele>
        <time>2026-08-20T11:05:43.000Z</time>
        <extensions>
          <ns3:TrackPointExtension>
            <ns3:hr>139</ns3:hr>
            <ns3:cad>82</ns3:cad>
          </ns3:TrackPointExtension>
        </extensions>
      </trkpt>
      <trkpt lat="39.97506304644048213958740234375" lon="116.50184403173625469207763671875">
        <ele>38</ele>
        <time>2026-08-20T11:05:44.000Z</time>
        <extensions>
          <ns3:TrackPointExtension>
            <ns3:hr>139</ns3:hr>
            <ns3:cad>82</ns3:cad>
          </ns3:TrackPointExtension>
        </extensions>
      </trkpt>
      <trkpt lat="39.975088275969028472900390625" lon="116.50184101425111293792724609375">
        <ele>38</ele>
        <time>2026-08-20T11:05:45.000Z</time>
        <extensions>
          <ns3:TrackPointExtension>
            <ns3:hr>139</ns3:hr>
            <ns3:cad>82</ns3:cad>
          </ns3:TrackPointExtension>
        </extensions>
      </trkpt>
      <trkpt lat="39.97510763816535472869873046875" lon="116.501840762794017791748046875">
        <ele>38</ele>
        <time>2026-08-20T11:05:46.000Z</time>
        <extensions>
          <ns3:TrackPointExtension>
            <ns3:hr>138</ns3:hr>
            <ns3:cad>82</ns3:cad>
          </ns3:TrackPointExtension>
        </extensions>
      </trkpt>
      <trkpt lat="39.97513261623680591583251953125" lon="116.5018459595739841461181640625">
        <ele>38</ele>
        <time>2026-08-20T11:05:47.000Z</time>
        <extensions>
          <ns3:TrackPointExtension>
            <ns3:hr>139</ns3:hr>
            <ns3:cad>82</ns3:cad>
          </ns3:TrackPointExtension>
        </extensions>
      </trkpt>
      <trkpt lat="39.975156672298908233642578125" lon="116.5018491446971893310546875">
        <ele>38.200000762939453125</ele>
        <time>2026-08-20T11:05:48.000Z</time>
        <extensions>
          <ns3:TrackPointExtension>
            <ns3:hr>139</ns3:hr>
            <ns3:cad>81</ns3:cad>
          </ns3:TrackPointExtension>
        </extensions>
      </trkpt>
      <trkpt lat="39.97517704032361507415771484375" lon="116.501845456659793853759765625">
        <ele>38.200000762939453125</ele>
        <time>2026-08-20T11:05:49.000Z</time>
        <extensions>
          <ns3:TrackPointExtension>
            <ns3:hr>139</ns3:hr>
            <ns3:cad>80</ns3:cad>
          </ns3:TrackPointExtension>
        </extensions>
      </trkpt>
      <trkpt lat="39.975206293165683746337890625" lon="116.50184956379234790802001953125">
        <ele>38.200000762939453125</ele>
        <time>2026-08-20T11:05:50.000Z</time>
        <extensions>
          <ns3:TrackPointExtension>
            <ns3:hr>139</ns3:hr>
            <ns3:cad>80</ns3:cad>
          </ns3:TrackPointExtension>
        </extensions>
      </trkpt>
      <trkpt lat="39.9752202071249485015869140625" lon="116.5018385834991931915283203125">
        <ele>38.200000762939453125</ele>
        <time>2026-08-20T11:05:51.000Z</time>
        <extensions>
          <ns3:TrackPointExtension>
            <ns3:hr>138</ns3:hr>
            <ns3:cad>83</ns3:cad>
          </ns3:TrackPointExtension>
        </extensions>
      </trkpt>
      <trkpt lat="39.97524493373930454254150390625" lon="116.50183615274727344512939453125">
        <ele>38</ele>
        <time>2026-08-20T11:05:52.000Z</time>
        <extensions>
          <ns3:TrackPointExtension>
            <ns3:hr>139</ns3:hr>
            <ns3:cad>84</ns3:cad>
          </ns3:TrackPointExtension>
        </extensions>
      </trkpt>
      <trkpt lat="39.97526303865015506744384765625" lon="116.50183799676597118377685546875">
        <ele>38</ele>
        <time>2026-08-20T11:05:53.000Z</time>
        <extensions>
          <ns3:TrackPointExtension>
            <ns3:hr>139</ns3:hr>
            <ns3:cad>84</ns3:cad>
          </ns3:TrackPointExtension>
        </extensions>
      </trkpt>
      <trkpt lat="39.9752795509994029998779296875" lon="116.50183917023241519927978515625">
        <ele>38</ele>
        <time>2026-08-20T11:05:54.000Z</time>
        <extensions>
          <ns3:TrackPointExtension>
            <ns3:hr>139</ns3:hr>
            <ns3:cad>84</ns3:cad>
          </ns3:TrackPointExtension>
        </extensions>
      </trkpt>
      <trkpt lat="39.97530176304280757904052734375" lon="116.50184302590787410736083984375">
        <ele>38</ele>
        <time>2026-08-20T11:05:55.000Z</time>
        <extensions>
          <ns3:TrackPointExtension>
            <ns3:hr>138</ns3:hr>
            <ns3:cad>84</ns3:cad>
          </ns3:TrackPointExtension>
        </extensions>
      </trkpt>
      <trkpt lat="39.97531919740140438079833984375" lon="116.5018436126410961151123046875">
        <ele>38</ele>
        <time>2026-08-20T11:05:56.000Z</time>
        <extensions>
          <ns3:TrackPointExtension>
            <ns3:hr>139</ns3:hr>
            <ns3:cad>84</ns3:cad>
          </ns3:TrackPointExtension>
        </extensions>
      </trkpt>
      <trkpt lat="39.9753399007022380828857421875" lon="116.50184520520269870758056640625">
        <ele>38</ele>
        <time>2026-08-20T11:05:57.000Z</time>
        <extensions>
          <ns3:TrackPointExtension>
            <ns3:hr>139</ns3:hr>
            <ns3:cad>84</ns3:cad>
          </ns3:TrackPointExtension>
        </extensions>
      </trkpt>
      <trkpt lat="39.97535691596567630767822265625" lon="116.50184688158333301544189453125">
        <ele>38</ele>
        <time>2026-08-20T11:05:58.000Z</time>
        <extensions>
          <ns3:TrackPointExtension>
            <ns3:hr>139</ns3:hr>
            <ns3:cad>85</ns3:cad>
          </ns3:TrackPointExtension>
        </extensions>
      </trkpt>
      <trkpt lat="39.975374601781368255615234375" lon="116.50184503756463527679443359375">
        <ele>38</ele>
        <time>2026-08-20T11:05:59.000Z</time>
        <extensions>
          <ns3:TrackPointExtension>
            <ns3:hr>139</ns3:hr>
            <ns3:cad>85</ns3:cad>
          </ns3:TrackPointExtension>
        </extensions>
      </trkpt>
      <trkpt lat="39.97539564035832881927490234375" lon="116.50184403173625469207763671875">
        <ele>38</ele>
        <time>2026-08-20T11:06:00.000Z</time>
        <extensions>
          <ns3:TrackPointExtension>
            <ns3:hr>139</ns3:hr>
            <ns3:cad>85</ns3:cad>
          </ns3:TrackPointExtension>
        </extensions>
      </trkpt>
      <trkpt lat="39.9754123203456401824951171875" lon="116.50184403173625469207763671875">
        <ele>38</ele>
        <time>2026-08-20T11:06:01.000Z</time>
        <extensions>
          <ns3:TrackPointExtension>
            <ns3:hr>138</ns3:hr>
            <ns3:cad>84</ns3:cad>
          </ns3:TrackPointExtension>
        </extensions>
      </trkpt>
      <trkpt lat="39.9754364602267742156982421875" lon="116.5018486417829990386962890625">
        <ele>37.799999237060546875</ele>
        <time>2026-08-20T11:06:02.000Z</time>
        <extensions>
          <ns3:TrackPointExtension>
            <ns3:hr>139</ns3:hr>
            <ns3:cad>84</ns3:cad>
          </ns3:TrackPointExtension>
        </extensions>
      </trkpt>
      <trkpt lat="39.97545615769922733306884765625" lon="116.50185274891555309295654296875">
        <ele>37.799999237060546875</ele>
        <time>2026-08-20T11:06:03.000Z</time>
        <extensions>
          <ns3:TrackPointExtension>
            <ns3:hr>139</ns3:hr>
            <ns3:cad>84</ns3:cad>
          </ns3:TrackPointExtension>
        </extensions>
      </trkpt>
      <trkpt lat="39.97547744773328304290771484375" lon="116.50185476057231426239013671875">
        <ele>37.799999237060546875</ele>
        <time>2026-08-20T11:06:04.000Z</time>
        <extensions>
          <ns3:TrackPointExtension>
            <ns3:hr>139</ns3:hr>
            <ns3:cad>84</ns3:cad>
          </ns3:TrackPointExtension>
        </extensions>
      </trkpt>
      <trkpt lat="39.97549991123378276824951171875" lon="116.50186012499034404754638671875">
        <ele>37.799999237060546875</ele>
        <time>2026-08-20T11:06:05.000Z</time>
        <extensions>
          <ns3:TrackPointExtension>
            <ns3:hr>138</ns3:hr>
            <ns3:cad>85</ns3:cad>
          </ns3:TrackPointExtension>
        </extensions>
      </trkpt>
      <trkpt lat="39.9755186028778553009033203125" lon="116.50185794569551944732666015625">
        <ele>37.799999237060546875</ele>
        <time>2026-08-20T11:06:06.000Z</time>
        <extensions>
          <ns3:TrackPointExtension>
            <ns3:hr>139</ns3:hr>
            <ns3:cad>84</ns3:cad>
          </ns3:TrackPointExtension>
        </extensions>
      </trkpt>
      <trkpt lat="39.9755400605499744415283203125" lon="116.50186213664710521697998046875">
        <ele>37.799999237060546875</ele>
        <time>2026-08-20T11:06:07.000Z</time>
        <extensions>
          <ns3:TrackPointExtension>
            <ns3:hr>139</ns3:hr>
            <ns3:cad>84</ns3:cad>
          </ns3:TrackPointExtension>
        </extensions>
      </trkpt>
      <trkpt lat="39.975561685860157012939453125" lon="116.50186121463775634765625">
        <ele>37.59999847412109375</ele>
        <time>2026-08-20T11:06:08.000Z</time>
        <extensions>
          <ns3:TrackPointExtension>
            <ns3:hr>138</ns3:hr>
            <ns3:cad>83</ns3:cad>
          </ns3:TrackPointExtension>
        </extensions>
      </trkpt>
      <trkpt lat="39.97558523900806903839111328125" lon="116.5018665790557861328125">
        <ele>37.59999847412109375</ele>
        <time>2026-08-20T11:06:09.000Z</time>
        <extensions>
          <ns3:TrackPointExtension>
            <ns3:hr>138</ns3:hr>
            <ns3:cad>84</ns3:cad>
          </ns3:TrackPointExtension>
        </extensions>
      </trkpt>
      <trkpt lat="39.9756051041185855865478515625" lon="116.50186615996062755584716796875">
        <ele>37.59999847412109375</ele>
        <time>2026-08-20T11:06:10.000Z</time>
        <extensions>
          <ns3:TrackPointExtension>
            <ns3:hr>138</ns3:hr>
            <ns3:cad>84</ns3:cad>
          </ns3:TrackPointExtension>
        </extensions>
      </trkpt>
      <trkpt lat="39.9756228737533092498779296875" lon="116.5018697641789913177490234375">
        <ele>37.799999237060546875</ele>
        <time>2026-08-20T11:06:11.000Z</time>
        <extensions>
          <ns3:TrackPointExtension>
            <ns3:hr>138</ns3:hr>
            <ns3:cad>85</ns3:cad>
          </ns3:TrackPointExtension>
        </extensions>
      </trkpt>
      <trkpt lat="39.9756483547389507293701171875" lon="116.50187068618834018707275390625">
        <ele>37.59999847412109375</ele>
        <time>2026-08-20T11:06:12.000Z</time>
        <extensions>
          <ns3:TrackPointExtension>
            <ns3:hr>138</ns3:hr>
            <ns3:cad>87</ns3:cad>
          </ns3:TrackPointExtension>
        </extensions>
      </trkpt>
      <trkpt lat="39.97566620819270610809326171875" lon="116.5018747933208942413330078125">
        <ele>37.59999847412109375</ele>
        <time>2026-08-20T11:06:13.000Z</time>
        <extensions>
          <ns3:TrackPointExtension>
            <ns3:hr>138</ns3:hr>
            <ns3:cad>87</ns3:cad>
          </ns3:TrackPointExtension>
        </extensions>
      </trkpt>
      <trkpt lat="39.975689090788364410400390625" lon="116.501878984272480010986328125">
        <ele>37.59999847412109375</ele>
        <time>2026-08-20T11:06:14.000Z</time>
        <extensions>
          <ns3:TrackPointExtension>
            <ns3:hr>138</ns3:hr>
            <ns3:cad>87</ns3:cad>
          </ns3:TrackPointExtension>
        </extensions>
      </trkpt>
      <trkpt lat="39.97570660896599292755126953125" lon="116.5018871985375881195068359375">
        <ele>37.59999847412109375</ele>
        <time>2026-08-20T11:06:15.000Z</time>
        <extensions>
          <ns3:TrackPointExtension>
            <ns3:hr>138</ns3:hr>
            <ns3:cad>86</ns3:cad>
          </ns3:TrackPointExtension>
        </extensions>
      </trkpt>
      <trkpt lat="39.97572974301874637603759765625" lon="116.501891724765300750732421875">
        <ele>37.59999847412109375</ele>
        <time>2026-08-20T11:06:16.000Z</time>
        <extensions>
          <ns3:TrackPointExtension>
            <ns3:hr>138</ns3:hr>
            <ns3:cad>85</ns3:cad>
          </ns3:TrackPointExtension>
        </extensions>
      </trkpt>
      <trkpt lat="39.9757544696331024169921875" lon="116.50189667008817195892333984375">
        <ele>37.59999847412109375</ele>
        <time>2026-08-20T11:06:17.000Z</time>
        <extensions>
          <ns3:TrackPointExtension>
            <ns3:hr>138</ns3:hr>
            <ns3:cad>83</ns3:cad>
          </ns3:TrackPointExtension>
        </extensions>
      </trkpt>
      <trkpt lat="39.9757757596671581268310546875" lon="116.5018942393362522125244140625">
        <ele>37.40000152587890625</ele>
        <time>2026-08-20T11:06:18.000Z</time>
        <extensions>
          <ns3:TrackPointExtension>
            <ns3:hr>138</ns3:hr>
            <ns3:cad>84</ns3:cad>
          </ns3:TrackPointExtension>
        </extensions>
      </trkpt>
      <trkpt lat="39.97580668888986110687255859375" lon="116.501900441944599151611328125">
        <ele>37.59999847412109375</ele>
        <time>2026-08-20T11:06:19.000Z</time>
        <extensions>
          <ns3:TrackPointExtension>
            <ns3:hr>138</ns3:hr>
            <ns3:cad>85</ns3:cad>
          </ns3:TrackPointExtension>
        </extensions>
      </trkpt>
      <trkpt lat="39.9758257158100605010986328125" lon="116.50189901702105998992919921875">
        <ele>37.40000152587890625</ele>
        <time>2026-08-20T11:06:20.000Z</time>
        <extensions>
          <ns3:TrackPointExtension>
            <ns3:hr>137</ns3:hr>
            <ns3:cad>85</ns3:cad>
          </ns3:TrackPointExtension>
        </extensions>
      </trkpt>
      <trkpt lat="39.9758532084524631500244140625" lon="116.50190387852489948272705078125">
        <ele>37.40000152587890625</ele>
        <time>2026-08-20T11:06:21.000Z</time>
        <extensions>
          <ns3:TrackPointExtension>
            <ns3:hr>137</ns3:hr>
            <ns3:cad>85</ns3:cad>
          </ns3:TrackPointExtension>
        </extensions>
      </trkpt>
      <trkpt lat="39.9758723191916942596435546875" lon="116.501905806362628936767578125">
        <ele>37.40000152587890625</ele>
        <time>2026-08-20T11:06:22.000Z</time>
        <extensions>
          <ns3:TrackPointExtension>
            <ns3:hr>137</ns3:hr>
            <ns3:cad>85</ns3:cad>
          </ns3:TrackPointExtension>
        </extensions>
      </trkpt>
      <trkpt lat="39.975891597568988800048828125" lon="116.501904465258121490478515625">
        <ele>37.40000152587890625</ele>
        <time>2026-08-20T11:06:23.000Z</time>
        <extensions>
          <ns3:TrackPointExtension>
            <ns3:hr>137</ns3:hr>
            <ns3:cad>85</ns3:cad>
          </ns3:TrackPointExtension>
        </extensions>
      </trkpt>
      <trkpt lat="39.97590945102274417877197265625" lon="116.50190589018166065216064453125">
        <ele>37.40000152587890625</ele>
        <time>2026-08-20T11:06:24.000Z</time>
        <extensions>
          <ns3:TrackPointExtension>
            <ns3:hr>137</ns3:hr>
            <ns3:cad>85</ns3:cad>
          </ns3:TrackPointExtension>
        </extensions>
      </trkpt>
      <trkpt lat="39.97592655010521411895751953125" lon="116.5019029565155506134033203125">
        <ele>37.40000152587890625</ele>
        <time>2026-08-20T11:06:25.000Z</time>
        <extensions>
          <ns3:TrackPointExtension>
            <ns3:hr>137</ns3:hr>
            <ns3:cad>85</ns3:cad>
          </ns3:TrackPointExtension>
        </extensions>
      </trkpt>
      <trkpt lat="39.9759487621486186981201171875" lon="116.5019093267619609832763671875">
        <ele>37.200000762939453125</ele>
        <time>2026-08-20T11:06:26.000Z</time>
        <extensions>
          <ns3:TrackPointExtension>
            <ns3:hr>137</ns3:hr>
            <ns3:cad>85</ns3:cad>
          </ns3:TrackPointExtension>
        </extensions>
      </trkpt>
      <trkpt lat="39.97596393339335918426513671875" lon="116.50190941058099269866943359375">
        <ele>37.40000152587890625</ele>
        <time>2026-08-20T11:06:27.000Z</time>
        <extensions>
          <ns3:TrackPointExtension>
            <ns3:hr>137</ns3:hr>
            <ns3:cad>85</ns3:cad>
          </ns3:TrackPointExtension>
        </extensions>
      </trkpt>
      <trkpt lat="39.97598237358033657073974609375" lon="116.5019146911799907684326171875">
        <ele>37.40000152587890625</ele>
        <time>2026-08-20T11:06:28.000Z</time>
        <extensions>
          <ns3:TrackPointExtension>
            <ns3:hr>137</ns3:hr>
            <ns3:cad>85</ns3:cad>
          </ns3:TrackPointExtension>
        </extensions>
      </trkpt>
      <trkpt lat="39.976002909243106842041015625" lon="116.501923911273479461669921875">
        <ele>37.40000152587890625</ele>
        <time>2026-08-20T11:06:29.000Z</time>
        <extensions>
          <ns3:TrackPointExtension>
            <ns3:hr>137</ns3:hr>
            <ns3:cad>85</ns3:cad>
          </ns3:TrackPointExtension>
        </extensions>
      </trkpt>
      <trkpt lat="39.97601975686848163604736328125" lon="116.5019242465496063232421875">
        <ele>37.200000762939453125</ele>
        <time>2026-08-20T11:06:30.000Z</time>
        <extensions>
          <ns3:TrackPointExtension>
            <ns3:hr>137</ns3:hr>
            <ns3:cad>85</ns3:cad>
          </ns3:TrackPointExtension>
        </extensions>
      </trkpt>
      <trkpt lat="39.97604406438767910003662109375" lon="116.5019277669489383697509765625">
        <ele>37.200000762939453125</ele>
        <time>2026-08-20T11:06:31.000Z</time>
        <extensions>
          <ns3:TrackPointExtension>
            <ns3:hr>136</ns3:hr>
            <ns3:cad>85</ns3:cad>
          </ns3:TrackPointExtension>
        </extensions>
      </trkpt>
      <trkpt lat="39.97606384567916393280029296875" lon="116.50192818604409694671630859375">
        <ele>37.200000762939453125</ele>
        <time>2026-08-20T11:06:32.000Z</time>
        <extensions>
          <ns3:TrackPointExtension>
            <ns3:hr>136</ns3:hr>
            <ns3:cad>85</ns3:cad>
          </ns3:TrackPointExtension>
        </extensions>
      </trkpt>
      <trkpt lat="39.97608999721705913543701171875" lon="116.50193589739501476287841796875">
        <ele>37.200000762939453125</ele>
        <time>2026-08-20T11:06:33.000Z</time>
        <extensions>
          <ns3:TrackPointExtension>
            <ns3:hr>136</ns3:hr>
            <ns3:cad>84</ns3:cad>
          </ns3:TrackPointExtension>
        </extensions>
      </trkpt>
      <trkpt lat="39.97611212544143199920654296875" lon="116.5019401721656322479248046875">
        <ele>37.200000762939453125</ele>
        <time>2026-08-20T11:06:34.000Z</time>
        <extensions>
          <ns3:TrackPointExtension>
            <ns3:hr>135</ns3:hr>
            <ns3:cad>84</ns3:cad>
          </ns3:TrackPointExtension>
        </extensions>
      </trkpt>
      <trkpt lat="39.97613131999969482421875" lon="116.5019395016133785247802734375">
        <ele>37.200000762939453125</ele>
        <time>2026-08-20T11:06:35.000Z</time>
        <extensions>
          <ns3:TrackPointExtension>
            <ns3:hr>135</ns3:hr>
            <ns3:cad>84</ns3:cad>
          </ns3:TrackPointExtension>
        </extensions>
      </trkpt>
      <trkpt lat="39.9761529453098773956298828125" lon="116.501944363117218017578125">
        <ele>37.200000762939453125</ele>
        <time>2026-08-20T11:06:36.000Z</time>
        <extensions>
          <ns3:TrackPointExtension>
            <ns3:hr>135</ns3:hr>
            <ns3:cad>84</ns3:cad>
          </ns3:TrackPointExtension>
        </extensions>
      </trkpt>
      <trkpt lat="39.97616954147815704345703125" lon="116.50194243527948856353759765625">
        <ele>37.200000762939453125</ele>
        <time>2026-08-20T11:06:37.000Z</time>
        <extensions>
          <ns3:TrackPointExtension>
            <ns3:hr>135</ns3:hr>
            <ns3:cad>84</ns3:cad>
          </ns3:TrackPointExtension>
        </extensions>
      </trkpt>
      <trkpt lat="39.9761881493031978607177734375" lon="116.501950733363628387451171875">
        <ele>37.200000762939453125</ele>
        <time>2026-08-20T11:06:38.000Z</time>
        <extensions>
          <ns3:TrackPointExtension>
            <ns3:hr>135</ns3:hr>
            <ns3:cad>86</ns3:cad>
          </ns3:TrackPointExtension>
        </extensions>
      </trkpt>
      <trkpt lat="39.9762015603482723236083984375" lon="116.50195710361003875732421875">
        <ele>37.200000762939453125</ele>
        <time>2026-08-20T11:06:39.000Z</time>
        <extensions>
          <ns3:TrackPointExtension>
            <ns3:hr>135</ns3:hr>
            <ns3:cad>86</ns3:cad>
          </ns3:TrackPointExtension>
        </extensions>
      </trkpt>
      <trkpt lat="39.976222515106201171875" lon="116.50196657516062259674072265625">
        <ele>37.200000762939453125</ele>
        <time>2026-08-20T11:06:40.000Z</time>
        <extensions>
          <ns3:TrackPointExtension>
            <ns3:hr>135</ns3:hr>
            <ns3:cad>86</ns3:cad>
          </ns3:TrackPointExtension>
        </extensions>
      </trkpt>
      <trkpt lat="39.976242966949939727783203125" lon="116.50197311304509639739990234375">
        <ele>37.200000762939453125</ele>
        <time>2026-08-20T11:06:41.000Z</time>
        <extensions>
          <ns3:TrackPointExtension>
            <ns3:hr>135</ns3:hr>
            <ns3:cad>86</ns3:cad>
          </ns3:TrackPointExtension>
        </extensions>
      </trkpt>
      <trkpt lat="39.976257048547267913818359375" lon="116.5019738674163818359375">
        <ele>37.200000762939453125</ele>
        <time>2026-08-20T11:06:42.000Z</time>
        <extensions>
          <ns3:TrackPointExtension>
            <ns3:hr>134</ns3:hr>
            <ns3:cad>86</ns3:cad>
          </ns3:TrackPointExtension>
        </extensions>
      </trkpt>
      <trkpt lat="39.9762914143502712249755859375" lon="116.5019673295319080352783203125">
        <ele>37.200000762939453125</ele>
        <time>2026-08-20T11:06:43.000Z</time>
        <extensions>
          <ns3:TrackPointExtension>
            <ns3:hr>134</ns3:hr>
            <ns3:cad>86</ns3:cad>
          </ns3:TrackPointExtension>
        </extensions>
      </trkpt>
      <trkpt lat="39.9763111956417560577392578125" lon="116.50196573697030544281005859375">
        <ele>37.200000762939453125</ele>
        <time>2026-08-20T11:06:44.000Z</time>
        <extensions>
          <ns3:TrackPointExtension>
            <ns3:hr>134</ns3:hr>
            <ns3:cad>86</ns3:cad>
          </ns3:TrackPointExtension>
        </extensions>
      </trkpt>
      <trkpt lat="39.976331479847431182861328125" lon="116.50196380913257598876953125">
        <ele>37.200000762939453125</ele>
        <time>2026-08-20T11:06:45.000Z</time>
        <extensions>
          <ns3:TrackPointExtension>
            <ns3:hr>134</ns3:hr>
            <ns3:cad>85</ns3:cad>
          </ns3:TrackPointExtension>
        </extensions>
      </trkpt>
      <trkpt lat="39.9763574637472629547119140625" lon="116.50196339003741741180419921875">
        <ele>37.200000762939453125</ele>
        <time>2026-08-20T11:06:46.000Z</time>
        <extensions>
          <ns3:TrackPointExtension>
            <ns3:hr>133</ns3:hr>
            <ns3:cad>83</ns3:cad>
          </ns3:TrackPointExtension>
        </extensions>
      </trkpt>
      <trkpt lat="39.9763799272477626800537109375" lon="116.50196573697030544281005859375">
        <ele>37</ele>
        <time>2026-08-20T11:06:47.000Z</time>
        <extensions>
          <ns3:TrackPointExtension>
            <ns3:hr>133</ns3:hr>
            <ns3:cad>83</ns3:cad>
          </ns3:TrackPointExtension>
        </extensions>
      </trkpt>
      <trkpt lat="39.97640381567180156707763671875" lon="116.5019686706364154815673828125">
        <ele>37</ele>
        <time>2026-08-20T11:06:48.000Z</time>
        <extensions>
          <ns3:TrackPointExtension>
            <ns3:hr>133</ns3:hr>
            <ns3:cad>81</ns3:cad>
          </ns3:TrackPointExtension>
        </extensions>
      </trkpt>
      <trkpt lat="39.97642342932522296905517578125" lon="116.50198032148182392120361328125">
        <ele>37</ele>
        <time>2026-08-20T11:06:49.000Z</time>
        <extensions>
          <ns3:TrackPointExtension>
            <ns3:hr>133</ns3:hr>
            <ns3:cad>81</ns3:cad>
          </ns3:TrackPointExtension>
        </extensions>
      </trkpt>
      <trkpt lat="39.9764476530253887176513671875" lon="116.5019918046891689300537109375">
        <ele>37</ele>
        <time>2026-08-20T11:06:50.000Z</time>
        <extensions>
          <ns3:TrackPointExtension>
            <ns3:hr>133</ns3:hr>
            <ns3:cad>82</ns3:cad>
          </ns3:TrackPointExtension>
        </extensions>
      </trkpt>
      <trkpt lat="39.976471960544586181640625" lon="116.5020001865923404693603515625">
        <ele>37</ele>
        <time>2026-08-20T11:06:51.000Z</time>
        <extensions>
          <ns3:TrackPointExtension>
            <ns3:hr>133</ns3:hr>
            <ns3:cad>83</ns3:cad>
          </ns3:TrackPointExtension>
        </extensions>
      </trkpt>
      <trkpt lat="39.97649014927446842193603515625" lon="116.502005718648433685302734375">
        <ele>37.200000762939453125</ele>
        <time>2026-08-20T11:06:52.000Z</time>
        <extensions>
          <ns3:TrackPointExtension>
            <ns3:hr>133</ns3:hr>
            <ns3:cad>84</ns3:cad>
          </ns3:TrackPointExtension>
        </extensions>
      </trkpt>
      <trkpt lat="39.9765197373926639556884765625" lon="116.502017788589000701904296875">
        <ele>37.200000762939453125</ele>
        <time>2026-08-20T11:06:53.000Z</time>
        <extensions>
          <ns3:TrackPointExtension>
            <ns3:hr>133</ns3:hr>
            <ns3:cad>84</ns3:cad>
          </ns3:TrackPointExtension>
        </extensions>
      </trkpt>
      <trkpt lat="39.97654044069349765777587890625" lon="116.502019464969635009765625">
        <ele>37.40000152587890625</ele>
        <time>2026-08-20T11:06:54.000Z</time>
        <extensions>
          <ns3:TrackPointExtension>
            <ns3:hr>133</ns3:hr>
            <ns3:cad>84</ns3:cad>
          </ns3:TrackPointExtension>
        </extensions>
      </trkpt>
      <trkpt lat="39.9765633232891559600830078125" lon="116.502023153007030487060546875">
        <ele>37.40000152587890625</ele>
        <time>2026-08-20T11:06:55.000Z</time>
        <extensions>
          <ns3:TrackPointExtension>
            <ns3:hr>135</ns3:hr>
            <ns3:cad>84</ns3:cad>
          </ns3:TrackPointExtension>
        </extensions>
      </trkpt>
      <trkpt lat="39.97658452950417995452880859375" lon="116.50202575139701366424560546875">
        <ele>37.40000152587890625</ele>
        <time>2026-08-20T11:06:56.000Z</time>
        <extensions>
          <ns3:TrackPointExtension>
            <ns3:hr>137</ns3:hr>
            <ns3:cad>84</ns3:cad>
          </ns3:TrackPointExtension>
        </extensions>
      </trkpt>
      <trkpt lat="39.976602382957935333251953125" lon="116.5020209737122058868408203125">
        <ele>37.40000152587890625</ele>
        <time>2026-08-20T11:06:57.000Z</time>
        <extensions>
          <ns3:TrackPointExtension>
            <ns3:hr>138</ns3:hr>
            <ns3:cad>84</ns3:cad>
          </ns3:TrackPointExtension>
        </extensions>
      </trkpt>
      <trkpt lat="39.97662861831486225128173828125" lon="116.50202977471053600311279296875">
        <ele>37.40000152587890625</ele>
        <time>2026-08-20T11:06:58.000Z</time>
        <extensions>
          <ns3:TrackPointExtension>
            <ns3:hr>138</ns3:hr>
            <ns3:cad>84</ns3:cad>
          </ns3:TrackPointExtension>
        </extensions>
      </trkpt>
      <trkpt lat="39.97664605267345905303955078125" lon="116.5020223148167133331298828125">
        <ele>37.40000152587890625</ele>
        <time>2026-08-20T11:06:59.000Z</time>
        <extensions>
          <ns3:TrackPointExtension>
            <ns3:hr>138</ns3:hr>
            <ns3:cad>84</ns3:cad>
          </ns3:TrackPointExtension>
        </extensions>
      </trkpt>
      <trkpt lat="39.97667388059198856353759765625" lon="116.502027176320552825927734375">
        <ele>37.59999847412109375</ele>
        <time>2026-08-20T11:07:00.000Z</time>
        <extensions>
          <ns3:TrackPointExtension>
            <ns3:hr>138</ns3:hr>
            <ns3:cad>85</ns3:cad>
          </ns3:TrackPointExtension>
        </extensions>
      </trkpt>
      <trkpt lat="39.97669718228280544281005859375" lon="116.50202910415828227996826171875">
        <ele>37.59999847412109375</ele>
        <time>2026-08-20T11:07:01.000Z</time>
        <extensions>
          <ns3:TrackPointExtension>
            <ns3:hr>138</ns3:hr>
            <ns3:cad>85</ns3:cad>
          </ns3:TrackPointExtension>
        </extensions>
      </trkpt>
      <trkpt lat="39.97672207653522491455078125" lon="116.50203312747180461883544921875">
        <ele>37.59999847412109375</ele>
        <time>2026-08-20T11:07:02.000Z</time>
        <extensions>
          <ns3:TrackPointExtension>
            <ns3:hr>138</ns3:hr>
            <ns3:cad>85</ns3:cad>
          </ns3:TrackPointExtension>
        </extensions>
      </trkpt>
      <trkpt lat="39.9767447076737880706787109375" lon="116.502046287059783935546875">
        <ele>37.59999847412109375</ele>
        <time>2026-08-20T11:07:03.000Z</time>
        <extensions>
          <ns3:TrackPointExtension>
            <ns3:hr>138</ns3:hr>
            <ns3:cad>84</ns3:cad>
          </ns3:TrackPointExtension>
        </extensions>
      </trkpt>
      <trkpt lat="39.97676256112754344940185546875" lon="116.50204955600202083587646484375">
        <ele>37.59999847412109375</ele>
        <time>2026-08-20T11:07:04.000Z</time>
        <extensions>
          <ns3:TrackPointExtension>
            <ns3:hr>138</ns3:hr>
            <ns3:cad>84</ns3:cad>
          </ns3:TrackPointExtension>
        </extensions>
      </trkpt>
      <trkpt lat="39.97678535990417003631591796875" lon="116.50206263177096843719482421875">
        <ele>37.59999847412109375</ele>
        <time>2026-08-20T11:07:05.000Z</time>
        <extensions>
          <ns3:TrackPointExtension>
            <ns3:hr>138</ns3:hr>
            <ns3:cad>84</ns3:cad>
          </ns3:TrackPointExtension>
        </extensions>
      </trkpt>
      <trkpt lat="39.9768057279288768768310546875" lon="116.5020786412060260772705078125">
        <ele>37.59999847412109375</ele>
        <time>2026-08-20T11:07:06.000Z</time>
        <extensions>
          <ns3:TrackPointExtension>
            <ns3:hr>138</ns3:hr>
            <ns3:cad>85</ns3:cad>
          </ns3:TrackPointExtension>
        </extensions>
      </trkpt>
      <trkpt lat="39.976823329925537109375" lon="116.50208073668181896209716796875">
        <ele>37.59999847412109375</ele>
        <time>2026-08-20T11:07:07.000Z</time>
        <extensions>
          <ns3:TrackPointExtension>
            <ns3:hr>138</ns3:hr>
            <ns3:cad>85</ns3:cad>
          </ns3:TrackPointExtension>
        </extensions>
      </trkpt>
      <trkpt lat="39.97684285975992679595947265625" lon="116.50209347717463970184326171875">
        <ele>37.59999847412109375</ele>
        <time>2026-08-20T11:07:08.000Z</time>
        <extensions>
          <ns3:TrackPointExtension>
            <ns3:hr>139</ns3:hr>
            <ns3:cad>84</ns3:cad>
          </ns3:TrackPointExtension>
        </extensions>
      </trkpt>
      <trkpt lat="39.97686230577528476715087890625" lon="116.50210990570485591888427734375">
        <ele>37.799999237060546875</ele>
        <time>2026-08-20T11:07:09.000Z</time>
        <extensions>
          <ns3:TrackPointExtension>
            <ns3:hr>140</ns3:hr>
            <ns3:cad>84</ns3:cad>
          </ns3:TrackPointExtension>
        </extensions>
      </trkpt>
      <trkpt lat="39.97688292525708675384521484375" lon="116.50211895816028118133544921875">
        <ele>37.799999237060546875</ele>
        <time>2026-08-20T11:07:10.000Z</time>
        <extensions>
          <ns3:TrackPointExtension>
            <ns3:hr>141</ns3:hr>
            <ns3:cad>83</ns3:cad>
          </ns3:TrackPointExtension>
        </extensions>
      </trkpt>
      <trkpt lat="39.9769076518714427947998046875" lon="116.502125076949596405029296875">
        <ele>37.799999237060546875</ele>
        <time>2026-08-20T11:07:11.000Z</time>
        <extensions>
          <ns3:TrackPointExtension>
            <ns3:hr>141</ns3:hr>
            <ns3:cad>82</ns3:cad>
          </ns3:TrackPointExtension>
        </extensions>
      </trkpt>
      <trkpt lat="39.976927600800991058349609375" lon="116.50212935172021389007568359375">
        <ele>37.799999237060546875</ele>
        <time>2026-08-20T11:07:12.000Z</time>
        <extensions>
          <ns3:TrackPointExtension>
            <ns3:hr>141</ns3:hr>
            <ns3:cad>82</ns3:cad>
          </ns3:TrackPointExtension>
        </extensions>
      </trkpt>
      <trkpt lat="39.97694511897861957550048828125" lon="116.50212750770151615142822265625">
        <ele>38</ele>
        <time>2026-08-20T11:07:13.000Z</time>
        <extensions>
          <ns3:TrackPointExtension>
            <ns3:hr>141</ns3:hr>
            <ns3:cad>82</ns3:cad>
          </ns3:TrackPointExtension>
        </extensions>
      </trkpt>
      <trkpt lat="39.9769693426787853240966796875" lon="116.50213371030986309051513671875">
        <ele>38</ele>
        <time>2026-08-20T11:07:14.000Z</time>
        <extensions>
          <ns3:TrackPointExtension>
            <ns3:hr>141</ns3:hr>
            <ns3:cad>82</ns3:cad>
          </ns3:TrackPointExtension>
        </extensions>
      </trkpt>
      <trkpt lat="39.97698602266609668731689453125" lon="116.50213538669049739837646484375">
        <ele>38</ele>
        <time>2026-08-20T11:07:15.000Z</time>
        <extensions>
          <ns3:TrackPointExtension>
            <ns3:hr>142</ns3:hr>
            <ns3:cad>81</ns3:cad>
          </ns3:TrackPointExtension>
        </extensions>
      </trkpt>
      <trkpt lat="39.97700563631951808929443359375" lon="116.50213404558598995208740234375">
        <ele>38</ele>
        <time>2026-08-20T11:07:16.000Z</time>
        <extensions>
          <ns3:TrackPointExtension>
            <ns3:hr>141</ns3:hr>
            <ns3:cad>82</ns3:cad>
          </ns3:TrackPointExtension>
        </extensions>
      </trkpt>
      <trkpt lat="39.97702977620065212249755859375" lon="116.50213840417563915252685546875">
        <ele>38</ele>
        <time>2026-08-20T11:07:17.000Z</time>
        <extensions>
          <ns3:TrackPointExtension>
            <ns3:hr>142</ns3:hr>
            <ns3:cad>82</ns3:cad>
          </ns3:TrackPointExtension>
        </extensions>
      </trkpt>
      <trkpt lat="39.9770471267402172088623046875" lon="116.50214175693690776824951171875">
        <ele>38</ele>
        <time>2026-08-20T11:07:18.000Z</time>
        <extensions>
          <ns3:TrackPointExtension>
            <ns3:hr>142</ns3:hr>
            <ns3:cad>82</ns3:cad>
          </ns3:TrackPointExtension>
        </extensions>
      </trkpt>
      <trkpt lat="39.977071769535541534423828125" lon="116.50214846245944499969482421875">
        <ele>38.200000762939453125</ele>
        <time>2026-08-20T11:07:19.000Z</time>
        <extensions>
          <ns3:TrackPointExtension>
            <ns3:hr>142</ns3:hr>
            <ns3:cad>82</ns3:cad>
          </ns3:TrackPointExtension>
        </extensions>
      </trkpt>
      <trkpt lat="39.977093227207660675048828125" lon="116.50215248577296733856201171875">
        <ele>38.200000762939453125</ele>
        <time>2026-08-20T11:07:20.000Z</time>
        <extensions>
          <ns3:TrackPointExtension>
            <ns3:hr>141</ns3:hr>
            <ns3:cad>82</ns3:cad>
          </ns3:TrackPointExtension>
        </extensions>
      </trkpt>
      <trkpt lat="39.9771081469953060150146484375" lon="116.50214762426912784576416015625">
        <ele>38.200000762939453125</ele>
        <time>2026-08-20T11:07:21.000Z</time>
        <extensions>
          <ns3:TrackPointExtension>
            <ns3:hr>142</ns3:hr>
            <ns3:cad>82</ns3:cad>
          </ns3:TrackPointExtension>
        </extensions>
      </trkpt>
      <trkpt lat="39.9771312810480594635009765625" lon="116.50213639251887798309326171875">
        <ele>38</ele>
        <time>2026-08-20T11:07:22.000Z</time>
        <extensions>
          <ns3:TrackPointExtension>
            <ns3:hr>142</ns3:hr>
            <ns3:cad>82</ns3:cad>
          </ns3:TrackPointExtension>
        </extensions>
      </trkpt>
      <trkpt lat="39.977144189178943634033203125" lon="116.5021292679011821746826171875">
        <ele>38</ele>
        <time>2026-08-20T11:07:23.000Z</time>
        <extensions>
          <ns3:TrackPointExtension>
            <ns3:hr>141</ns3:hr>
            <ns3:cad>82</ns3:cad>
          </ns3:TrackPointExtension>
        </extensions>
      </trkpt>
      <trkpt lat="39.977169334888458251953125" lon="116.5021171979606151580810546875">
        <ele>38</ele>
        <time>2026-08-20T11:07:24.000Z</time>
        <extensions>
          <ns3:TrackPointExtension>
            <ns3:hr>141</ns3:hr>
            <ns3:cad>84</ns3:cad>
          </ns3:TrackPointExtension>
        </extensions>
      </trkpt>
      <trkpt lat="39.9771909601986408233642578125" lon="116.50211258791387081146240234375">
        <ele>38.200000762939453125</ele>
        <time>2026-08-20T11:07:25.000Z</time>
        <extensions>
          <ns3:TrackPointExtension>
            <ns3:hr>141</ns3:hr>
            <ns3:cad>84</ns3:cad>
          </ns3:TrackPointExtension>
        </extensions>
      </trkpt>
      <trkpt lat="39.97720847837626934051513671875" lon="116.50210722349584102630615234375">
        <ele>38</ele>
        <time>2026-08-20T11:07:26.000Z</time>
        <extensions>
          <ns3:TrackPointExtension>
            <ns3:hr>142</ns3:hr>
            <ns3:cad>84</ns3:cad>
          </ns3:TrackPointExtension>
        </extensions>
      </trkpt>
      <trkpt lat="39.9772318638861179351806640625" lon="116.5021111629903316497802734375">
        <ele>38</ele>
        <time>2026-08-20T11:07:27.000Z</time>
        <extensions>
          <ns3:TrackPointExtension>
            <ns3:hr>142</ns3:hr>
            <ns3:cad>84</ns3:cad>
          </ns3:TrackPointExtension>
        </extensions>
      </trkpt>
      <trkpt lat="39.97725172899663448333740234375" lon="116.5021138451993465423583984375">
        <ele>38</ele>
        <time>2026-08-20T11:07:28.000Z</time>
        <extensions>
          <ns3:TrackPointExtension>
            <ns3:hr>142</ns3:hr>
            <ns3:cad>83</ns3:cad>
          </ns3:TrackPointExtension>
        </extensions>
      </trkpt>
      <trkpt lat="39.9772737734019756317138671875" lon="116.5021155215799808502197265625">
        <ele>38</ele>
        <time>2026-08-20T11:07:29.000Z</time>
        <extensions>
          <ns3:TrackPointExtension>
            <ns3:hr>142</ns3:hr>
            <ns3:cad>83</ns3:cad>
          </ns3:TrackPointExtension>
        </extensions>
      </trkpt>
      <trkpt lat="39.97729648835957050323486328125" lon="116.50212096981704235076904296875">
        <ele>38</ele>
        <time>2026-08-20T11:07:30.000Z</time>
        <extensions>
          <ns3:TrackPointExtension>
            <ns3:hr>142</ns3:hr>
            <ns3:cad>82</ns3:cad>
          </ns3:TrackPointExtension>
        </extensions>
      </trkpt>
      <trkpt lat="39.97732029296457767486572265625" lon="116.5021275915205478668212890625">
        <ele>38</ele>
        <time>2026-08-20T11:07:31.000Z</time>
        <extensions>
          <ns3:TrackPointExtension>
            <ns3:hr>141</ns3:hr>
            <ns3:cad>82</ns3:cad>
          </ns3:TrackPointExtension>
        </extensions>
      </trkpt>
      <trkpt lat="39.97734359465539455413818359375" lon="116.5021361410617828369140625">
        <ele>38.200000762939453125</ele>
        <time>2026-08-20T11:07:32.000Z</time>
        <extensions>
          <ns3:TrackPointExtension>
            <ns3:hr>142</ns3:hr>
            <ns3:cad>82</ns3:cad>
          </ns3:TrackPointExtension>
        </extensions>
      </trkpt>
      <trkpt lat="39.9773575924336910247802734375" lon="116.50213488377630710601806640625">
        <ele>38.200000762939453125</ele>
        <time>2026-08-20T11:07:33.000Z</time>
        <extensions>
          <ns3:TrackPointExtension>
            <ns3:hr>141</ns3:hr>
            <ns3:cad>82</ns3:cad>
          </ns3:TrackPointExtension>
        </extensions>
      </trkpt>
      <trkpt lat="39.97737930156290531158447265625" lon="116.50213723070919513702392578125">
        <ele>38.200000762939453125</ele>
        <time>2026-08-20T11:07:34.000Z</time>
        <extensions>
          <ns3:TrackPointExtension>
            <ns3:hr>141</ns3:hr>
            <ns3:cad>83</ns3:cad>
          </ns3:TrackPointExtension>
        </extensions>
      </trkpt>
      <trkpt lat="39.9773971550166606903076171875" lon="116.5021420083940029144287109375">
        <ele>38.200000762939453125</ele>
        <time>2026-08-20T11:07:35.000Z</time>
        <extensions>
          <ns3:TrackPointExtension>
            <ns3:hr>140</ns3:hr>
            <ns3:cad>83</ns3:cad>
          </ns3:TrackPointExtension>
        </extensions>
      </trkpt>
      <trkpt lat="39.97741282917559146881103515625" lon="116.5021420083940029144287109375">
        <ele>38</ele>
        <time>2026-08-20T11:07:36.000Z</time>
        <extensions>
          <ns3:TrackPointExtension>
            <ns3:hr>139</ns3:hr>
            <ns3:cad>83</ns3:cad>
          </ns3:TrackPointExtension>
        </extensions>
      </trkpt>
      <trkpt lat="39.9774326942861080169677734375" lon="116.50214980356395244598388671875">
        <ele>38</ele>
        <time>2026-08-20T11:07:37.000Z</time>
        <extensions>
          <ns3:TrackPointExtension>
            <ns3:hr>139</ns3:hr>
            <ns3:cad>83</ns3:cad>
          </ns3:TrackPointExtension>
        </extensions>
      </trkpt>
      <trkpt lat="39.97744769789278507232666015625" lon="116.50214963592588901519775390625">
        <ele>38</ele>
        <time>2026-08-20T11:07:38.000Z</time>
        <extensions>
          <ns3:TrackPointExtension>
            <ns3:hr>139</ns3:hr>
            <ns3:cad>84</ns3:cad>
          </ns3:TrackPointExtension>
        </extensions>
      </trkpt>
      <trkpt lat="39.97746680863201618194580078125" lon="116.502153910696506500244140625">
        <ele>38</ele>
        <time>2026-08-20T11:07:39.000Z</time>
        <extensions>
          <ns3:TrackPointExtension>
            <ns3:hr>139</ns3:hr>
            <ns3:cad>85</ns3:cad>
          </ns3:TrackPointExtension>
        </extensions>
      </trkpt>
      <trkpt lat="39.97748474590480327606201171875" lon="116.50215717963874340057373046875">
        <ele>38</ele>
        <time>2026-08-20T11:07:40.000Z</time>
        <extensions>
          <ns3:TrackPointExtension>
            <ns3:hr>139</ns3:hr>
            <ns3:cad>85</ns3:cad>
          </ns3:TrackPointExtension>
        </extensions>
      </trkpt>
      <trkpt lat="39.97750335372984409332275390625" lon="116.5021567605435848236083984375">
        <ele>38</ele>
        <time>2026-08-20T11:07:41.000Z</time>
        <extensions>
          <ns3:TrackPointExtension>
            <ns3:hr>139</ns3:hr>
            <ns3:cad>85</ns3:cad>
          </ns3:TrackPointExtension>
        </extensions>
      </trkpt>
      <trkpt lat="39.97752581723034381866455078125" lon="116.50215751491487026214599609375">
        <ele>38</ele>
        <time>2026-08-20T11:07:42.000Z</time>
        <extensions>
          <ns3:TrackPointExtension>
            <ns3:hr>139</ns3:hr>
            <ns3:cad>84</ns3:cad>
          </ns3:TrackPointExtension>
        </extensions>
      </trkpt>
      <trkpt lat="39.9775419943034648895263671875" lon="116.50215650908648967742919921875">
        <ele>38</ele>
        <time>2026-08-20T11:07:43.000Z</time>
        <extensions>
          <ns3:TrackPointExtension>
            <ns3:hr>138</ns3:hr>
            <ns3:cad>83</ns3:cad>
          </ns3:TrackPointExtension>
        </extensions>
      </trkpt>
      <trkpt lat="39.9775636196136474609375" lon="116.5021648071706295013427734375">
        <ele>38</ele>
        <time>2026-08-20T11:07:44.000Z</time>
        <extensions>
          <ns3:TrackPointExtension>
            <ns3:hr>138</ns3:hr>
            <ns3:cad>83</ns3:cad>
          </ns3:TrackPointExtension>
        </extensions>
      </trkpt>
      <trkpt lat="39.97758097015321254730224609375" lon="116.50216631591320037841796875">
        <ele>38</ele>
        <time>2026-08-20T11:07:45.000Z</time>
        <extensions>
          <ns3:TrackPointExtension>
            <ns3:hr>138</ns3:hr>
            <ns3:cad>84</ns3:cad>
          </ns3:TrackPointExtension>
        </extensions>
      </trkpt>
      <trkpt lat="39.9776023440062999725341796875" lon="116.5021688304841518402099609375">
        <ele>38</ele>
        <time>2026-08-20T11:07:46.000Z</time>
        <extensions>
          <ns3:TrackPointExtension>
            <ns3:hr>138</ns3:hr>
            <ns3:cad>84</ns3:cad>
          </ns3:TrackPointExtension>
        </extensions>
      </trkpt>
      <trkpt lat="39.97762606479227542877197265625" lon="116.50217092595994472503662109375">
        <ele>38.200000762939453125</ele>
        <time>2026-08-20T11:07:47.000Z</time>
        <extensions>
          <ns3:TrackPointExtension>
            <ns3:hr>138</ns3:hr>
            <ns3:cad>84</ns3:cad>
          </ns3:TrackPointExtension>
        </extensions>
      </trkpt>
      <trkpt lat="39.97764752246439456939697265625" lon="116.502167321741580963134765625">
        <ele>38.200000762939453125</ele>
        <time>2026-08-20T11:07:48.000Z</time>
        <extensions>
          <ns3:TrackPointExtension>
            <ns3:hr>139</ns3:hr>
            <ns3:cad>84</ns3:cad>
          </ns3:TrackPointExtension>
        </extensions>
      </trkpt>
      <trkpt lat="39.97767451219260692596435546875" lon="116.5021728537976741790771484375">
        <ele>38.200000762939453125</ele>
        <time>2026-08-20T11:07:49.000Z</time>
        <extensions>
          <ns3:TrackPointExtension>
            <ns3:hr>138</ns3:hr>
            <ns3:cad>84</ns3:cad>
          </ns3:TrackPointExtension>
        </extensions>
      </trkpt>
      <trkpt lat="39.97769429348409175872802734375" lon="116.50217570364475250244140625">
        <ele>38.200000762939453125</ele>
        <time>2026-08-20T11:07:50.000Z</time>
        <extensions>
          <ns3:TrackPointExtension>
            <ns3:hr>138</ns3:hr>
            <ns3:cad>84</ns3:cad>
          </ns3:TrackPointExtension>
        </extensions>
      </trkpt>
      <trkpt lat="39.97772044502198696136474609375" lon="116.502177380025386810302734375">
        <ele>38.200000762939453125</ele>
        <time>2026-08-20T11:07:51.000Z</time>
        <extensions>
          <ns3:TrackPointExtension>
            <ns3:hr>138</ns3:hr>
            <ns3:cad>84</ns3:cad>
          </ns3:TrackPointExtension>
        </extensions>
      </trkpt>
      <trkpt lat="39.977747015655040740966796875" lon="116.50218249298632144927978515625">
        <ele>38.200000762939453125</ele>
        <time>2026-08-20T11:07:52.000Z</time>
        <extensions>
          <ns3:TrackPointExtension>
            <ns3:hr>139</ns3:hr>
            <ns3:cad>85</ns3:cad>
          </ns3:TrackPointExtension>
        </extensions>
      </trkpt>
      <trkpt lat="39.97776654548943042755126953125" lon="116.50218131951987743377685546875">
        <ele>38.200000762939453125</ele>
        <time>2026-08-20T11:07:53.000Z</time>
        <extensions>
          <ns3:TrackPointExtension>
            <ns3:hr>139</ns3:hr>
            <ns3:cad>85</ns3:cad>
          </ns3:TrackPointExtension>
        </extensions>
      </trkpt>
      <trkpt lat="39.9777927808463573455810546875" lon="116.502185761928558349609375">
        <ele>38.200000762939453125</ele>
        <time>2026-08-20T11:07:54.000Z</time>
        <extensions>
          <ns3:TrackPointExtension>
            <ns3:hr>141</ns3:hr>
            <ns3:cad>85</ns3:cad>
          </ns3:TrackPointExtension>
        </extensions>
      </trkpt>
      <trkpt lat="39.9778118915855884552001953125" lon="116.5021906234323978424072265625">
        <ele>38.200000762939453125</ele>
        <time>2026-08-20T11:07:55.000Z</time>
        <extensions>
          <ns3:TrackPointExtension>
            <ns3:hr>142</ns3:hr>
            <ns3:cad>84</ns3:cad>
          </ns3:TrackPointExtension>
        </extensions>
      </trkpt>
      <trkpt lat="39.97783326543867588043212890625" lon="116.5021906234323978424072265625">
        <ele>38.200000762939453125</ele>
        <time>2026-08-20T11:07:56.000Z</time>
        <extensions>
          <ns3:TrackPointExtension>
            <ns3:hr>143</ns3:hr>
            <ns3:cad>83</ns3:cad>
          </ns3:TrackPointExtension>
        </extensions>
      </trkpt>
      <trkpt lat="39.97785489074885845184326171875" lon="116.50220009498298168182373046875">
        <ele>38.200000762939453125</ele>
        <time>2026-08-20T11:07:57.000Z</time>
        <extensions>
          <ns3:TrackPointExtension>
            <ns3:hr>143</ns3:hr>
            <ns3:cad>84</ns3:cad>
          </ns3:TrackPointExtension>
        </extensions>
      </trkpt>
      <trkpt lat="39.97787366621196269989013671875" lon="116.5022013522684574127197265625">
        <ele>38.200000762939453125</ele>
        <time>2026-08-20T11:07:58.000Z</time>
        <extensions>
          <ns3:TrackPointExtension>
            <ns3:hr>143</ns3:hr>
            <ns3:cad>84</ns3:cad>
          </ns3:TrackPointExtension>
        </extensions>
      </trkpt>
      <trkpt lat="39.9779014103114604949951171875" lon="116.50220629759132862091064453125">
        <ele>38.40000152587890625</ele>
        <time>2026-08-20T11:07:59.000Z</time>
        <extensions>
          <ns3:TrackPointExtension>
            <ns3:hr>143</ns3:hr>
            <ns3:cad>84</ns3:cad>
          </ns3:TrackPointExtension>
        </extensions>
      </trkpt>
      <trkpt lat="39.9779211916029453277587890625" lon="116.50220696814358234405517578125">
        <ele>38.40000152587890625</ele>
        <time>2026-08-20T11:08:00.000Z</time>
        <extensions>
          <ns3:TrackPointExtension>
            <ns3:hr>143</ns3:hr>
            <ns3:cad>85</ns3:cad>
          </ns3:TrackPointExtension>
        </extensions>
      </trkpt>
      <trkpt lat="39.9779406376183032989501953125" lon="116.5022057108581066131591796875">
        <ele>38.40000152587890625</ele>
        <time>2026-08-20T11:08:01.000Z</time>
        <extensions>
          <ns3:TrackPointExtension>
            <ns3:hr>143</ns3:hr>
            <ns3:cad>85</ns3:cad>
          </ns3:TrackPointExtension>
        </extensions>
      </trkpt>
      <trkpt lat="39.97796385549008846282958984375" lon="116.5022117458283901214599609375">
        <ele>38.40000152587890625</ele>
        <time>2026-08-20T11:08:02.000Z</time>
        <extensions>
          <ns3:TrackPointExtension>
            <ns3:hr>144</ns3:hr>
            <ns3:cad>85</ns3:cad>
          </ns3:TrackPointExtension>
        </extensions>
      </trkpt>
      <trkpt lat="39.977981038391590118408203125" lon="116.50220914743840694427490234375">
        <ele>38.40000152587890625</ele>
        <time>2026-08-20T11:08:03.000Z</time>
        <extensions>
          <ns3:TrackPointExtension>
            <ns3:hr>143</ns3:hr>
            <ns3:cad>83</ns3:cad>
          </ns3:TrackPointExtension>
        </extensions>
      </trkpt>
      <trkpt lat="39.97800886631011962890625" lon="116.50221451185643672943115234375">
        <ele>38.40000152587890625</ele>
        <time>2026-08-20T11:08:04.000Z</time>
        <extensions>
          <ns3:TrackPointExtension>
            <ns3:hr>143</ns3:hr>
            <ns3:cad>83</ns3:cad>
          </ns3:TrackPointExtension>
        </extensions>
      </trkpt>
      <trkpt lat="39.9780251272022724151611328125" lon="116.50221652351319789886474609375">
        <ele>38.40000152587890625</ele>
        <time>2026-08-20T11:08:05.000Z</time>
        <extensions>
          <ns3:TrackPointExtension>
            <ns3:hr>144</ns3:hr>
            <ns3:cad>83</ns3:cad>
          </ns3:TrackPointExtension>
        </extensions>
      </trkpt>
      <trkpt lat="39.9780439026653766632080078125" lon="116.502214260399341583251953125">
        <ele>38.40000152587890625</ele>
        <time>2026-08-20T11:08:06.000Z</time>
        <extensions>
          <ns3:TrackPointExtension>
            <ns3:hr>143</ns3:hr>
            <ns3:cad>83</ns3:cad>
          </ns3:TrackPointExtension>
        </extensions>
      </trkpt>
      <trkpt lat="39.9780683778226375579833984375" lon="116.50221199728548526763916015625">
        <ele>38.40000152587890625</ele>
        <time>2026-08-20T11:08:07.000Z</time>
        <extensions>
          <ns3:TrackPointExtension>
            <ns3:hr>143</ns3:hr>
            <ns3:cad>82</ns3:cad>
          </ns3:TrackPointExtension>
        </extensions>
      </trkpt>
      <trkpt lat="39.9780871532857418060302734375" lon="116.50220814161002635955810546875">
        <ele>38.40000152587890625</ele>
        <time>2026-08-20T11:08:08.000Z</time>
        <extensions>
          <ns3:TrackPointExtension>
            <ns3:hr>144</ns3:hr>
            <ns3:cad>82</ns3:cad>
          </ns3:TrackPointExtension>
        </extensions>
      </trkpt>
      <trkpt lat="39.978112466633319854736328125" lon="116.502207554876804351806640625">
        <ele>38.40000152587890625</ele>
        <time>2026-08-20T11:08:09.000Z</time>
        <extensions>
          <ns3:TrackPointExtension>
            <ns3:hr>143</ns3:hr>
            <ns3:cad>83</ns3:cad>
          </ns3:TrackPointExtension>
        </extensions>
      </trkpt>
      <trkpt lat="39.97813400812447071075439453125" lon="116.502210907638072967529296875">
        <ele>38.40000152587890625</ele>
        <time>2026-08-20T11:08:10.000Z</time>
        <extensions>
          <ns3:TrackPointExtension>
            <ns3:hr>143</ns3:hr>
            <ns3:cad>83</ns3:cad>
          </ns3:TrackPointExtension>
        </extensions>
      </trkpt>
      <trkpt lat="39.97816015966236591339111328125" lon="116.5022080577909946441650390625">
        <ele>38.40000152587890625</ele>
        <time>2026-08-20T11:08:11.000Z</time>
        <extensions>
          <ns3:TrackPointExtension>
            <ns3:hr>144</ns3:hr>
            <ns3:cad>83</ns3:cad>
          </ns3:TrackPointExtension>
        </extensions>
      </trkpt>
      <trkpt lat="39.9781880713999271392822265625" lon="116.50221970863640308380126953125">
        <ele>38.40000152587890625</ele>
        <time>2026-08-20T11:08:12.000Z</time>
        <extensions>
          <ns3:TrackPointExtension>
            <ns3:hr>143</ns3:hr>
            <ns3:cad>83</ns3:cad>
          </ns3:TrackPointExtension>
        </extensions>
      </trkpt>
      <trkpt lat="39.978210367262363433837890625" lon="116.5022171102464199066162109375">
        <ele>38.200000762939453125</ele>
        <time>2026-08-20T11:08:13.000Z</time>
        <extensions>
          <ns3:TrackPointExtension>
            <ns3:hr>143</ns3:hr>
            <ns3:cad>83</ns3:cad>
          </ns3:TrackPointExtension>
        </extensions>
      </trkpt>
      <trkpt lat="39.978233166038990020751953125" lon="116.50221585296094417572021484375">
        <ele>38.200000762939453125</ele>
        <time>2026-08-20T11:08:14.000Z</time>
        <extensions>
          <ns3:TrackPointExtension>
            <ns3:hr>144</ns3:hr>
            <ns3:cad>83</ns3:cad>
          </ns3:TrackPointExtension>
        </extensions>
      </trkpt>
      <trkpt lat="39.97825764119625091552734375" lon="116.5022311918437480926513671875">
        <ele>38.200000762939453125</ele>
        <time>2026-08-20T11:08:15.000Z</time>
        <extensions>
          <ns3:TrackPointExtension>
            <ns3:hr>144</ns3:hr>
            <ns3:cad>83</ns3:cad>
          </ns3:TrackPointExtension>
        </extensions>
      </trkpt>
      <trkpt lat="39.9782796017825603485107421875" lon="116.50223529897630214691162109375">
        <ele>38.200000762939453125</ele>
        <time>2026-08-20T11:08:16.000Z</time>
        <extensions>
          <ns3:TrackPointExtension>
            <ns3:hr>144</ns3:hr>
            <ns3:cad>83</ns3:cad>
          </ns3:TrackPointExtension>
        </extensions>
      </trkpt>
      <trkpt lat="39.978304244577884674072265625" lon="116.50224275887012481689453125">
        <ele>38.200000762939453125</ele>
        <time>2026-08-20T11:08:17.000Z</time>
        <extensions>
          <ns3:TrackPointExtension>
            <ns3:hr>144</ns3:hr>
            <ns3:cad>83</ns3:cad>
          </ns3:TrackPointExtension>
        </extensions>
      </trkpt>
      <trkpt lat="39.9783231876790523529052734375" lon="116.50224653072655200958251953125">
        <ele>38.200000762939453125</ele>
        <time>2026-08-20T11:08:18.000Z</time>
        <extensions>
          <ns3:TrackPointExtension>
            <ns3:hr>143</ns3:hr>
            <ns3:cad>83</ns3:cad>
          </ns3:TrackPointExtension>
        </extensions>
      </trkpt>
      <trkpt lat="39.9783479981124401092529296875" lon="116.502247117459774017333984375">
        <ele>38.200000762939453125</ele>
        <time>2026-08-20T11:08:19.000Z</time>
        <extensions>
          <ns3:TrackPointExtension>
            <ns3:hr>143</ns3:hr>
            <ns3:cad>83</ns3:cad>
          </ns3:TrackPointExtension>
        </extensions>
      </trkpt>
      <trkpt lat="39.97837088070809841156005859375" lon="116.50225826539099216461181640625">
        <ele>38.200000762939453125</ele>
        <time>2026-08-20T11:08:20.000Z</time>
        <extensions>
          <ns3:TrackPointExtension>
            <ns3:hr>143</ns3:hr>
            <ns3:cad>83</ns3:cad>
          </ns3:TrackPointExtension>
        </extensions>
      </trkpt>
      <trkpt lat="39.9783885665237903594970703125" lon="116.50226195342838764190673828125">
        <ele>38.200000762939453125</ele>
        <time>2026-08-20T11:08:21.000Z</time>
        <extensions>
          <ns3:TrackPointExtension>
            <ns3:hr>143</ns3:hr>
            <ns3:cad>83</ns3:cad>
          </ns3:TrackPointExtension>
        </extensions>
      </trkpt>
      <trkpt lat="39.97841748408973217010498046875" lon="116.5022720955312252044677734375">
        <ele>38.200000762939453125</ele>
        <time>2026-08-20T11:08:22.000Z</time>
        <extensions>
          <ns3:TrackPointExtension>
            <ns3:hr>143</ns3:hr>
            <ns3:cad>84</ns3:cad>
          </ns3:TrackPointExtension>
        </extensions>
      </trkpt>
      <trkpt lat="39.97843977995216846466064453125" lon="116.5022697485983371734619140625">
        <ele>38.200000762939453125</ele>
        <time>2026-08-20T11:08:23.000Z</time>
        <extensions>
          <ns3:TrackPointExtension>
            <ns3:hr>144</ns3:hr>
            <ns3:cad>84</ns3:cad>
          </ns3:TrackPointExtension>
        </extensions>
      </trkpt>
      <trkpt lat="39.9784650094807147979736328125" lon="116.5022717602550983428955078125">
        <ele>38.200000762939453125</ele>
        <time>2026-08-20T11:08:24.000Z</time>
        <extensions>
          <ns3:TrackPointExtension>
            <ns3:hr>143</ns3:hr>
            <ns3:cad>84</ns3:cad>
          </ns3:TrackPointExtension>
        </extensions>
      </trkpt>
      <trkpt lat="39.9784871377050876617431640625" lon="116.50227972306311130523681640625">
        <ele>38.200000762939453125</ele>
        <time>2026-08-20T11:08:25.000Z</time>
        <extensions>
          <ns3:TrackPointExtension>
            <ns3:hr>143</ns3:hr>
            <ns3:cad>84</ns3:cad>
          </ns3:TrackPointExtension>
        </extensions>
      </trkpt>
      <trkpt lat="39.9785069189965724945068359375" lon="116.50227972306311130523681640625">
        <ele>38</ele>
        <time>2026-08-20T11:08:26.000Z</time>
        <extensions>
          <ns3:TrackPointExtension>
            <ns3:hr>143</ns3:hr>
            <ns3:cad>84</ns3:cad>
          </ns3:TrackPointExtension>
        </extensions>
      </trkpt>
      <trkpt lat="39.97853348962962627410888671875" lon="116.50229061953723430633544921875">
        <ele>38</ele>
        <time>2026-08-20T11:08:27.000Z</time>
        <extensions>
          <ns3:TrackPointExtension>
            <ns3:hr>144</ns3:hr>
            <ns3:cad>84</ns3:cad>
          </ns3:TrackPointExtension>
        </extensions>
      </trkpt>
      <trkpt lat="39.97855209745466709136962890625" lon="116.502293050289154052734375">
        <ele>38</ele>
        <time>2026-08-20T11:08:28.000Z</time>
        <extensions>
          <ns3:TrackPointExtension>
            <ns3:hr>143</ns3:hr>
            <ns3:cad>84</ns3:cad>
          </ns3:TrackPointExtension>
        </extensions>
      </trkpt>
      <trkpt lat="39.97857137583196163177490234375" lon="116.502294726669788360595703125">
        <ele>38</ele>
        <time>2026-08-20T11:08:29.000Z</time>
        <extensions>
          <ns3:TrackPointExtension>
            <ns3:hr>143</ns3:hr>
            <ns3:cad>84</ns3:cad>
          </ns3:TrackPointExtension>
        </extensions>
      </trkpt>
      <trkpt lat="39.9785920791327953338623046875" lon="116.50230235420167446136474609375">
        <ele>38</ele>
        <time>2026-08-20T11:08:30.000Z</time>
        <extensions>
          <ns3:TrackPointExtension>
            <ns3:hr>143</ns3:hr>
            <ns3:cad>84</ns3:cad>
          </ns3:TrackPointExtension>
        </extensions>
      </trkpt>
      <trkpt lat="39.97861211188137531280517578125" lon="116.5023036114871501922607421875">
        <ele>38</ele>
        <time>2026-08-20T11:08:31.000Z</time>
        <extensions>
          <ns3:TrackPointExtension>
            <ns3:hr>143</ns3:hr>
            <ns3:cad>84</ns3:cad>
          </ns3:TrackPointExtension>
        </extensions>
      </trkpt>
      <trkpt lat="39.978636167943477630615234375" lon="116.5022999234497547149658203125">
        <ele>38</ele>
        <time>2026-08-20T11:08:32.000Z</time>
        <extensions>
          <ns3:TrackPointExtension>
            <ns3:hr>143</ns3:hr>
            <ns3:cad>84</ns3:cad>
          </ns3:TrackPointExtension>
        </extensions>
      </trkpt>
      <trkpt lat="39.97865569777786731719970703125" lon="116.50230051018297672271728515625">
        <ele>38</ele>
        <time>2026-08-20T11:08:33.000Z</time>
        <extensions>
          <ns3:TrackPointExtension>
            <ns3:hr>143</ns3:hr>
            <ns3:cad>84</ns3:cad>
          </ns3:TrackPointExtension>
        </extensions>
      </trkpt>
      <trkpt lat="39.9786765687167644500732421875" lon="116.5023009292781352996826171875">
        <ele>38</ele>
        <time>2026-08-20T11:08:34.000Z</time>
        <extensions>
          <ns3:TrackPointExtension>
            <ns3:hr>143</ns3:hr>
            <ns3:cad>84</ns3:cad>
          </ns3:TrackPointExtension>
        </extensions>
      </trkpt>
      <trkpt lat="39.97870129533112049102783203125" lon="116.5023066289722919464111328125">
        <ele>37.799999237060546875</ele>
        <time>2026-08-20T11:08:35.000Z</time>
        <extensions>
          <ns3:TrackPointExtension>
            <ns3:hr>143</ns3:hr>
            <ns3:cad>84</ns3:cad>
          </ns3:TrackPointExtension>
        </extensions>
      </trkpt>
      <trkpt lat="39.9787204898893833160400390625" lon="116.5023062936961650848388671875">
        <ele>37.799999237060546875</ele>
        <time>2026-08-20T11:08:36.000Z</time>
        <extensions>
          <ns3:TrackPointExtension>
            <ns3:hr>143</ns3:hr>
            <ns3:cad>84</ns3:cad>
          </ns3:TrackPointExtension>
        </extensions>
      </trkpt>
      <trkpt lat="39.97874555177986621856689453125" lon="116.50231174193322658538818359375">
        <ele>37.799999237060546875</ele>
        <time>2026-08-20T11:08:37.000Z</time>
        <extensions>
          <ns3:TrackPointExtension>
            <ns3:hr>143</ns3:hr>
            <ns3:cad>84</ns3:cad>
          </ns3:TrackPointExtension>
        </extensions>
      </trkpt>
      <trkpt lat="39.97876650653779506683349609375" lon="116.50231794454157352447509765625">
        <ele>37.799999237060546875</ele>
        <time>2026-08-20T11:08:38.000Z</time>
        <extensions>
          <ns3:TrackPointExtension>
            <ns3:hr>143</ns3:hr>
            <ns3:cad>84</ns3:cad>
          </ns3:TrackPointExtension>
        </extensions>
      </trkpt>
      <trkpt lat="39.97878846712410449981689453125" lon="116.5023171901702880859375">
        <ele>37.799999237060546875</ele>
        <time>2026-08-20T11:08:39.000Z</time>
        <extensions>
          <ns3:TrackPointExtension>
            <ns3:hr>143</ns3:hr>
            <ns3:cad>84</ns3:cad>
          </ns3:TrackPointExtension>
        </extensions>
      </trkpt>
      <trkpt lat="39.97881780378520488739013671875" lon="116.50232649408280849456787109375">
        <ele>37.799999237060546875</ele>
        <time>2026-08-20T11:08:40.000Z</time>
        <extensions>
          <ns3:TrackPointExtension>
            <ns3:hr>143</ns3:hr>
            <ns3:cad>83</ns3:cad>
          </ns3:TrackPointExtension>
        </extensions>
      </trkpt>
      <trkpt lat="39.97883590869605541229248046875" lon="116.502326913177967071533203125">
        <ele>37.799999237060546875</ele>
        <time>2026-08-20T11:08:41.000Z</time>
        <extensions>
          <ns3:TrackPointExtension>
            <ns3:hr>143</ns3:hr>
            <ns3:cad>83</ns3:cad>
          </ns3:TrackPointExtension>
        </extensions>
      </trkpt>
      <trkpt lat="39.978862144052982330322265625" lon="116.50233202613890171051025390625">
        <ele>37.799999237060546875</ele>
        <time>2026-08-20T11:08:42.000Z</time>
        <extensions>
          <ns3:TrackPointExtension>
            <ns3:hr>143</ns3:hr>
            <ns3:cad>84</ns3:cad>
          </ns3:TrackPointExtension>
        </extensions>
      </trkpt>
      <trkpt lat="39.97888150624930858612060546875" lon="116.50233588181436061859130859375">
        <ele>37.59999847412109375</ele>
        <time>2026-08-20T11:08:43.000Z</time>
        <extensions>
          <ns3:TrackPointExtension>
            <ns3:hr>142</ns3:hr>
            <ns3:cad>84</ns3:cad>
          </ns3:TrackPointExtension>
        </extensions>
      </trkpt>
      <trkpt lat="39.97890581376850605010986328125" lon="116.5023394860327243804931640625">
        <ele>37.59999847412109375</ele>
        <time>2026-08-20T11:08:44.000Z</time>
        <extensions>
          <ns3:TrackPointExtension>
            <ns3:hr>143</ns3:hr>
            <ns3:cad>84</ns3:cad>
          </ns3:TrackPointExtension>
        </extensions>
      </trkpt>
      <trkpt lat="39.97892978601157665252685546875" lon="116.50234845466911792755126953125">
        <ele>37.59999847412109375</ele>
        <time>2026-08-20T11:08:45.000Z</time>
        <extensions>
          <ns3:TrackPointExtension>
            <ns3:hr>142</ns3:hr>
            <ns3:cad>84</ns3:cad>
          </ns3:TrackPointExtension>
        </extensions>
      </trkpt>
      <trkpt lat="39.9789478071033954620361328125" lon="116.50235264562070369720458984375">
        <ele>37.59999847412109375</ele>
        <time>2026-08-20T11:08:46.000Z</time>
        <extensions>
          <ns3:TrackPointExtension>
            <ns3:hr>141</ns3:hr>
            <ns3:cad>84</ns3:cad>
          </ns3:TrackPointExtension>
        </extensions>
      </trkpt>
      <trkpt lat="39.97897446155548095703125" lon="116.50236370973289012908935546875">
        <ele>37.59999847412109375</ele>
        <time>2026-08-20T11:08:47.000Z</time>
        <extensions>
          <ns3:TrackPointExtension>
            <ns3:hr>141</ns3:hr>
            <ns3:cad>83</ns3:cad>
          </ns3:TrackPointExtension>
        </extensions>
      </trkpt>
      <trkpt lat="39.978991560637950897216796875" lon="116.502362452447414398193359375">
        <ele>37.59999847412109375</ele>
        <time>2026-08-20T11:08:48.000Z</time>
        <extensions>
          <ns3:TrackPointExtension>
            <ns3:hr>141</ns3:hr>
            <ns3:cad>83</ns3:cad>
          </ns3:TrackPointExtension>
        </extensions>
      </trkpt>
      <trkpt lat="39.97901176102459430694580078125" lon="116.50236153043806552886962890625">
        <ele>37.59999847412109375</ele>
        <time>2026-08-20T11:08:49.000Z</time>
        <extensions>
          <ns3:TrackPointExtension>
            <ns3:hr>141</ns3:hr>
            <ns3:cad>84</ns3:cad>
          </ns3:TrackPointExtension>
        </extensions>
      </trkpt>
      <trkpt lat="39.9790333025157451629638671875" lon="116.5023676492273807525634765625">
        <ele>37.59999847412109375</ele>
        <time>2026-08-20T11:08:50.000Z</time>
        <extensions>
          <ns3:TrackPointExtension>
            <ns3:hr>141</ns3:hr>
            <ns3:cad>84</ns3:cad>
          </ns3:TrackPointExtension>
        </extensions>
      </trkpt>
      <trkpt lat="39.9790520779788494110107421875" lon="116.50237091816961765289306640625">
        <ele>37.59999847412109375</ele>
        <time>2026-08-20T11:08:51.000Z</time>
        <extensions>
          <ns3:TrackPointExtension>
            <ns3:hr>141</ns3:hr>
            <ns3:cad>84</ns3:cad>
          </ns3:TrackPointExtension>
        </extensions>
      </trkpt>
      <trkpt lat="39.97907864861190319061279296875" lon="116.50237108580768108367919921875">
        <ele>37.59999847412109375</ele>
        <time>2026-08-20T11:08:52.000Z</time>
        <extensions>
          <ns3:TrackPointExtension>
            <ns3:hr>141</ns3:hr>
            <ns3:cad>84</ns3:cad>
          </ns3:TrackPointExtension>
        </extensions>
      </trkpt>
      <trkpt lat="39.9790953285992145538330078125" lon="116.5023659728467464447021484375">
        <ele>37.59999847412109375</ele>
        <time>2026-08-20T11:08:53.000Z</time>
        <extensions>
          <ns3:TrackPointExtension>
            <ns3:hr>141</ns3:hr>
            <ns3:cad>84</ns3:cad>
          </ns3:TrackPointExtension>
        </extensions>
      </trkpt>
      <trkpt lat="39.979116953909397125244140625" lon="116.50236555375158786773681640625">
        <ele>37.59999847412109375</ele>
        <time>2026-08-20T11:08:54.000Z</time>
        <extensions>
          <ns3:TrackPointExtension>
            <ns3:hr>142</ns3:hr>
            <ns3:cad>83</ns3:cad>
          </ns3:TrackPointExtension>
        </extensions>
      </trkpt>
      <trkpt lat="39.97913681901991367340087890625" lon="116.50237561203539371490478515625">
        <ele>37.59999847412109375</ele>
        <time>2026-08-20T11:08:55.000Z</time>
        <extensions>
          <ns3:TrackPointExtension>
            <ns3:hr>142</ns3:hr>
            <ns3:cad>83</ns3:cad>
          </ns3:TrackPointExtension>
        </extensions>
      </trkpt>
      <trkpt lat="39.97915576212108135223388671875" lon="116.50237645022571086883544921875">
        <ele>37.59999847412109375</ele>
        <time>2026-08-20T11:08:56.000Z</time>
        <extensions>
          <ns3:TrackPointExtension>
            <ns3:hr>142</ns3:hr>
            <ns3:cad>84</ns3:cad>
          </ns3:TrackPointExtension>
        </extensions>
      </trkpt>
      <trkpt lat="39.9791838414967060089111328125" lon="116.502380557358264923095703125">
        <ele>37.59999847412109375</ele>
        <time>2026-08-20T11:08:57.000Z</time>
        <extensions>
          <ns3:TrackPointExtension>
            <ns3:hr>142</ns3:hr>
            <ns3:cad>84</ns3:cad>
          </ns3:TrackPointExtension>
        </extensions>
      </trkpt>
      <trkpt lat="39.97920353896915912628173828125" lon="116.5023867599666118621826171875">
        <ele>37.59999847412109375</ele>
        <time>2026-08-20T11:08:58.000Z</time>
        <extensions>
          <ns3:TrackPointExtension>
            <ns3:hr>142</ns3:hr>
            <ns3:cad>84</ns3:cad>
          </ns3:TrackPointExtension>
        </extensions>
      </trkpt>
      <trkpt lat="39.97922533191740512847900390625" lon="116.50239237584173679351806640625">
        <ele>37.59999847412109375</ele>
        <time>2026-08-20T11:08:59.000Z</time>
        <extensions>
          <ns3:TrackPointExtension>
            <ns3:hr>142</ns3:hr>
            <ns3:cad>84</ns3:cad>
          </ns3:TrackPointExtension>
        </extensions>
      </trkpt>
      <trkpt lat="39.979253076016902923583984375" lon="116.5024043619632720947265625">
        <ele>37.59999847412109375</ele>
        <time>2026-08-20T11:09:00.000Z</time>
        <extensions>
          <ns3:TrackPointExtension>
            <ns3:hr>142</ns3:hr>
            <ns3:cad>83</ns3:cad>
          </ns3:TrackPointExtension>
        </extensions>
      </trkpt>
      <trkpt lat="39.979268498718738555908203125" lon="116.5024124085903167724609375">
        <ele>37.40000152587890625</ele>
        <time>2026-08-20T11:09:01.000Z</time>
        <extensions>
          <ns3:TrackPointExtension>
            <ns3:hr>142</ns3:hr>
            <ns3:cad>83</ns3:cad>
          </ns3:TrackPointExtension>
        </extensions>
      </trkpt>
      <trkpt lat="39.9792842566967010498046875" lon="116.5024336986243724822998046875">
        <ele>37.40000152587890625</ele>
        <time>2026-08-20T11:09:02.000Z</time>
        <extensions>
          <ns3:TrackPointExtension>
            <ns3:hr>142</ns3:hr>
            <ns3:cad>84</ns3:cad>
          </ns3:TrackPointExtension>
        </extensions>
      </trkpt>
      <trkpt lat="39.97928358614444732666015625" lon="116.50246378965675830841064453125">
        <ele>37.40000152587890625</ele>
        <time>2026-08-20T11:09:03.000Z</time>
        <extensions>
          <ns3:TrackPointExtension>
            <ns3:hr>142</ns3:hr>
            <ns3:cad>84</ns3:cad>
          </ns3:TrackPointExtension>
        </extensions>
      </trkpt>
      <trkpt lat="39.97929029166698455810546875" lon="116.502493880689144134521484375">
        <ele>37.200000762939453125</ele>
        <time>2026-08-20T11:09:04.000Z</time>
        <extensions>
          <ns3:TrackPointExtension>
            <ns3:hr>143</ns3:hr>
            <ns3:cad>84</ns3:cad>
          </ns3:TrackPointExtension>
        </extensions>
      </trkpt>
      <trkpt lat="39.979289285838603973388671875" lon="116.50253109633922576904296875">
        <ele>37.200000762939453125</ele>
        <time>2026-08-20T11:09:05.000Z</time>
        <extensions>
          <ns3:TrackPointExtension>
            <ns3:hr>142</ns3:hr>
            <ns3:cad>84</ns3:cad>
          </ns3:TrackPointExtension>
        </extensions>
      </trkpt>
      <trkpt lat="39.979293979704380035400390625" lon="116.50255783461034297943115234375">
        <ele>37</ele>
        <time>2026-08-20T11:09:06.000Z</time>
        <extensions>
          <ns3:TrackPointExtension>
            <ns3:hr>142</ns3:hr>
            <ns3:cad>83</ns3:cad>
          </ns3:TrackPointExtension>
        </extensions>
      </trkpt>
      <trkpt lat="39.979298003017902374267578125" lon="116.502604521811008453369140625">
        <ele>37</ele>
        <time>2026-08-20T11:09:07.000Z</time>
        <extensions>
          <ns3:TrackPointExtension>
            <ns3:hr>142</ns3:hr>
            <ns3:cad>82</ns3:cad>
          </ns3:TrackPointExtension>
        </extensions>
      </trkpt>
      <trkpt lat="39.97929791919887065887451171875" lon="116.502632685005664825439453125">
        <ele>36.799999237060546875</ele>
        <time>2026-08-20T11:09:08.000Z</time>
        <extensions>
          <ns3:TrackPointExtension>
            <ns3:hr>143</ns3:hr>
            <ns3:cad>82</ns3:cad>
          </ns3:TrackPointExtension>
        </extensions>
      </trkpt>
      <trkpt lat="39.97930060140788555145263671875" lon="116.5026673860847949981689453125">
        <ele>36.59999847412109375</ele>
        <time>2026-08-20T11:09:09.000Z</time>
        <extensions>
          <ns3:TrackPointExtension>
            <ns3:hr>142</ns3:hr>
            <ns3:cad>83</ns3:cad>
          </ns3:TrackPointExtension>
        </extensions>
      </trkpt>
      <trkpt lat="39.97930110432207584381103515625" lon="116.50269714184105396270751953125">
        <ele>36.40000152587890625</ele>
        <time>2026-08-20T11:09:10.000Z</time>
        <extensions>
          <ns3:TrackPointExtension>
            <ns3:hr>142</ns3:hr>
            <ns3:cad>85</ns3:cad>
          </ns3:TrackPointExtension>
        </extensions>
      </trkpt>
      <trkpt lat="39.97930102050304412841796875" lon="116.50271927006542682647705078125">
        <ele>36.200000762939453125</ele>
        <time>2026-08-20T11:09:11.000Z</time>
        <extensions>
          <ns3:TrackPointExtension>
            <ns3:hr>142</ns3:hr>
            <ns3:cad>85</ns3:cad>
          </ns3:TrackPointExtension>
        </extensions>
      </trkpt>
      <trkpt lat="39.9793015234172344207763671875" lon="116.5027579106390476226806640625">
        <ele>36</ele>
        <time>2026-08-20T11:09:12.000Z</time>
        <extensions>
          <ns3:TrackPointExtension>
            <ns3:hr>142</ns3:hr>
            <ns3:cad>85</ns3:cad>
          </ns3:TrackPointExtension>
        </extensions>
      </trkpt>
      <trkpt lat="39.9792981706559658050537109375" lon="116.50277224369347095489501953125">
        <ele>35.799999237060546875</ele>
        <time>2026-08-20T11:09:13.000Z</time>
        <extensions>
          <ns3:TrackPointExtension>
            <ns3:hr>143</ns3:hr>
            <ns3:cad>85</ns3:cad>
          </ns3:TrackPointExtension>
        </extensions>
      </trkpt>
      <trkpt lat="39.97929741628468036651611328125" lon="116.50280308909714221954345703125">
        <ele>35.40000152587890625</ele>
        <time>2026-08-20T11:09:14.000Z</time>
        <extensions>
          <ns3:TrackPointExtension>
            <ns3:hr>142</ns3:hr>
            <ns3:cad>85</ns3:cad>
          </ns3:TrackPointExtension>
        </extensions>
      </trkpt>
      <trkpt lat="39.97930177487432956695556640625" lon="116.5028390474617481231689453125">
        <ele>35.40000152587890625</ele>
        <time>2026-08-20T11:09:15.000Z</time>
        <extensions>
          <ns3:TrackPointExtension>
            <ns3:hr>142</ns3:hr>
            <ns3:cad>85</ns3:cad>
          </ns3:TrackPointExtension>
        </extensions>
      </trkpt>
      <trkpt lat="39.97930227778851985931396484375" lon="116.5028641931712627410888671875">
        <ele>35.200000762939453125</ele>
        <time>2026-08-20T11:09:16.000Z</time>
        <extensions>
          <ns3:TrackPointExtension>
            <ns3:hr>143</ns3:hr>
            <ns3:cad>85</ns3:cad>
          </ns3:TrackPointExtension>
        </extensions>
      </trkpt>
      <trkpt lat="39.979304373264312744140625" lon="116.50289344601333141326904296875">
        <ele>35</ele>
        <time>2026-08-20T11:09:17.000Z</time>
        <extensions>
          <ns3:TrackPointExtension>
            <ns3:hr>143</ns3:hr>
            <ns3:cad>85</ns3:cad>
          </ns3:TrackPointExtension>
        </extensions>
      </trkpt>
      <trkpt lat="39.97930060140788555145263671875" lon="116.5029272250831127166748046875">
        <ele>35</ele>
        <time>2026-08-20T11:09:18.000Z</time>
        <extensions>
          <ns3:TrackPointExtension>
            <ns3:hr>143</ns3:hr>
            <ns3:cad>85</ns3:cad>
          </ns3:TrackPointExtension>
        </extensions>
      </trkpt>
      <trkpt lat="39.97930026613175868988037109375" lon="116.5029557235538959503173828125">
        <ele>35</ele>
        <time>2026-08-20T11:09:19.000Z</time>
        <extensions>
          <ns3:TrackPointExtension>
            <ns3:hr>143</ns3:hr>
            <ns3:cad>84</ns3:cad>
          </ns3:TrackPointExtension>
        </extensions>
      </trkpt>
      <trkpt lat="39.9792978353798389434814453125" lon="116.5029778517782688140869140625">
        <ele>34.799999237060546875</ele>
        <time>2026-08-20T11:09:20.000Z</time>
        <extensions>
          <ns3:TrackPointExtension>
            <ns3:hr>142</ns3:hr>
            <ns3:cad>83</ns3:cad>
          </ns3:TrackPointExtension>
        </extensions>
      </trkpt>
      <trkpt lat="39.9792985059320926666259765625" lon="116.50300727225840091705322265625">
        <ele>34.799999237060546875</ele>
        <time>2026-08-20T11:09:21.000Z</time>
        <extensions>
          <ns3:TrackPointExtension>
            <ns3:hr>142</ns3:hr>
            <ns3:cad>83</ns3:cad>
          </ns3:TrackPointExtension>
        </extensions>
      </trkpt>
      <trkpt lat="39.979298003017902374267578125" lon="116.50303560309112071990966796875">
        <ele>34.799999237060546875</ele>
        <time>2026-08-20T11:09:22.000Z</time>
        <extensions>
          <ns3:TrackPointExtension>
            <ns3:hr>142</ns3:hr>
            <ns3:cad>83</ns3:cad>
          </ns3:TrackPointExtension>
        </extensions>
      </trkpt>
      <trkpt lat="39.97929967939853668212890625" lon="116.50306594558060169219970703125">
        <ele>34.799999237060546875</ele>
        <time>2026-08-20T11:09:23.000Z</time>
        <extensions>
          <ns3:TrackPointExtension>
            <ns3:hr>143</ns3:hr>
            <ns3:cad>82</ns3:cad>
          </ns3:TrackPointExtension>
        </extensions>
      </trkpt>
      <trkpt lat="39.97930345125496387481689453125" lon="116.503098718822002410888671875">
        <ele>34.799999237060546875</ele>
        <time>2026-08-20T11:09:24.000Z</time>
        <extensions>
          <ns3:TrackPointExtension>
            <ns3:hr>142</ns3:hr>
            <ns3:cad>82</ns3:cad>
          </ns3:TrackPointExtension>
        </extensions>
      </trkpt>
      <trkpt lat="39.97930772602558135986328125" lon="116.50312964804470539093017578125">
        <ele>34.799999237060546875</ele>
        <time>2026-08-20T11:09:25.000Z</time>
        <extensions>
          <ns3:TrackPointExtension>
            <ns3:hr>142</ns3:hr>
            <ns3:cad>82</ns3:cad>
          </ns3:TrackPointExtension>
        </extensions>
      </trkpt>
      <trkpt lat="39.9793135933578014373779296875" lon="116.5031686238944530487060546875">
        <ele>34.799999237060546875</ele>
        <time>2026-08-20T11:09:26.000Z</time>
        <extensions>
          <ns3:TrackPointExtension>
            <ns3:hr>142</ns3:hr>
            <ns3:cad>82</ns3:cad>
          </ns3:TrackPointExtension>
        </extensions>
      </trkpt>
      <trkpt lat="39.97932272963225841522216796875" lon="116.503202654421329498291015625">
        <ele>34.59999847412109375</ele>
        <time>2026-08-20T11:09:27.000Z</time>
        <extensions>
          <ns3:TrackPointExtension>
            <ns3:hr>143</ns3:hr>
            <ns3:cad>82</ns3:cad>
          </ns3:TrackPointExtension>
        </extensions>
      </trkpt>
      <trkpt lat="39.979328848421573638916015625" lon="116.50324364192783832550048828125">
        <ele>34.59999847412109375</ele>
        <time>2026-08-20T11:09:28.000Z</time>
        <extensions>
          <ns3:TrackPointExtension>
            <ns3:hr>142</ns3:hr>
            <ns3:cad>82</ns3:cad>
          </ns3:TrackPointExtension>
        </extensions>
      </trkpt>
      <trkpt lat="39.979330860078334808349609375" lon="116.5032675303518772125244140625">
        <ele>34.59999847412109375</ele>
        <time>2026-08-20T11:09:29.000Z</time>
        <extensions>
          <ns3:TrackPointExtension>
            <ns3:hr>142</ns3:hr>
            <ns3:cad>83</ns3:cad>
          </ns3:TrackPointExtension>
        </extensions>
      </trkpt>
      <trkpt lat="39.97932859696447849273681640625" lon="116.50329628027975559234619140625">
        <ele>34.59999847412109375</ele>
        <time>2026-08-20T11:09:30.000Z</time>
        <extensions>
          <ns3:TrackPointExtension>
            <ns3:hr>142</ns3:hr>
            <ns3:cad>83</ns3:cad>
          </ns3:TrackPointExtension>
        </extensions>
      </trkpt>
      <trkpt lat="39.97930680401623249053955078125" lon="116.5033362619578838348388671875">
        <ele>34.799999237060546875</ele>
        <time>2026-08-20T11:09:31.000Z</time>
        <extensions>
          <ns3:TrackPointExtension>
            <ns3:hr>142</ns3:hr>
            <ns3:cad>83</ns3:cad>
          </ns3:TrackPointExtension>
        </extensions>
      </trkpt>
      <trkpt lat="39.97930747456848621368408203125" lon="116.503369621932506561279296875">
        <ele>34.799999237060546875</ele>
        <time>2026-08-20T11:09:32.000Z</time>
        <extensions>
          <ns3:TrackPointExtension>
            <ns3:hr>142</ns3:hr>
            <ns3:cad>83</ns3:cad>
          </ns3:TrackPointExtension>
        </extensions>
      </trkpt>
      <trkpt lat="39.979310072958469390869140625" lon="116.5034080110490322113037109375">
        <ele>34.799999237060546875</ele>
        <time>2026-08-20T11:09:33.000Z</time>
        <extensions>
          <ns3:TrackPointExtension>
            <ns3:hr>142</ns3:hr>
            <ns3:cad>82</ns3:cad>
          </ns3:TrackPointExtension>
        </extensions>
      </trkpt>
      <trkpt lat="39.97930848039686679840087890625" lon="116.503427959978580474853515625">
        <ele>34.799999237060546875</ele>
        <time>2026-08-20T11:09:34.000Z</time>
        <extensions>
          <ns3:TrackPointExtension>
            <ns3:hr>142</ns3:hr>
            <ns3:cad>82</ns3:cad>
          </ns3:TrackPointExtension>
        </extensions>
      </trkpt>
      <trkpt lat="39.979309737682342529296875" lon="116.50344748981297016143798828125">
        <ele>35</ele>
        <time>2026-08-20T11:09:35.000Z</time>
        <extensions>
          <ns3:TrackPointExtension>
            <ns3:hr>142</ns3:hr>
            <ns3:cad>83</ns3:cad>
          </ns3:TrackPointExtension>
        </extensions>
      </trkpt>
      <trkpt lat="39.9793112464249134063720703125" lon="116.50347246788442134857177734375">
        <ele>35</ele>
        <time>2026-08-20T11:09:36.000Z</time>
        <extensions>
          <ns3:TrackPointExtension>
            <ns3:hr>142</ns3:hr>
            <ns3:cad>83</ns3:cad>
          </ns3:TrackPointExtension>
        </extensions>
      </trkpt>
      <trkpt lat="39.9793119169771671295166015625" lon="116.50349543429911136627197265625">
        <ele>35</ele>
        <time>2026-08-20T11:09:37.000Z</time>
        <extensions>
          <ns3:TrackPointExtension>
            <ns3:hr>142</ns3:hr>
            <ns3:cad>83</ns3:cad>
          </ns3:TrackPointExtension>
        </extensions>
      </trkpt>
      <trkpt lat="39.97931635938584804534912109375" lon="116.5035149641335010528564453125">
        <ele>35</ele>
        <time>2026-08-20T11:09:38.000Z</time>
        <extensions>
          <ns3:TrackPointExtension>
            <ns3:hr>143</ns3:hr>
            <ns3:cad>83</ns3:cad>
          </ns3:TrackPointExtension>
        </extensions>
      </trkpt>
      <trkpt lat="39.9793142639100551605224609375" lon="116.5035496652126312255859375">
        <ele>35.200000762939453125</ele>
        <time>2026-08-20T11:09:39.000Z</time>
        <extensions>
          <ns3:TrackPointExtension>
            <ns3:hr>142</ns3:hr>
            <ns3:cad>81</ns3:cad>
          </ns3:TrackPointExtension>
        </extensions>
      </trkpt>
      <trkpt lat="39.97931702993810176849365234375" lon="116.50357036851346492767333984375">
        <ele>35.200000762939453125</ele>
        <time>2026-08-20T11:09:40.000Z</time>
        <extensions>
          <ns3:TrackPointExtension>
            <ns3:hr>142</ns3:hr>
            <ns3:cad>80</ns3:cad>
          </ns3:TrackPointExtension>
        </extensions>
      </trkpt>
      <trkpt lat="39.97932256199419498443603515625" lon="116.50359115563333034515380859375">
        <ele>35.200000762939453125</ele>
        <time>2026-08-20T11:09:41.000Z</time>
        <extensions>
          <ns3:TrackPointExtension>
            <ns3:hr>142</ns3:hr>
            <ns3:cad>80</ns3:cad>
          </ns3:TrackPointExtension>
        </extensions>
      </trkpt>
      <trkpt lat="39.9793191254138946533203125" lon="116.503622420132160186767578125">
        <ele>35.40000152587890625</ele>
        <time>2026-08-20T11:09:42.000Z</time>
        <extensions>
          <ns3:TrackPointExtension>
            <ns3:hr>142</ns3:hr>
            <ns3:cad>80</ns3:cad>
          </ns3:TrackPointExtension>
        </extensions>
      </trkpt>
      <trkpt lat="39.97931770049035549163818359375" lon="116.5036457218229770660400390625">
        <ele>35.40000152587890625</ele>
        <time>2026-08-20T11:09:43.000Z</time>
        <extensions>
          <ns3:TrackPointExtension>
            <ns3:hr>143</ns3:hr>
            <ns3:cad>80</ns3:cad>
          </ns3:TrackPointExtension>
        </extensions>
      </trkpt>
      <trkpt lat="39.97931652702391147613525390625" lon="116.503666341304779052734375">
        <ele>35.59999847412109375</ele>
        <time>2026-08-20T11:09:44.000Z</time>
        <extensions>
          <ns3:TrackPointExtension>
            <ns3:hr>142</ns3:hr>
            <ns3:cad>80</ns3:cad>
          </ns3:TrackPointExtension>
        </extensions>
      </trkpt>
      <trkpt lat="39.97930881567299365997314453125" lon="116.50369609706103801727294921875">
        <ele>35.59999847412109375</ele>
        <time>2026-08-20T11:09:45.000Z</time>
        <extensions>
          <ns3:TrackPointExtension>
            <ns3:hr>142</ns3:hr>
            <ns3:cad>80</ns3:cad>
          </ns3:TrackPointExtension>
        </extensions>
      </trkpt>
      <trkpt lat="39.97930428944528102874755859375" lon="116.50371931493282318115234375">
        <ele>35.799999237060546875</ele>
        <time>2026-08-20T11:09:46.000Z</time>
        <extensions>
          <ns3:TrackPointExtension>
            <ns3:hr>141</ns3:hr>
            <ns3:cad>80</ns3:cad>
          </ns3:TrackPointExtension>
        </extensions>
      </trkpt>
      <trkpt lat="39.97929926030337810516357421875" lon="116.50374454446136951446533203125">
        <ele>35.799999237060546875</ele>
        <time>2026-08-20T11:09:47.000Z</time>
        <extensions>
          <ns3:TrackPointExtension>
            <ns3:hr>142</ns3:hr>
            <ns3:cad>80</ns3:cad>
          </ns3:TrackPointExtension>
        </extensions>
      </trkpt>
      <trkpt lat="39.979282915592193603515625" lon="116.50377354584634304046630859375">
        <ele>36</ele>
        <time>2026-08-20T11:09:48.000Z</time>
        <extensions>
          <ns3:TrackPointExtension>
            <ns3:hr>142</ns3:hr>
            <ns3:cad>79</ns3:cad>
          </ns3:TrackPointExtension>
        </extensions>
      </trkpt>
      <trkpt lat="39.9792820774018764495849609375" lon="116.50379844009876251220703125">
        <ele>36</ele>
        <time>2026-08-20T11:09:49.000Z</time>
        <extensions>
          <ns3:TrackPointExtension>
            <ns3:hr>142</ns3:hr>
            <ns3:cad>79</ns3:cad>
          </ns3:TrackPointExtension>
        </extensions>
      </trkpt>
      <trkpt lat="39.97927553951740264892578125" lon="116.503825597465038299560546875">
        <ele>36</ele>
        <time>2026-08-20T11:09:50.000Z</time>
        <extensions>
          <ns3:TrackPointExtension>
            <ns3:hr>142</ns3:hr>
            <ns3:cad>80</ns3:cad>
          </ns3:TrackPointExtension>
        </extensions>
      </trkpt>
      <trkpt lat="39.97926187701523303985595703125" lon="116.503851078450679779052734375">
        <ele>36.200000762939453125</ele>
        <time>2026-08-20T11:09:51.000Z</time>
        <extensions>
          <ns3:TrackPointExtension>
            <ns3:hr>142</ns3:hr>
            <ns3:cad>80</ns3:cad>
          </ns3:TrackPointExtension>
        </extensions>
      </trkpt>
      <trkpt lat="39.9792587757110595703125" lon="116.50387085974216461181640625">
        <ele>36.200000762939453125</ele>
        <time>2026-08-20T11:09:52.000Z</time>
        <extensions>
          <ns3:TrackPointExtension>
            <ns3:hr>142</ns3:hr>
            <ns3:cad>80</ns3:cad>
          </ns3:TrackPointExtension>
        </extensions>
      </trkpt>
      <trkpt lat="39.97924871742725372314453125" lon="116.50390346534550189971923828125">
        <ele>36.200000762939453125</ele>
        <time>2026-08-20T11:09:53.000Z</time>
        <extensions>
          <ns3:TrackPointExtension>
            <ns3:hr>142</ns3:hr>
            <ns3:cad>80</ns3:cad>
          </ns3:TrackPointExtension>
        </extensions>
      </trkpt>
      <trkpt lat="39.9792388267815113067626953125" lon="116.503929533064365386962890625">
        <ele>36</ele>
        <time>2026-08-20T11:09:54.000Z</time>
        <extensions>
          <ns3:TrackPointExtension>
            <ns3:hr>142</ns3:hr>
            <ns3:cad>80</ns3:cad>
          </ns3:TrackPointExtension>
        </extensions>
      </trkpt>
      <trkpt lat="39.97923388145864009857177734375" lon="116.5039535053074359893798828125">
        <ele>36</ele>
        <time>2026-08-20T11:09:55.000Z</time>
        <extensions>
          <ns3:TrackPointExtension>
            <ns3:hr>142</ns3:hr>
            <ns3:cad>81</ns3:cad>
          </ns3:TrackPointExtension>
        </extensions>
      </trkpt>
      <trkpt lat="39.97921527363359928131103515625" lon="116.50398225523531436920166015625">
        <ele>36</ele>
        <time>2026-08-20T11:09:56.000Z</time>
        <extensions>
          <ns3:TrackPointExtension>
            <ns3:hr>142</ns3:hr>
            <ns3:cad>81</ns3:cad>
          </ns3:TrackPointExtension>
        </extensions>
      </trkpt>
      <trkpt lat="39.97920655645430088043212890625" lon="116.50400740094482898712158203125">
        <ele>36</ele>
        <time>2026-08-20T11:09:57.000Z</time>
        <extensions>
          <ns3:TrackPointExtension>
            <ns3:hr>142</ns3:hr>
            <ns3:cad>82</ns3:cad>
          </ns3:TrackPointExtension>
        </extensions>
      </trkpt>
      <trkpt lat="39.97919867746531963348388671875" lon="116.504027433693408966064453125">
        <ele>36</ele>
        <time>2026-08-20T11:09:58.000Z</time>
        <extensions>
          <ns3:TrackPointExtension>
            <ns3:hr>142</ns3:hr>
            <ns3:cad>82</ns3:cad>
          </ns3:TrackPointExtension>
        </extensions>
      </trkpt>
      <trkpt lat="39.97918124310672283172607421875" lon="116.5040477178990840911865234375">
        <ele>36</ele>
        <time>2026-08-20T11:09:59.000Z</time>
        <extensions>
          <ns3:TrackPointExtension>
            <ns3:hr>142</ns3:hr>
            <ns3:cad>82</ns3:cad>
          </ns3:TrackPointExtension>
        </extensions>
      </trkpt>
      <trkpt lat="39.979169256985187530517578125" lon="116.5040619671344757080078125">
        <ele>36.200000762939453125</ele>
        <time>2026-08-20T11:10:00.000Z</time>
        <extensions>
          <ns3:TrackPointExtension>
            <ns3:hr>143</ns3:hr>
            <ns3:cad>83</ns3:cad>
          </ns3:TrackPointExtension>
        </extensions>
      </trkpt>
      <trkpt lat="39.97915056534111499786376953125" lon="116.5040726959705352783203125">
        <ele>36.200000762939453125</ele>
        <time>2026-08-20T11:10:01.000Z</time>
        <extensions>
          <ns3:TrackPointExtension>
            <ns3:hr>143</ns3:hr>
            <ns3:cad>82</ns3:cad>
          </ns3:TrackPointExtension>
        </extensions>
      </trkpt>
      <trkpt lat="39.97913111932575702667236328125" lon="116.5040718577802181243896484375">
        <ele>36.200000762939453125</ele>
        <time>2026-08-20T11:10:02.000Z</time>
        <extensions>
          <ns3:TrackPointExtension>
            <ns3:hr>143</ns3:hr>
            <ns3:cad>82</ns3:cad>
          </ns3:TrackPointExtension>
        </extensions>
      </trkpt>
      <trkpt lat="39.9791171215474605560302734375" lon="116.5040755458176136016845703125">
        <ele>36.200000762939453125</ele>
        <time>2026-08-20T11:10:03.000Z</time>
        <extensions>
          <ns3:TrackPointExtension>
            <ns3:hr>143</ns3:hr>
            <ns3:cad>81</ns3:cad>
          </ns3:TrackPointExtension>
        </extensions>
      </trkpt>
      <trkpt lat="39.9790970049798488616943359375" lon="116.50407294742763042449951171875">
        <ele>36.200000762939453125</ele>
        <time>2026-08-20T11:10:04.000Z</time>
        <extensions>
          <ns3:TrackPointExtension>
            <ns3:hr>144</ns3:hr>
            <ns3:cad>81</ns3:cad>
          </ns3:TrackPointExtension>
        </extensions>
      </trkpt>
      <trkpt lat="39.9790792353451251983642578125" lon="116.5040695108473300933837890625">
        <ele>36.40000152587890625</ele>
        <time>2026-08-20T11:10:05.000Z</time>
        <extensions>
          <ns3:TrackPointExtension>
            <ns3:hr>144</ns3:hr>
            <ns3:cad>81</ns3:cad>
          </ns3:TrackPointExtension>
        </extensions>
      </trkpt>
      <trkpt lat="39.97905903495848178863525390625" lon="116.50406800210475921630859375">
        <ele>36.40000152587890625</ele>
        <time>2026-08-20T11:10:06.000Z</time>
        <extensions>
          <ns3:TrackPointExtension>
            <ns3:hr>144</ns3:hr>
            <ns3:cad>81</ns3:cad>
          </ns3:TrackPointExtension>
        </extensions>
      </trkpt>
      <trkpt lat="39.97903673909604549407958984375" lon="116.5040621347725391387939453125">
        <ele>36.59999847412109375</ele>
        <time>2026-08-20T11:10:07.000Z</time>
        <extensions>
          <ns3:TrackPointExtension>
            <ns3:hr>144</ns3:hr>
            <ns3:cad>81</ns3:cad>
          </ns3:TrackPointExtension>
        </extensions>
      </trkpt>
      <trkpt lat="39.979019053280353546142578125" lon="116.50406674481928348541259765625">
        <ele>36.799999237060546875</ele>
        <time>2026-08-20T11:10:08.000Z</time>
        <extensions>
          <ns3:TrackPointExtension>
            <ns3:hr>144</ns3:hr>
            <ns3:cad>83</ns3:cad>
          </ns3:TrackPointExtension>
        </extensions>
      </trkpt>
      <trkpt lat="39.97899382375180721282958984375" lon="116.50405668653547763824462890625">
        <ele>36.799999237060546875</ele>
        <time>2026-08-20T11:10:09.000Z</time>
        <extensions>
          <ns3:TrackPointExtension>
            <ns3:hr>144</ns3:hr>
            <ns3:cad>83</ns3:cad>
          </ns3:TrackPointExtension>
        </extensions>
      </trkpt>
      <trkpt lat="39.97897647321224212646484375" lon="116.5040567703545093536376953125">
        <ele>36.799999237060546875</ele>
        <time>2026-08-20T11:10:10.000Z</time>
        <extensions>
          <ns3:TrackPointExtension>
            <ns3:hr>144</ns3:hr>
            <ns3:cad>84</ns3:cad>
          </ns3:TrackPointExtension>
        </extensions>
      </trkpt>
      <trkpt lat="39.97895090840756893157958984375" lon="116.50405056774616241455078125">
        <ele>36.59999847412109375</ele>
        <time>2026-08-20T11:10:11.000Z</time>
        <extensions>
          <ns3:TrackPointExtension>
            <ns3:hr>145</ns3:hr>
            <ns3:cad>84</ns3:cad>
          </ns3:TrackPointExtension>
        </extensions>
      </trkpt>
      <trkpt lat="39.97892928309738636016845703125" lon="116.50404277257621288299560546875">
        <ele>36.59999847412109375</ele>
        <time>2026-08-20T11:10:12.000Z</time>
        <extensions>
          <ns3:TrackPointExtension>
            <ns3:hr>145</ns3:hr>
            <ns3:cad>84</ns3:cad>
          </ns3:TrackPointExtension>
        </extensions>
      </trkpt>
      <trkpt lat="39.9789082445204257965087890625" lon="116.50404243730008602142333984375">
        <ele>36.59999847412109375</ele>
        <time>2026-08-20T11:10:13.000Z</time>
        <extensions>
          <ns3:TrackPointExtension>
            <ns3:hr>144</ns3:hr>
            <ns3:cad>84</ns3:cad>
          </ns3:TrackPointExtension>
        </extensions>
      </trkpt>
      <trkpt lat="39.97888050042092800140380859375" lon="116.5040296129882335662841796875">
        <ele>36.59999847412109375</ele>
        <time>2026-08-20T11:10:14.000Z</time>
        <extensions>
          <ns3:TrackPointExtension>
            <ns3:hr>144</ns3:hr>
            <ns3:cad>85</ns3:cad>
          </ns3:TrackPointExtension>
        </extensions>
      </trkpt>
      <trkpt lat="39.97886625118553638458251953125" lon="116.5040359832346439361572265625">
        <ele>36.59999847412109375</ele>
        <time>2026-08-20T11:10:15.000Z</time>
        <extensions>
          <ns3:TrackPointExtension>
            <ns3:hr>144</ns3:hr>
            <ns3:cad>85</ns3:cad>
          </ns3:TrackPointExtension>
        </extensions>
      </trkpt>
      <trkpt lat="39.97884227894246578216552734375" lon="116.50403724052011966705322265625">
        <ele>36.59999847412109375</ele>
        <time>2026-08-20T11:10:16.000Z</time>
        <extensions>
          <ns3:TrackPointExtension>
            <ns3:hr>144</ns3:hr>
            <ns3:cad>85</ns3:cad>
          </ns3:TrackPointExtension>
        </extensions>
      </trkpt>
      <trkpt lat="39.9788190610706806182861328125" lon="116.50403439067304134368896484375">
        <ele>36.59999847412109375</ele>
        <time>2026-08-20T11:10:17.000Z</time>
        <extensions>
          <ns3:TrackPointExtension>
            <ns3:hr>144</ns3:hr>
            <ns3:cad>85</ns3:cad>
          </ns3:TrackPointExtension>
        </extensions>
      </trkpt>
      <trkpt lat="39.97880070470273494720458984375" lon="116.5040383301675319671630859375">
        <ele>36.59999847412109375</ele>
        <time>2026-08-20T11:10:18.000Z</time>
        <extensions>
          <ns3:TrackPointExtension>
            <ns3:hr>144</ns3:hr>
            <ns3:cad>84</ns3:cad>
          </ns3:TrackPointExtension>
        </extensions>
      </trkpt>
      <trkpt lat="39.97877555899322032928466796875" lon="116.504026092588901519775390625">
        <ele>36.59999847412109375</ele>
        <time>2026-08-20T11:10:19.000Z</time>
        <extensions>
          <ns3:TrackPointExtension>
            <ns3:hr>144</ns3:hr>
            <ns3:cad>84</ns3:cad>
          </ns3:TrackPointExtension>
        </extensions>
      </trkpt>
      <trkpt lat="39.97875946573913097381591796875" lon="116.5040244162082672119140625">
        <ele>36.40000152587890625</ele>
        <time>2026-08-20T11:10:20.000Z</time>
        <extensions>
          <ns3:TrackPointExtension>
            <ns3:hr>144</ns3:hr>
            <ns3:cad>83</ns3:cad>
          </ns3:TrackPointExtension>
        </extensions>
      </trkpt>
      <trkpt lat="39.97873909771442413330078125" lon="116.504020057618618011474609375">
        <ele>36.59999847412109375</ele>
        <time>2026-08-20T11:10:21.000Z</time>
        <extensions>
          <ns3:TrackPointExtension>
            <ns3:hr>144</ns3:hr>
            <ns3:cad>82</ns3:cad>
          </ns3:TrackPointExtension>
        </extensions>
      </trkpt>
      <trkpt lat="39.9787178076803684234619140625" lon="116.5040118433535099029541015625">
        <ele>36.59999847412109375</ele>
        <time>2026-08-20T11:10:22.000Z</time>
        <extensions>
          <ns3:TrackPointExtension>
            <ns3:hr>144</ns3:hr>
            <ns3:cad>83</ns3:cad>
          </ns3:TrackPointExtension>
        </extensions>
      </trkpt>
      <trkpt lat="39.97869827784597873687744140625" lon="116.504009999334812164306640625">
        <ele>36.59999847412109375</ele>
        <time>2026-08-20T11:10:23.000Z</time>
        <extensions>
          <ns3:TrackPointExtension>
            <ns3:hr>144</ns3:hr>
            <ns3:cad>83</ns3:cad>
          </ns3:TrackPointExtension>
        </extensions>
      </trkpt>
      <trkpt lat="39.97867564670741558074951171875" lon="116.50399717502295970916748046875">
        <ele>36.59999847412109375</ele>
        <time>2026-08-20T11:10:24.000Z</time>
        <extensions>
          <ns3:TrackPointExtension>
            <ns3:hr>143</ns3:hr>
            <ns3:cad>83</ns3:cad>
          </ns3:TrackPointExtension>
        </extensions>
      </trkpt>
      <trkpt lat="39.97865863144397735595703125" lon="116.50398527272045612335205078125">
        <ele>36.59999847412109375</ele>
        <time>2026-08-20T11:10:25.000Z</time>
        <extensions>
          <ns3:TrackPointExtension>
            <ns3:hr>144</ns3:hr>
            <ns3:cad>83</ns3:cad>
          </ns3:TrackPointExtension>
        </extensions>
      </trkpt>
      <trkpt lat="39.97863993979990482330322265625" lon="116.50397337041795253753662109375">
        <ele>36.59999847412109375</ele>
        <time>2026-08-20T11:10:26.000Z</time>
        <extensions>
          <ns3:TrackPointExtension>
            <ns3:hr>143</ns3:hr>
            <ns3:cad>83</ns3:cad>
          </ns3:TrackPointExtension>
        </extensions>
      </trkpt>
      <trkpt lat="39.97862644493579864501953125" lon="116.50396012701094150543212890625">
        <ele>36.59999847412109375</ele>
        <time>2026-08-20T11:10:27.000Z</time>
        <extensions>
          <ns3:TrackPointExtension>
            <ns3:hr>143</ns3:hr>
            <ns3:cad>83</ns3:cad>
          </ns3:TrackPointExtension>
        </extensions>
      </trkpt>
      <trkpt lat="39.9786115251481533050537109375" lon="116.50395534932613372802734375">
        <ele>36.59999847412109375</ele>
        <time>2026-08-20T11:10:28.000Z</time>
        <extensions>
          <ns3:TrackPointExtension>
            <ns3:hr>143</ns3:hr>
            <ns3:cad>84</ns3:cad>
          </ns3:TrackPointExtension>
        </extensions>
      </trkpt>
      <trkpt lat="39.97859149239957332611083984375" lon="116.5039444528520107269287109375">
        <ele>36.59999847412109375</ele>
        <time>2026-08-20T11:10:29.000Z</time>
        <extensions>
          <ns3:TrackPointExtension>
            <ns3:hr>143</ns3:hr>
            <ns3:cad>84</ns3:cad>
          </ns3:TrackPointExtension>
        </extensions>
      </trkpt>
      <trkpt lat="39.978576488792896270751953125" lon="116.50393866933882236480712890625">
        <ele>36.799999237060546875</ele>
        <time>2026-08-20T11:10:30.000Z</time>
        <extensions>
          <ns3:TrackPointExtension>
            <ns3:hr>143</ns3:hr>
            <ns3:cad>85</ns3:cad>
          </ns3:TrackPointExtension>
        </extensions>
      </trkpt>
      <trkpt lat="39.97855804860591888427734375" lon="116.50394151918590068817138671875">
        <ele>36.799999237060546875</ele>
        <time>2026-08-20T11:10:31.000Z</time>
        <extensions>
          <ns3:TrackPointExtension>
            <ns3:hr>143</ns3:hr>
            <ns3:cad>85</ns3:cad>
          </ns3:TrackPointExtension>
        </extensions>
      </trkpt>
      <trkpt lat="39.9785370938479900360107421875" lon="116.5039407648146152496337890625">
        <ele>36.799999237060546875</ele>
        <time>2026-08-20T11:10:32.000Z</time>
        <extensions>
          <ns3:TrackPointExtension>
            <ns3:hr>142</ns3:hr>
            <ns3:cad>85</ns3:cad>
          </ns3:TrackPointExtension>
        </extensions>
      </trkpt>
      <trkpt lat="39.97851915657520294189453125" lon="116.5039467997848987579345703125">
        <ele>36.799999237060546875</ele>
        <time>2026-08-20T11:10:33.000Z</time>
        <extensions>
          <ns3:TrackPointExtension>
            <ns3:hr>142</ns3:hr>
            <ns3:cad>84</ns3:cad>
          </ns3:TrackPointExtension>
        </extensions>
      </trkpt>
      <trkpt lat="39.978495351970195770263671875" lon="116.50394436903297901153564453125">
        <ele>36.799999237060546875</ele>
        <time>2026-08-20T11:10:34.000Z</time>
        <extensions>
          <ns3:TrackPointExtension>
            <ns3:hr>142</ns3:hr>
            <ns3:cad>83</ns3:cad>
          </ns3:TrackPointExtension>
        </extensions>
      </trkpt>
      <trkpt lat="39.97847481630742549896240234375" lon="116.50394353084266185760498046875">
        <ele>36.799999237060546875</ele>
        <time>2026-08-20T11:10:35.000Z</time>
        <extensions>
          <ns3:TrackPointExtension>
            <ns3:hr>142</ns3:hr>
            <ns3:cad>83</ns3:cad>
          </ns3:TrackPointExtension>
        </extensions>
      </trkpt>
      <trkpt lat="39.97845754958689212799072265625" lon="116.50394185446202754974365234375">
        <ele>36.799999237060546875</ele>
        <time>2026-08-20T11:10:36.000Z</time>
        <extensions>
          <ns3:TrackPointExtension>
            <ns3:hr>142</ns3:hr>
            <ns3:cad>83</ns3:cad>
          </ns3:TrackPointExtension>
        </extensions>
      </trkpt>
      <trkpt lat="39.9784339964389801025390625" lon="116.50393313728272914886474609375">
        <ele>36.799999237060546875</ele>
        <time>2026-08-20T11:10:37.000Z</time>
        <extensions>
          <ns3:TrackPointExtension>
            <ns3:hr>142</ns3:hr>
            <ns3:cad>83</ns3:cad>
          </ns3:TrackPointExtension>
        </extensions>
      </trkpt>
      <trkpt lat="39.97841882519423961639404296875" lon="116.50393364019691944122314453125">
        <ele>36.799999237060546875</ele>
        <time>2026-08-20T11:10:38.000Z</time>
        <extensions>
          <ns3:TrackPointExtension>
            <ns3:hr>141</ns3:hr>
            <ns3:cad>83</ns3:cad>
          </ns3:TrackPointExtension>
        </extensions>
      </trkpt>
      <trkpt lat="39.97839233838021755218505859375" lon="116.50392542593181133270263671875">
        <ele>37</ele>
        <time>2026-08-20T11:10:39.000Z</time>
        <extensions>
          <ns3:TrackPointExtension>
            <ns3:hr>142</ns3:hr>
            <ns3:cad>83</ns3:cad>
          </ns3:TrackPointExtension>
        </extensions>
      </trkpt>
      <trkpt lat="39.97837029397487640380859375" lon="116.503920815885066986083984375">
        <ele>37</ele>
        <time>2026-08-20T11:10:40.000Z</time>
        <extensions>
          <ns3:TrackPointExtension>
            <ns3:hr>141</ns3:hr>
            <ns3:cad>83</ns3:cad>
          </ns3:TrackPointExtension>
        </extensions>
      </trkpt>
      <trkpt lat="39.97834992595016956329345703125" lon="116.503915451467037200927734375">
        <ele>37</ele>
        <time>2026-08-20T11:10:41.000Z</time>
        <extensions>
          <ns3:TrackPointExtension>
            <ns3:hr>141</ns3:hr>
            <ns3:cad>83</ns3:cad>
          </ns3:TrackPointExtension>
        </extensions>
      </trkpt>
      <trkpt lat="39.97832427732646465301513671875" lon="116.50390665046870708465576171875">
        <ele>37</ele>
        <time>2026-08-20T11:10:42.000Z</time>
        <extensions>
          <ns3:TrackPointExtension>
            <ns3:hr>141</ns3:hr>
            <ns3:cad>84</ns3:cad>
          </ns3:TrackPointExtension>
        </extensions>
      </trkpt>
      <trkpt lat="39.97830952517688274383544921875" lon="116.50390195660293102264404296875">
        <ele>37</ele>
        <time>2026-08-20T11:10:43.000Z</time>
        <extensions>
          <ns3:TrackPointExtension>
            <ns3:hr>141</ns3:hr>
            <ns3:cad>84</ns3:cad>
          </ns3:TrackPointExtension>
        </extensions>
      </trkpt>
      <trkpt lat="39.9782832898199558258056640625" lon="116.50389843620359897613525390625">
        <ele>37</ele>
        <time>2026-08-20T11:10:44.000Z</time>
        <extensions>
          <ns3:TrackPointExtension>
            <ns3:hr>141</ns3:hr>
            <ns3:cad>84</ns3:cad>
          </ns3:TrackPointExtension>
        </extensions>
      </trkpt>
      <trkpt lat="39.97826057486236095428466796875" lon="116.503896005451679229736328125">
        <ele>37</ele>
        <time>2026-08-20T11:10:45.000Z</time>
        <extensions>
          <ns3:TrackPointExtension>
            <ns3:hr>141</ns3:hr>
            <ns3:cad>84</ns3:cad>
          </ns3:TrackPointExtension>
        </extensions>
      </trkpt>
      <trkpt lat="39.97823777608573436737060546875" lon="116.50389491580426692962646484375">
        <ele>37</ele>
        <time>2026-08-20T11:10:46.000Z</time>
        <extensions>
          <ns3:TrackPointExtension>
            <ns3:hr>141</ns3:hr>
            <ns3:cad>82</ns3:cad>
          </ns3:TrackPointExtension>
        </extensions>
      </trkpt>
      <trkpt lat="39.97821078635752201080322265625" lon="116.5038797445595264434814453125">
        <ele>37</ele>
        <time>2026-08-20T11:10:47.000Z</time>
        <extensions>
          <ns3:TrackPointExtension>
            <ns3:hr>140</ns3:hr>
            <ns3:cad>82</ns3:cad>
          </ns3:TrackPointExtension>
        </extensions>
      </trkpt>
      <trkpt lat="39.97819351963698863983154296875" lon="116.503873877227306365966796875">
        <ele>37</ele>
        <time>2026-08-20T11:10:48.000Z</time>
        <extensions>
          <ns3:TrackPointExtension>
            <ns3:hr>139</ns3:hr>
            <ns3:cad>84</ns3:cad>
          </ns3:TrackPointExtension>
        </extensions>
      </trkpt>
      <trkpt lat="39.97816820628941059112548828125" lon="116.50386407040059566497802734375">
        <ele>37</ele>
        <time>2026-08-20T11:10:49.000Z</time>
        <extensions>
          <ns3:TrackPointExtension>
            <ns3:hr>137</ns3:hr>
            <ns3:cad>84</ns3:cad>
          </ns3:TrackPointExtension>
        </extensions>
      </trkpt>
      <trkpt lat="39.97814808972179889678955078125" lon="116.50385610759258270263671875">
        <ele>37</ele>
        <time>2026-08-20T11:10:50.000Z</time>
        <extensions>
          <ns3:TrackPointExtension>
            <ns3:hr>134</ns3:hr>
            <ns3:cad>84</ns3:cad>
          </ns3:TrackPointExtension>
        </extensions>
      </trkpt>
      <trkpt lat="39.97812755405902862548828125" lon="116.5038522519171237945556640625">
        <ele>37</ele>
        <time>2026-08-20T11:10:51.000Z</time>
        <extensions>
          <ns3:TrackPointExtension>
            <ns3:hr>133</ns3:hr>
            <ns3:cad>84</ns3:cad>
          </ns3:TrackPointExtension>
        </extensions>
      </trkpt>
      <trkpt lat="39.9781014025211334228515625" lon="116.5038425289094448089599609375">
        <ele>37</ele>
        <time>2026-08-20T11:10:52.000Z</time>
        <extensions>
          <ns3:TrackPointExtension>
            <ns3:hr>133</ns3:hr>
            <ns3:cad>84</ns3:cad>
          </ns3:TrackPointExtension>
        </extensions>
      </trkpt>
      <trkpt lat="39.97807868756353855133056640625" lon="116.503847725689411163330078125">
        <ele>37</ele>
        <time>2026-08-20T11:10:53.000Z</time>
        <extensions>
          <ns3:TrackPointExtension>
            <ns3:hr>133</ns3:hr>
            <ns3:cad>83</ns3:cad>
          </ns3:TrackPointExtension>
        </extensions>
      </trkpt>
      <trkpt lat="39.97805111110210418701171875" lon="116.50385367684066295623779296875">
        <ele>37</ele>
        <time>2026-08-20T11:10:54.000Z</time>
        <extensions>
          <ns3:TrackPointExtension>
            <ns3:hr>133</ns3:hr>
            <ns3:cad>83</ns3:cad>
          </ns3:TrackPointExtension>
        </extensions>
      </trkpt>
      <trkpt lat="39.97803225181996822357177734375" lon="116.5038716979324817657470703125">
        <ele>37</ele>
        <time>2026-08-20T11:10:55.000Z</time>
        <extensions>
          <ns3:TrackPointExtension>
            <ns3:hr>133</ns3:hr>
            <ns3:cad>84</ns3:cad>
          </ns3:TrackPointExtension>
        </extensions>
      </trkpt>
      <trkpt lat="39.97802286408841609954833984375" lon="116.503890641033649444580078125">
        <ele>37</ele>
        <time>2026-08-20T11:10:56.000Z</time>
        <extensions>
          <ns3:TrackPointExtension>
            <ns3:hr>133</ns3:hr>
            <ns3:cad>84</ns3:cad>
          </ns3:TrackPointExtension>
        </extensions>
      </trkpt>
      <trkpt lat="39.97801649384200572967529296875" lon="116.50392224080860614776611328125">
        <ele>37</ele>
        <time>2026-08-20T11:10:57.000Z</time>
        <extensions>
          <ns3:TrackPointExtension>
            <ns3:hr>133</ns3:hr>
            <ns3:cad>84</ns3:cad>
          </ns3:TrackPointExtension>
        </extensions>
      </trkpt>
      <trkpt lat="39.97801364399492740631103515625" lon="116.50394721888005733489990234375">
        <ele>37</ele>
        <time>2026-08-20T11:10:58.000Z</time>
        <extensions>
          <ns3:TrackPointExtension>
            <ns3:hr>133</ns3:hr>
            <ns3:cad>84</ns3:cad>
          </ns3:TrackPointExtension>
        </extensions>
      </trkpt>
      <trkpt lat="39.97800928540527820587158203125" lon="116.50397370569407939910888671875">
        <ele>37</ele>
        <time>2026-08-20T11:10:59.000Z</time>
        <extensions>
          <ns3:TrackPointExtension>
            <ns3:hr>133</ns3:hr>
            <ns3:cad>83</ns3:cad>
          </ns3:TrackPointExtension>
        </extensions>
      </trkpt>
      <trkpt lat="39.97799478471279144287109375" lon="116.50400471873581409454345703125">
        <ele>37</ele>
        <time>2026-08-20T11:11:00.000Z</time>
        <extensions>
          <ns3:TrackPointExtension>
            <ns3:hr>133</ns3:hr>
            <ns3:cad>83</ns3:cad>
          </ns3:TrackPointExtension>
        </extensions>
      </trkpt>
      <trkpt lat="39.9779879115521907806396484375" lon="116.50402617640793323516845703125">
        <ele>37</ele>
        <time>2026-08-20T11:11:01.000Z</time>
        <extensions>
          <ns3:TrackPointExtension>
            <ns3:hr>133</ns3:hr>
            <ns3:cad>83</ns3:cad>
          </ns3:TrackPointExtension>
        </extensions>
      </trkpt>
      <trkpt lat="39.9779780209064483642578125" lon="116.504050232470035552978515625">
        <ele>37</ele>
        <time>2026-08-20T11:11:02.000Z</time>
        <extensions>
          <ns3:TrackPointExtension>
            <ns3:hr>133</ns3:hr>
            <ns3:cad>84</ns3:cad>
          </ns3:TrackPointExtension>
        </extensions>
      </trkpt>
      <trkpt lat="39.9779664538800716400146484375" lon="116.5040752105414867401123046875">
        <ele>36.799999237060546875</ele>
        <time>2026-08-20T11:11:03.000Z</time>
        <extensions>
          <ns3:TrackPointExtension>
            <ns3:hr>133</ns3:hr>
            <ns3:cad>84</ns3:cad>
          </ns3:TrackPointExtension>
        </extensions>
      </trkpt>
      <trkpt lat="39.97796268202364444732666015625" lon="116.50409616529941558837890625">
        <ele>36.799999237060546875</ele>
        <time>2026-08-20T11:11:04.000Z</time>
        <extensions>
          <ns3:TrackPointExtension>
            <ns3:hr>133</ns3:hr>
            <ns3:cad>84</ns3:cad>
          </ns3:TrackPointExtension>
        </extensions>
      </trkpt>
      <trkpt lat="39.97795455157756805419921875" lon="116.50412089191377162933349609375">
        <ele>36.799999237060546875</ele>
        <time>2026-08-20T11:11:05.000Z</time>
        <extensions>
          <ns3:TrackPointExtension>
            <ns3:hr>133</ns3:hr>
            <ns3:cad>84</ns3:cad>
          </ns3:TrackPointExtension>
        </extensions>
      </trkpt>
      <trkpt lat="39.9779486842453479766845703125" lon="116.5041436068713665008544921875">
        <ele>36.799999237060546875</ele>
        <time>2026-08-20T11:11:06.000Z</time>
        <extensions>
          <ns3:TrackPointExtension>
            <ns3:hr>133</ns3:hr>
            <ns3:cad>84</ns3:cad>
          </ns3:TrackPointExtension>
        </extensions>
      </trkpt>
      <trkpt lat="39.97794139198958873748779296875" lon="116.5041697584092617034912109375">
        <ele>36.799999237060546875</ele>
        <time>2026-08-20T11:11:07.000Z</time>
        <extensions>
          <ns3:TrackPointExtension>
            <ns3:hr>133</ns3:hr>
            <ns3:cad>82</ns3:cad>
          </ns3:TrackPointExtension>
        </extensions>
      </trkpt>
      <trkpt lat="39.977936446666717529296875" lon="116.5041979216039180755615234375">
        <ele>36.799999237060546875</ele>
        <time>2026-08-20T11:11:08.000Z</time>
        <extensions>
          <ns3:TrackPointExtension>
            <ns3:hr>133</ns3:hr>
            <ns3:cad>82</ns3:cad>
          </ns3:TrackPointExtension>
        </extensions>
      </trkpt>
      <trkpt lat="39.9779312498867511749267578125" lon="116.50422398932278156280517578125">
        <ele>36.799999237060546875</ele>
        <time>2026-08-20T11:11:09.000Z</time>
        <extensions>
          <ns3:TrackPointExtension>
            <ns3:hr>133</ns3:hr>
            <ns3:cad>84</ns3:cad>
          </ns3:TrackPointExtension>
        </extensions>
      </trkpt>
      <trkpt lat="39.97792236506938934326171875" lon="116.50425885803997516632080078125">
        <ele>36.799999237060546875</ele>
        <time>2026-08-20T11:11:10.000Z</time>
        <extensions>
          <ns3:TrackPointExtension>
            <ns3:hr>133</ns3:hr>
            <ns3:cad>84</ns3:cad>
          </ns3:TrackPointExtension>
        </extensions>
      </trkpt>
      <trkpt lat="39.97791624628007411956787109375" lon="116.50428484193980693817138671875">
        <ele>36.799999237060546875</ele>
        <time>2026-08-20T11:11:11.000Z</time>
        <extensions>
          <ns3:TrackPointExtension>
            <ns3:hr>133</ns3:hr>
            <ns3:cad>84</ns3:cad>
          </ns3:TrackPointExtension>
        </extensions>
      </trkpt>
      <trkpt lat="39.977908618748188018798828125" lon="116.50432155467569828033447265625">
        <ele>36.799999237060546875</ele>
        <time>2026-08-20T11:11:12.000Z</time>
        <extensions>
          <ns3:TrackPointExtension>
            <ns3:hr>133</ns3:hr>
            <ns3:cad>84</ns3:cad>
          </ns3:TrackPointExtension>
        </extensions>
      </trkpt>
      <trkpt lat="39.9779014103114604949951171875" lon="116.50435089133679866790771484375">
        <ele>36.59999847412109375</ele>
        <time>2026-08-20T11:11:13.000Z</time>
        <extensions>
          <ns3:TrackPointExtension>
            <ns3:hr>133</ns3:hr>
            <ns3:cad>84</ns3:cad>
          </ns3:TrackPointExtension>
        </extensions>
      </trkpt>
      <trkpt lat="39.97789763845503330230712890625" lon="116.50437721051275730133056640625">
        <ele>36.59999847412109375</ele>
        <time>2026-08-20T11:11:14.000Z</time>
        <extensions>
          <ns3:TrackPointExtension>
            <ns3:hr>133</ns3:hr>
            <ns3:cad>85</ns3:cad>
          </ns3:TrackPointExtension>
        </extensions>
      </trkpt>
      <trkpt lat="39.9778906814754009246826171875" lon="116.50440621189773082733154296875">
        <ele>36.59999847412109375</ele>
        <time>2026-08-20T11:11:15.000Z</time>
        <extensions>
          <ns3:TrackPointExtension>
            <ns3:hr>133</ns3:hr>
            <ns3:cad>85</ns3:cad>
          </ns3:TrackPointExtension>
        </extensions>
      </trkpt>
      <trkpt lat="39.97788925655186176300048828125" lon="116.50442733429372310638427734375">
        <ele>36.59999847412109375</ele>
        <time>2026-08-20T11:11:16.000Z</time>
        <extensions>
          <ns3:TrackPointExtension>
            <ns3:hr>133</ns3:hr>
            <ns3:cad>85</ns3:cad>
          </ns3:TrackPointExtension>
        </extensions>
      </trkpt>
      <trkpt lat="39.977881796658039093017578125" lon="116.50445449165999889373779296875">
        <ele>36.59999847412109375</ele>
        <time>2026-08-20T11:11:17.000Z</time>
        <extensions>
          <ns3:TrackPointExtension>
            <ns3:hr>134</ns3:hr>
            <ns3:cad>84</ns3:cad>
          </ns3:TrackPointExtension>
        </extensions>
      </trkpt>
      <trkpt lat="39.97787274420261383056640625" lon="116.5044785477221012115478515625">
        <ele>36.59999847412109375</ele>
        <time>2026-08-20T11:11:18.000Z</time>
        <extensions>
          <ns3:TrackPointExtension>
            <ns3:hr>134</ns3:hr>
            <ns3:cad>84</ns3:cad>
          </ns3:TrackPointExtension>
        </extensions>
      </trkpt>
      <trkpt lat="39.9778685532510280609130859375" lon="116.50451014749705791473388671875">
        <ele>36.59999847412109375</ele>
        <time>2026-08-20T11:11:19.000Z</time>
        <extensions>
          <ns3:TrackPointExtension>
            <ns3:hr>134</ns3:hr>
            <ns3:cad>84</ns3:cad>
          </ns3:TrackPointExtension>
        </extensions>
      </trkpt>
      <trkpt lat="39.97786335647106170654296875" lon="116.50453872978687286376953125">
        <ele>36.59999847412109375</ele>
        <time>2026-08-20T11:11:20.000Z</time>
        <extensions>
          <ns3:TrackPointExtension>
            <ns3:hr>134</ns3:hr>
            <ns3:cad>85</ns3:cad>
          </ns3:TrackPointExtension>
        </extensions>
      </trkpt>
      <trkpt lat="39.9778635241091251373291015625" lon="116.50456110946834087371826171875">
        <ele>36.59999847412109375</ele>
        <time>2026-08-20T11:11:21.000Z</time>
        <extensions>
          <ns3:TrackPointExtension>
            <ns3:hr>134</ns3:hr>
            <ns3:cad>85</ns3:cad>
          </ns3:TrackPointExtension>
        </extensions>
      </trkpt>
      <trkpt lat="39.977856986224651336669921875" lon="116.50458969175815582275390625">
        <ele>36.59999847412109375</ele>
        <time>2026-08-20T11:11:22.000Z</time>
        <extensions>
          <ns3:TrackPointExtension>
            <ns3:hr>134</ns3:hr>
            <ns3:cad>85</ns3:cad>
          </ns3:TrackPointExtension>
        </extensions>
      </trkpt>
      <trkpt lat="39.97784784995019435882568359375" lon="116.50461391545832157135009765625">
        <ele>36.59999847412109375</ele>
        <time>2026-08-20T11:11:23.000Z</time>
        <extensions>
          <ns3:TrackPointExtension>
            <ns3:hr>135</ns3:hr>
            <ns3:cad>85</ns3:cad>
          </ns3:TrackPointExtension>
        </extensions>
      </trkpt>
      <trkpt lat="39.97784483246505260467529296875" lon="116.504640989005565643310546875">
        <ele>36.59999847412109375</ele>
        <time>2026-08-20T11:11:24.000Z</time>
        <extensions>
          <ns3:TrackPointExtension>
            <ns3:hr>135</ns3:hr>
            <ns3:cad>85</ns3:cad>
          </ns3:TrackPointExtension>
        </extensions>
      </trkpt>
      <trkpt lat="39.97783661819994449615478515625" lon="116.50467208586633205413818359375">
        <ele>36.59999847412109375</ele>
        <time>2026-08-20T11:11:25.000Z</time>
        <extensions>
          <ns3:TrackPointExtension>
            <ns3:hr>135</ns3:hr>
            <ns3:cad>84</ns3:cad>
          </ns3:TrackPointExtension>
        </extensions>
      </trkpt>
      <trkpt lat="39.97783293016254901885986328125" lon="116.50469320826232433319091796875">
        <ele>36.59999847412109375</ele>
        <time>2026-08-20T11:11:26.000Z</time>
        <extensions>
          <ns3:TrackPointExtension>
            <ns3:hr>135</ns3:hr>
            <ns3:cad>83</ns3:cad>
          </ns3:TrackPointExtension>
        </extensions>
      </trkpt>
      <trkpt lat="39.9778251349925994873046875" lon="116.50473092682659626007080078125">
        <ele>36.40000152587890625</ele>
        <time>2026-08-20T11:11:27.000Z</time>
        <extensions>
          <ns3:TrackPointExtension>
            <ns3:hr>135</ns3:hr>
            <ns3:cad>83</ns3:cad>
          </ns3:TrackPointExtension>
        </extensions>
      </trkpt>
      <trkpt lat="39.97782253660261631011962890625" lon="116.5047620236873626708984375">
        <ele>36.40000152587890625</ele>
        <time>2026-08-20T11:11:28.000Z</time>
        <extensions>
          <ns3:TrackPointExtension>
            <ns3:hr>135</ns3:hr>
            <ns3:cad>84</ns3:cad>
          </ns3:TrackPointExtension>
        </extensions>
      </trkpt>
      <trkpt lat="39.97781532816588878631591796875" lon="116.50479177944362163543701171875">
        <ele>36.40000152587890625</ele>
        <time>2026-08-20T11:11:29.000Z</time>
        <extensions>
          <ns3:TrackPointExtension>
            <ns3:hr>135</ns3:hr>
            <ns3:cad>84</ns3:cad>
          </ns3:TrackPointExtension>
        </extensions>
      </trkpt>
      <trkpt lat="39.97780711390078067779541015625" lon="116.5048215351998805999755859375">
        <ele>36.40000152587890625</ele>
        <time>2026-08-20T11:11:30.000Z</time>
        <extensions>
          <ns3:TrackPointExtension>
            <ns3:hr>135</ns3:hr>
            <ns3:cad>84</ns3:cad>
          </ns3:TrackPointExtension>
        </extensions>
      </trkpt>
      <trkpt lat="39.97779906727373600006103515625" lon="116.504848189651966094970703125">
        <ele>36.59999847412109375</ele>
        <time>2026-08-20T11:11:31.000Z</time>
        <extensions>
          <ns3:TrackPointExtension>
            <ns3:hr>135</ns3:hr>
            <ns3:cad>84</ns3:cad>
          </ns3:TrackPointExtension>
        </extensions>
      </trkpt>
      <trkpt lat="39.97779269702732563018798828125" lon="116.50487534701824188232421875">
        <ele>36.799999237060546875</ele>
        <time>2026-08-20T11:11:32.000Z</time>
        <extensions>
          <ns3:TrackPointExtension>
            <ns3:hr>135</ns3:hr>
            <ns3:cad>84</ns3:cad>
          </ns3:TrackPointExtension>
        </extensions>
      </trkpt>
      <trkpt lat="39.9777884222567081451416015625" lon="116.5048986487090587615966796875">
        <ele>36.799999237060546875</ele>
        <time>2026-08-20T11:11:33.000Z</time>
        <extensions>
          <ns3:TrackPointExtension>
            <ns3:hr>136</ns3:hr>
            <ns3:cad>85</ns3:cad>
          </ns3:TrackPointExtension>
        </extensions>
      </trkpt>
      <trkpt lat="39.97778280638158321380615234375" lon="116.50492857210338115692138671875">
        <ele>36.59999847412109375</ele>
        <time>2026-08-20T11:11:34.000Z</time>
        <extensions>
          <ns3:TrackPointExtension>
            <ns3:hr>136</ns3:hr>
            <ns3:cad>85</ns3:cad>
          </ns3:TrackPointExtension>
        </extensions>
      </trkpt>
      <trkpt lat="39.9777740053832530975341796875" lon="116.5049479342997074127197265625">
        <ele>36.59999847412109375</ele>
        <time>2026-08-20T11:11:35.000Z</time>
        <extensions>
          <ns3:TrackPointExtension>
            <ns3:hr>136</ns3:hr>
            <ns3:cad>84</ns3:cad>
          </ns3:TrackPointExtension>
        </extensions>
      </trkpt>
      <trkpt lat="39.97777174226939678192138671875" lon="116.50496863760054111480712890625">
        <ele>36.40000152587890625</ele>
        <time>2026-08-20T11:11:36.000Z</time>
        <extensions>
          <ns3:TrackPointExtension>
            <ns3:hr>136</ns3:hr>
            <ns3:cad>84</ns3:cad>
          </ns3:TrackPointExtension>
        </extensions>
      </trkpt>
      <trkpt lat="39.977763779461383819580078125" lon="116.5049958787858486175537109375">
        <ele>36.200000762939453125</ele>
        <time>2026-08-20T11:11:37.000Z</time>
        <extensions>
          <ns3:TrackPointExtension>
            <ns3:hr>135</ns3:hr>
            <ns3:cad>84</ns3:cad>
          </ns3:TrackPointExtension>
        </extensions>
      </trkpt>
      <trkpt lat="39.9777626059949398040771484375" lon="116.50502286851406097412109375">
        <ele>36.200000762939453125</ele>
        <time>2026-08-20T11:11:38.000Z</time>
        <extensions>
          <ns3:TrackPointExtension>
            <ns3:hr>136</ns3:hr>
            <ns3:cad>84</ns3:cad>
          </ns3:TrackPointExtension>
        </extensions>
      </trkpt>
      <trkpt lat="39.97776000760495662689208984375" lon="116.5050572343170642852783203125">
        <ele>36.200000762939453125</ele>
        <time>2026-08-20T11:11:39.000Z</time>
        <extensions>
          <ns3:TrackPointExtension>
            <ns3:hr>136</ns3:hr>
            <ns3:cad>84</ns3:cad>
          </ns3:TrackPointExtension>
        </extensions>
      </trkpt>
      <trkpt lat="39.97775548137724399566650390625" lon="116.50509151630103588104248046875">
        <ele>36.200000762939453125</ele>
        <time>2026-08-20T11:11:40.000Z</time>
        <extensions>
          <ns3:TrackPointExtension>
            <ns3:hr>135</ns3:hr>
            <ns3:cad>84</ns3:cad>
          </ns3:TrackPointExtension>
        </extensions>
      </trkpt>
      <trkpt lat="39.9777525477111339569091796875" lon="116.50511515326797962188720703125">
        <ele>36.200000762939453125</ele>
        <time>2026-08-20T11:11:41.000Z</time>
        <extensions>
          <ns3:TrackPointExtension>
            <ns3:hr>136</ns3:hr>
            <ns3:cad>85</ns3:cad>
          </ns3:TrackPointExtension>
        </extensions>
      </trkpt>
      <trkpt lat="39.977743327617645263671875" lon="116.50515119545161724090576171875">
        <ele>36.200000762939453125</ele>
        <time>2026-08-20T11:11:42.000Z</time>
        <extensions>
          <ns3:TrackPointExtension>
            <ns3:hr>136</ns3:hr>
            <ns3:cad>85</ns3:cad>
          </ns3:TrackPointExtension>
        </extensions>
      </trkpt>
      <trkpt lat="39.97773838229477405548095703125" lon="116.50517868809401988983154296875">
        <ele>36.200000762939453125</ele>
        <time>2026-08-20T11:11:43.000Z</time>
        <extensions>
          <ns3:TrackPointExtension>
            <ns3:hr>135</ns3:hr>
            <ns3:cad>84</ns3:cad>
          </ns3:TrackPointExtension>
        </extensions>
      </trkpt>
      <trkpt lat="39.9777297489345073699951171875" lon="116.50520333088934421539306640625">
        <ele>36.200000762939453125</ele>
        <time>2026-08-20T11:11:44.000Z</time>
        <extensions>
          <ns3:TrackPointExtension>
            <ns3:hr>135</ns3:hr>
            <ns3:cad>83</ns3:cad>
          </ns3:TrackPointExtension>
        </extensions>
      </trkpt>
      <trkpt lat="39.9777213670313358306884765625" lon="116.50523249991238117218017578125">
        <ele>36.200000762939453125</ele>
        <time>2026-08-20T11:11:45.000Z</time>
        <extensions>
          <ns3:TrackPointExtension>
            <ns3:hr>135</ns3:hr>
            <ns3:cad>83</ns3:cad>
          </ns3:TrackPointExtension>
        </extensions>
      </trkpt>
      <trkpt lat="39.977719523012638092041015625" lon="116.5052570588886737823486328125">
        <ele>36.200000762939453125</ele>
        <time>2026-08-20T11:11:46.000Z</time>
        <extensions>
          <ns3:TrackPointExtension>
            <ns3:hr>135</ns3:hr>
            <ns3:cad>83</ns3:cad>
          </ns3:TrackPointExtension>
        </extensions>
      </trkpt>
      <trkpt lat="39.9777138233184814453125" lon="116.50528974831104278564453125">
        <ele>36.200000762939453125</ele>
        <time>2026-08-20T11:11:47.000Z</time>
        <extensions>
          <ns3:TrackPointExtension>
            <ns3:hr>136</ns3:hr>
            <ns3:cad>83</ns3:cad>
          </ns3:TrackPointExtension>
        </extensions>
      </trkpt>
      <trkpt lat="39.977711141109466552734375" lon="116.505317576229572296142578125">
        <ele>36.200000762939453125</ele>
        <time>2026-08-20T11:11:48.000Z</time>
        <extensions>
          <ns3:TrackPointExtension>
            <ns3:hr>135</ns3:hr>
            <ns3:cad>83</ns3:cad>
          </ns3:TrackPointExtension>
        </extensions>
      </trkpt>
      <trkpt lat="39.9777096323668956756591796875" lon="116.50534431450068950653076171875">
        <ele>36.200000762939453125</ele>
        <time>2026-08-20T11:11:49.000Z</time>
        <extensions>
          <ns3:TrackPointExtension>
            <ns3:hr>135</ns3:hr>
            <ns3:cad>83</ns3:cad>
          </ns3:TrackPointExtension>
        </extensions>
      </trkpt>
      <trkpt lat="39.97770468704402446746826171875" lon="116.50537314824759960174560546875">
        <ele>36.200000762939453125</ele>
        <time>2026-08-20T11:11:50.000Z</time>
        <extensions>
          <ns3:TrackPointExtension>
            <ns3:hr>136</ns3:hr>
            <ns3:cad>83</ns3:cad>
          </ns3:TrackPointExtension>
        </extensions>
      </trkpt>
      <trkpt lat="39.9777032621204853057861328125" lon="116.50539896450936794281005859375">
        <ele>36.200000762939453125</ele>
        <time>2026-08-20T11:11:51.000Z</time>
        <extensions>
          <ns3:TrackPointExtension>
            <ns3:hr>136</ns3:hr>
            <ns3:cad>83</ns3:cad>
          </ns3:TrackPointExtension>
        </extensions>
      </trkpt>
      <trkpt lat="39.9776963889598846435546875" lon="116.50543182156980037689208984375">
        <ele>36.200000762939453125</ele>
        <time>2026-08-20T11:11:52.000Z</time>
        <extensions>
          <ns3:TrackPointExtension>
            <ns3:hr>136</ns3:hr>
            <ns3:cad>83</ns3:cad>
          </ns3:TrackPointExtension>
        </extensions>
      </trkpt>
      <trkpt lat="39.97768792323768138885498046875" lon="116.50545948185026645660400390625">
        <ele>36.200000762939453125</ele>
        <time>2026-08-20T11:11:53.000Z</time>
        <extensions>
          <ns3:TrackPointExtension>
            <ns3:hr>136</ns3:hr>
            <ns3:cad>85</ns3:cad>
          </ns3:TrackPointExtension>
        </extensions>
      </trkpt>
      <trkpt lat="39.9776801280677318572998046875" lon="116.50548613630235195159912109375">
        <ele>36.200000762939453125</ele>
        <time>2026-08-20T11:11:54.000Z</time>
        <extensions>
          <ns3:TrackPointExtension>
            <ns3:hr>137</ns3:hr>
            <ns3:cad>85</ns3:cad>
          </ns3:TrackPointExtension>
        </extensions>
      </trkpt>
      <trkpt lat="39.97766898013651371002197265625" lon="116.5055135451257228851318359375">
        <ele>36.200000762939453125</ele>
        <time>2026-08-20T11:11:55.000Z</time>
        <extensions>
          <ns3:TrackPointExtension>
            <ns3:hr>137</ns3:hr>
            <ns3:cad>85</ns3:cad>
          </ns3:TrackPointExtension>
        </extensions>
      </trkpt>
      <trkpt lat="39.97766328044235706329345703125" lon="116.50553575716912746429443359375">
        <ele>36.200000762939453125</ele>
        <time>2026-08-20T11:11:56.000Z</time>
        <extensions>
          <ns3:TrackPointExtension>
            <ns3:hr>137</ns3:hr>
            <ns3:cad>85</ns3:cad>
          </ns3:TrackPointExtension>
        </extensions>
      </trkpt>
      <trkpt lat="39.9776556529104709625244140625" lon="116.50556459091603755950927734375">
        <ele>36.200000762939453125</ele>
        <time>2026-08-20T11:11:57.000Z</time>
        <extensions>
          <ns3:TrackPointExtension>
            <ns3:hr>137</ns3:hr>
            <ns3:cad>84</ns3:cad>
          </ns3:TrackPointExtension>
        </extensions>
      </trkpt>
      <trkpt lat="39.9776479415595531463623046875" lon="116.50559057481586933135986328125">
        <ele>36.200000762939453125</ele>
        <time>2026-08-20T11:11:58.000Z</time>
        <extensions>
          <ns3:TrackPointExtension>
            <ns3:hr>136</ns3:hr>
            <ns3:cad>83</ns3:cad>
          </ns3:TrackPointExtension>
        </extensions>
      </trkpt>
      <trkpt lat="39.977643750607967376708984375" lon="116.50561572052538394927978515625">
        <ele>36.200000762939453125</ele>
        <time>2026-08-20T11:11:59.000Z</time>
        <extensions>
          <ns3:TrackPointExtension>
            <ns3:hr>137</ns3:hr>
            <ns3:cad>83</ns3:cad>
          </ns3:TrackPointExtension>
        </extensions>
      </trkpt>
      <trkpt lat="39.977633021771907806396484375" lon="116.505645476281642913818359375">
        <ele>36</ele>
        <time>2026-08-20T11:12:00.000Z</time>
        <extensions>
          <ns3:TrackPointExtension>
            <ns3:hr>137</ns3:hr>
            <ns3:cad>84</ns3:cad>
          </ns3:TrackPointExtension>
        </extensions>
      </trkpt>
      <trkpt lat="39.97763394378125667572021484375" lon="116.5056815184652805328369140625">
        <ele>36</ele>
        <time>2026-08-20T11:12:01.000Z</time>
        <extensions>
          <ns3:TrackPointExtension>
            <ns3:hr>137</ns3:hr>
            <ns3:cad>84</ns3:cad>
          </ns3:TrackPointExtension>
        </extensions>
      </trkpt>
      <trkpt lat="39.977620281279087066650390625" lon="116.50571563281118869781494140625">
        <ele>36.200000762939453125</ele>
        <time>2026-08-20T11:12:02.000Z</time>
        <extensions>
          <ns3:TrackPointExtension>
            <ns3:hr>137</ns3:hr>
            <ns3:cad>84</ns3:cad>
          </ns3:TrackPointExtension>
        </extensions>
      </trkpt>
      <trkpt lat="39.97761793434619903564453125" lon="116.50573893450200557708740234375">
        <ele>36.200000762939453125</ele>
        <time>2026-08-20T11:12:03.000Z</time>
        <extensions>
          <ns3:TrackPointExtension>
            <ns3:hr>138</ns3:hr>
            <ns3:cad>84</ns3:cad>
          </ns3:TrackPointExtension>
        </extensions>
      </trkpt>
      <trkpt lat="39.9776107259094715118408203125" lon="116.50577866472303867340087890625">
        <ele>36.200000762939453125</ele>
        <time>2026-08-20T11:12:04.000Z</time>
        <extensions>
          <ns3:TrackPointExtension>
            <ns3:hr>138</ns3:hr>
            <ns3:cad>84</ns3:cad>
          </ns3:TrackPointExtension>
        </extensions>
      </trkpt>
      <trkpt lat="39.9776036851108074188232421875" lon="116.5058045648038387298583984375">
        <ele>36.200000762939453125</ele>
        <time>2026-08-20T11:12:05.000Z</time>
        <extensions>
          <ns3:TrackPointExtension>
            <ns3:hr>138</ns3:hr>
            <ns3:cad>84</ns3:cad>
          </ns3:TrackPointExtension>
        </extensions>
      </trkpt>
      <trkpt lat="39.977598488330841064453125" lon="116.50582619011402130126953125">
        <ele>36.200000762939453125</ele>
        <time>2026-08-20T11:12:06.000Z</time>
        <extensions>
          <ns3:TrackPointExtension>
            <ns3:hr>139</ns3:hr>
            <ns3:cad>84</ns3:cad>
          </ns3:TrackPointExtension>
        </extensions>
      </trkpt>
      <trkpt lat="39.9775885976850986480712890625" lon="116.5058528445661067962646484375">
        <ele>36</ele>
        <time>2026-08-20T11:12:07.000Z</time>
        <extensions>
          <ns3:TrackPointExtension>
            <ns3:hr>139</ns3:hr>
            <ns3:cad>85</ns3:cad>
          </ns3:TrackPointExtension>
        </extensions>
      </trkpt>
      <trkpt lat="39.97758348472416400909423828125" lon="116.50587203912436962127685546875">
        <ele>36</ele>
        <time>2026-08-20T11:12:08.000Z</time>
        <extensions>
          <ns3:TrackPointExtension>
            <ns3:hr>139</ns3:hr>
            <ns3:cad>85</ns3:cad>
          </ns3:TrackPointExtension>
        </extensions>
      </trkpt>
      <trkpt lat="39.9775775335729122161865234375" lon="116.50590087287127971649169921875">
        <ele>36</ele>
        <time>2026-08-20T11:12:09.000Z</time>
        <extensions>
          <ns3:TrackPointExtension>
            <ns3:hr>139</ns3:hr>
            <ns3:cad>85</ns3:cad>
          </ns3:TrackPointExtension>
        </extensions>
      </trkpt>
      <trkpt lat="39.97756705619394779205322265625" lon="116.50593079626560211181640625">
        <ele>36</ele>
        <time>2026-08-20T11:12:10.000Z</time>
        <extensions>
          <ns3:TrackPointExtension>
            <ns3:hr>139</ns3:hr>
            <ns3:cad>84</ns3:cad>
          </ns3:TrackPointExtension>
        </extensions>
      </trkpt>
      <trkpt lat="39.9775678105652332305908203125" lon="116.505951918661594390869140625">
        <ele>36</ele>
        <time>2026-08-20T11:12:11.000Z</time>
        <extensions>
          <ns3:TrackPointExtension>
            <ns3:hr>139</ns3:hr>
            <ns3:cad>83</ns3:cad>
          </ns3:TrackPointExtension>
        </extensions>
      </trkpt>
      <trkpt lat="39.97755649499595165252685546875" lon="116.5059812553226947784423828125">
        <ele>36</ele>
        <time>2026-08-20T11:12:12.000Z</time>
        <extensions>
          <ns3:TrackPointExtension>
            <ns3:hr>139</ns3:hr>
            <ns3:cad>82</ns3:cad>
          </ns3:TrackPointExtension>
        </extensions>
      </trkpt>
      <trkpt lat="39.97755230404436588287353515625" lon="116.50600254535675048828125">
        <ele>36</ele>
        <time>2026-08-20T11:12:13.000Z</time>
        <extensions>
          <ns3:TrackPointExtension>
            <ns3:hr>138</ns3:hr>
            <ns3:cad>84</ns3:cad>
          </ns3:TrackPointExtension>
        </extensions>
      </trkpt>
      <trkpt lat="39.97754492796957492828369140625" lon="116.506032384932041168212890625">
        <ele>36</ele>
        <time>2026-08-20T11:12:14.000Z</time>
        <extensions>
          <ns3:TrackPointExtension>
            <ns3:hr>138</ns3:hr>
            <ns3:cad>84</ns3:cad>
          </ns3:TrackPointExtension>
        </extensions>
      </trkpt>
      <trkpt lat="39.97753637842833995819091796875" lon="116.50606180541217327117919921875">
        <ele>36</ele>
        <time>2026-08-20T11:12:15.000Z</time>
        <extensions>
          <ns3:TrackPointExtension>
            <ns3:hr>138</ns3:hr>
            <ns3:cad>84</ns3:cad>
          </ns3:TrackPointExtension>
        </extensions>
      </trkpt>
      <trkpt lat="39.9775349535048007965087890625" lon="116.50608443655073642730712890625">
        <ele>36</ele>
        <time>2026-08-20T11:12:16.000Z</time>
        <extensions>
          <ns3:TrackPointExtension>
            <ns3:hr>138</ns3:hr>
            <ns3:cad>84</ns3:cad>
          </ns3:TrackPointExtension>
        </extensions>
      </trkpt>
      <trkpt lat="39.9775238893926143646240234375" lon="116.50611679069697856903076171875">
        <ele>36</ele>
        <time>2026-08-20T11:12:17.000Z</time>
        <extensions>
          <ns3:TrackPointExtension>
            <ns3:hr>138</ns3:hr>
            <ns3:cad>84</ns3:cad>
          </ns3:TrackPointExtension>
        </extensions>
      </trkpt>
      <trkpt lat="39.9775158427655696868896484375" lon="116.50613875128328800201416015625">
        <ele>36</ele>
        <time>2026-08-20T11:12:18.000Z</time>
        <extensions>
          <ns3:TrackPointExtension>
            <ns3:hr>138</ns3:hr>
            <ns3:cad>83</ns3:cad>
          </ns3:TrackPointExtension>
        </extensions>
      </trkpt>
      <trkpt lat="39.9775086343288421630859375" lon="116.5061648190021514892578125">
        <ele>36</ele>
        <time>2026-08-20T11:12:19.000Z</time>
        <extensions>
          <ns3:TrackPointExtension>
            <ns3:hr>138</ns3:hr>
            <ns3:cad>83</ns3:cad>
          </ns3:TrackPointExtension>
        </extensions>
      </trkpt>
      <trkpt lat="39.977499581873416900634765625" lon="116.50619306601583957672119140625">
        <ele>36</ele>
        <time>2026-08-20T11:12:20.000Z</time>
        <extensions>
          <ns3:TrackPointExtension>
            <ns3:hr>138</ns3:hr>
            <ns3:cad>83</ns3:cad>
          </ns3:TrackPointExtension>
        </extensions>
      </trkpt>
      <trkpt lat="39.977496564388275146484375" lon="116.50621351785957813262939453125">
        <ele>36</ele>
        <time>2026-08-20T11:12:21.000Z</time>
        <extensions>
          <ns3:TrackPointExtension>
            <ns3:hr>137</ns3:hr>
            <ns3:cad>83</ns3:cad>
          </ns3:TrackPointExtension>
        </extensions>
      </trkpt>
      <trkpt lat="39.977485500276088714599609375" lon="116.5062451176345348358154296875">
        <ele>36</ele>
        <time>2026-08-20T11:12:22.000Z</time>
        <extensions>
          <ns3:TrackPointExtension>
            <ns3:hr>138</ns3:hr>
            <ns3:cad>83</ns3:cad>
          </ns3:TrackPointExtension>
        </extensions>
      </trkpt>
      <trkpt lat="39.97748156078159809112548828125" lon="116.5062705986201763153076171875">
        <ele>36</ele>
        <time>2026-08-20T11:12:23.000Z</time>
        <extensions>
          <ns3:TrackPointExtension>
            <ns3:hr>138</ns3:hr>
            <ns3:cad>83</ns3:cad>
          </ns3:TrackPointExtension>
        </extensions>
      </trkpt>
      <trkpt lat="39.97747686691582202911376953125" lon="116.506297923624515533447265625">
        <ele>36</ele>
        <time>2026-08-20T11:12:24.000Z</time>
        <extensions>
          <ns3:TrackPointExtension>
            <ns3:hr>137</ns3:hr>
            <ns3:cad>82</ns3:cad>
          </ns3:TrackPointExtension>
        </extensions>
      </trkpt>
      <trkpt lat="39.97747041285037994384765625" lon="116.5063339658081531524658203125">
        <ele>36</ele>
        <time>2026-08-20T11:12:25.000Z</time>
        <extensions>
          <ns3:TrackPointExtension>
            <ns3:hr>138</ns3:hr>
            <ns3:cad>82</ns3:cad>
          </ns3:TrackPointExtension>
        </extensions>
      </trkpt>
      <trkpt lat="39.97746781446039676666259765625" lon="116.50635835714638233184814453125">
        <ele>36</ele>
        <time>2026-08-20T11:12:26.000Z</time>
        <extensions>
          <ns3:TrackPointExtension>
            <ns3:hr>137</ns3:hr>
            <ns3:cad>83</ns3:cad>
          </ns3:TrackPointExtension>
        </extensions>
      </trkpt>
      <trkpt lat="39.9774628691375255584716796875" lon="116.50638735853135585784912109375">
        <ele>36</ele>
        <time>2026-08-20T11:12:27.000Z</time>
        <extensions>
          <ns3:TrackPointExtension>
            <ns3:hr>137</ns3:hr>
            <ns3:cad>84</ns3:cad>
          </ns3:TrackPointExtension>
        </extensions>
      </trkpt>
      <trkpt lat="39.9774576723575592041015625" lon="116.50641501881182193756103515625">
        <ele>36</ele>
        <time>2026-08-20T11:12:28.000Z</time>
        <extensions>
          <ns3:TrackPointExtension>
            <ns3:hr>137</ns3:hr>
            <ns3:cad>84</ns3:cad>
          </ns3:TrackPointExtension>
        </extensions>
      </trkpt>
      <trkpt lat="39.97745775617659091949462890625" lon="116.506438069045543670654296875">
        <ele>36</ele>
        <time>2026-08-20T11:12:29.000Z</time>
        <extensions>
          <ns3:TrackPointExtension>
            <ns3:hr>137</ns3:hr>
            <ns3:cad>84</ns3:cad>
          </ns3:TrackPointExtension>
        </extensions>
      </trkpt>
      <trkpt lat="39.97745096683502197265625" lon="116.50646715424954891204833984375">
        <ele>36</ele>
        <time>2026-08-20T11:12:30.000Z</time>
        <extensions>
          <ns3:TrackPointExtension>
            <ns3:hr>137</ns3:hr>
            <ns3:cad>84</ns3:cad>
          </ns3:TrackPointExtension>
        </extensions>
      </trkpt>
      <trkpt lat="39.9774507991969585418701171875" lon="116.50649112649261951446533203125">
        <ele>36</ele>
        <time>2026-08-20T11:12:31.000Z</time>
        <extensions>
          <ns3:TrackPointExtension>
            <ns3:hr>137</ns3:hr>
            <ns3:cad>82</ns3:cad>
          </ns3:TrackPointExtension>
        </extensions>
      </trkpt>
      <trkpt lat="39.977449290454387664794921875" lon="116.5065233968198299407958984375">
        <ele>36</ele>
        <time>2026-08-20T11:12:32.000Z</time>
        <extensions>
          <ns3:TrackPointExtension>
            <ns3:hr>137</ns3:hr>
            <ns3:cad>82</ns3:cad>
          </ns3:TrackPointExtension>
        </extensions>
      </trkpt>
      <trkpt lat="39.9774456024169921875" lon="116.506554745137691497802734375">
        <ele>36</ele>
        <time>2026-08-20T11:12:33.000Z</time>
        <extensions>
          <ns3:TrackPointExtension>
            <ns3:hr>136</ns3:hr>
            <ns3:cad>83</ns3:cad>
          </ns3:TrackPointExtension>
        </extensions>
      </trkpt>
      <trkpt lat="39.977448619902133941650390625" lon="116.50658257305622100830078125">
        <ele>36</ele>
        <time>2026-08-20T11:12:34.000Z</time>
        <extensions>
          <ns3:TrackPointExtension>
            <ns3:hr>136</ns3:hr>
            <ns3:cad>83</ns3:cad>
          </ns3:TrackPointExtension>
        </extensions>
      </trkpt>
      <trkpt lat="39.9774469435214996337890625" lon="116.5066212974488735198974609375">
        <ele>36</ele>
        <time>2026-08-20T11:12:35.000Z</time>
        <extensions>
          <ns3:TrackPointExtension>
            <ns3:hr>136</ns3:hr>
            <ns3:cad>83</ns3:cad>
          </ns3:TrackPointExtension>
        </extensions>
      </trkpt>
      <trkpt lat="39.97744652442634105682373046875" lon="116.50665239430963993072509765625">
        <ele>36</ele>
        <time>2026-08-20T11:12:36.000Z</time>
        <extensions>
          <ns3:TrackPointExtension>
            <ns3:hr>136</ns3:hr>
            <ns3:cad>83</ns3:cad>
          </ns3:TrackPointExtension>
        </extensions>
      </trkpt>
      <trkpt lat="39.977448284626007080078125" lon="116.5066843293607234954833984375">
        <ele>35.799999237060546875</ele>
        <time>2026-08-20T11:12:37.000Z</time>
        <extensions>
          <ns3:TrackPointExtension>
            <ns3:hr>135</ns3:hr>
            <ns3:cad>83</ns3:cad>
          </ns3:TrackPointExtension>
        </extensions>
      </trkpt>
      <trkpt lat="39.97744627296924591064453125" lon="116.50671525858342647552490234375">
        <ele>35.799999237060546875</ele>
        <time>2026-08-20T11:12:38.000Z</time>
        <extensions>
          <ns3:TrackPointExtension>
            <ns3:hr>135</ns3:hr>
            <ns3:cad>83</ns3:cad>
          </ns3:TrackPointExtension>
        </extensions>
      </trkpt>
      <trkpt lat="39.97745096683502197265625" lon="116.5067393146455287933349609375">
        <ele>35.799999237060546875</ele>
        <time>2026-08-20T11:12:39.000Z</time>
        <extensions>
          <ns3:TrackPointExtension>
            <ns3:hr>135</ns3:hr>
            <ns3:cad>83</ns3:cad>
          </ns3:TrackPointExtension>
        </extensions>
      </trkpt>
      <trkpt lat="39.97744853608310222625732421875" lon="116.50677225552499294281005859375">
        <ele>35.799999237060546875</ele>
        <time>2026-08-20T11:12:40.000Z</time>
        <extensions>
          <ns3:TrackPointExtension>
            <ns3:hr>135</ns3:hr>
            <ns3:cad>83</ns3:cad>
          </ns3:TrackPointExtension>
        </extensions>
      </trkpt>
      <trkpt lat="39.9774464406073093414306640625" lon="116.50680142454802989959716796875">
        <ele>35.799999237060546875</ele>
        <time>2026-08-20T11:12:41.000Z</time>
        <extensions>
          <ns3:TrackPointExtension>
            <ns3:hr>135</ns3:hr>
            <ns3:cad>83</ns3:cad>
          </ns3:TrackPointExtension>
        </extensions>
      </trkpt>
      <trkpt lat="39.97744954191148281097412109375" lon="116.50682824663817882537841796875">
        <ele>35.799999237060546875</ele>
        <time>2026-08-20T11:12:42.000Z</time>
        <extensions>
          <ns3:TrackPointExtension>
            <ns3:hr>135</ns3:hr>
            <ns3:cad>83</ns3:cad>
          </ns3:TrackPointExtension>
        </extensions>
      </trkpt>
      <trkpt lat="39.9774450995028018951416015625" lon="116.5068590082228183746337890625">
        <ele>35.799999237060546875</ele>
        <time>2026-08-20T11:12:43.000Z</time>
        <extensions>
          <ns3:TrackPointExtension>
            <ns3:hr>134</ns3:hr>
            <ns3:cad>83</ns3:cad>
          </ns3:TrackPointExtension>
        </extensions>
      </trkpt>
      <trkpt lat="39.9774487875401973724365234375" lon="116.5068836510181427001953125">
        <ele>35.59999847412109375</ele>
        <time>2026-08-20T11:12:44.000Z</time>
        <extensions>
          <ns3:TrackPointExtension>
            <ns3:hr>135</ns3:hr>
            <ns3:cad>83</ns3:cad>
          </ns3:TrackPointExtension>
        </extensions>
      </trkpt>
      <trkpt lat="39.9774481169879436492919921875" lon="116.50691919028759002685546875">
        <ele>35.59999847412109375</ele>
        <time>2026-08-20T11:12:45.000Z</time>
        <extensions>
          <ns3:TrackPointExtension>
            <ns3:hr>135</ns3:hr>
            <ns3:cad>83</ns3:cad>
          </ns3:TrackPointExtension>
        </extensions>
      </trkpt>
      <trkpt lat="39.97744116000831127166748046875" lon="116.5069480240345001220703125">
        <ele>35.59999847412109375</ele>
        <time>2026-08-20T11:12:46.000Z</time>
        <extensions>
          <ns3:TrackPointExtension>
            <ns3:hr>134</ns3:hr>
            <ns3:cad>84</ns3:cad>
          </ns3:TrackPointExtension>
        </extensions>
      </trkpt>
      <trkpt lat="39.977442584931850433349609375" lon="116.50698146782815456390380859375">
        <ele>35.59999847412109375</ele>
        <time>2026-08-20T11:12:47.000Z</time>
        <extensions>
          <ns3:TrackPointExtension>
            <ns3:hr>135</ns3:hr>
            <ns3:cad>85</ns3:cad>
          </ns3:TrackPointExtension>
        </extensions>
      </trkpt>
      <trkpt lat="39.97743948362767696380615234375" lon="116.507011391222476959228515625">
        <ele>35.59999847412109375</ele>
        <time>2026-08-20T11:12:48.000Z</time>
        <extensions>
          <ns3:TrackPointExtension>
            <ns3:hr>135</ns3:hr>
            <ns3:cad>85</ns3:cad>
          </ns3:TrackPointExtension>
        </extensions>
      </trkpt>
      <trkpt lat="39.9774437583982944488525390625" lon="116.5070356987416744232177734375">
        <ele>35.40000152587890625</ele>
        <time>2026-08-20T11:12:49.000Z</time>
        <extensions>
          <ns3:TrackPointExtension>
            <ns3:hr>135</ns3:hr>
            <ns3:cad>84</ns3:cad>
          </ns3:TrackPointExtension>
        </extensions>
      </trkpt>
      <trkpt lat="39.9774434231221675872802734375" lon="116.50706805288791656494140625">
        <ele>35.40000152587890625</ele>
        <time>2026-08-20T11:12:50.000Z</time>
        <extensions>
          <ns3:TrackPointExtension>
            <ns3:hr>134</ns3:hr>
            <ns3:cad>84</ns3:cad>
          </ns3:TrackPointExtension>
        </extensions>
      </trkpt>
      <trkpt lat="39.9774434231221675872802734375" lon="116.507093198597431182861328125">
        <ele>35.40000152587890625</ele>
        <time>2026-08-20T11:12:51.000Z</time>
        <extensions>
          <ns3:TrackPointExtension>
            <ns3:hr>135</ns3:hr>
            <ns3:cad>83</ns3:cad>
          </ns3:TrackPointExtension>
        </extensions>
      </trkpt>
      <trkpt lat="39.97744761407375335693359375" lon="116.50712228380143642425537109375">
        <ele>35.40000152587890625</ele>
        <time>2026-08-20T11:12:52.000Z</time>
        <extensions>
          <ns3:TrackPointExtension>
            <ns3:hr>135</ns3:hr>
            <ns3:cad>83</ns3:cad>
          </ns3:TrackPointExtension>
        </extensions>
      </trkpt>
      <trkpt lat="39.9774484522640705108642578125" lon="116.50715195573866367340087890625">
        <ele>35.40000152587890625</ele>
        <time>2026-08-20T11:12:53.000Z</time>
        <extensions>
          <ns3:TrackPointExtension>
            <ns3:hr>135</ns3:hr>
            <ns3:cad>84</ns3:cad>
          </ns3:TrackPointExtension>
        </extensions>
      </trkpt>
      <trkpt lat="39.97745255939662456512451171875" lon="116.5071714855730533599853515625">
        <ele>35.40000152587890625</ele>
        <time>2026-08-20T11:12:54.000Z</time>
        <extensions>
          <ns3:TrackPointExtension>
            <ns3:hr>133</ns3:hr>
            <ns3:cad>84</ns3:cad>
          </ns3:TrackPointExtension>
        </extensions>
      </trkpt>
      <trkpt lat="39.9774588458240032196044921875" lon="116.50720694102346897125244140625">
        <ele>35.40000152587890625</ele>
        <time>2026-08-20T11:12:55.000Z</time>
        <extensions>
          <ns3:TrackPointExtension>
            <ns3:hr>133</ns3:hr>
            <ns3:cad>84</ns3:cad>
          </ns3:TrackPointExtension>
        </extensions>
      </trkpt>
      <trkpt lat="39.97746898792684078216552734375" lon="116.50723409838974475860595703125">
        <ele>35.40000152587890625</ele>
        <time>2026-08-20T11:12:56.000Z</time>
        <extensions>
          <ns3:TrackPointExtension>
            <ns3:hr>133</ns3:hr>
            <ns3:cad>83</ns3:cad>
          </ns3:TrackPointExtension>
        </extensions>
      </trkpt>
      <trkpt lat="39.97748290188610553741455078125" lon="116.50726326741278171539306640625">
        <ele>35.40000152587890625</ele>
        <time>2026-08-20T11:12:57.000Z</time>
        <extensions>
          <ns3:TrackPointExtension>
            <ns3:hr>133</ns3:hr>
            <ns3:cad>82</ns3:cad>
          </ns3:TrackPointExtension>
        </extensions>
      </trkpt>
      <trkpt lat="39.97749597765505313873291015625" lon="116.50729411281645298004150390625">
        <ele>35.40000152587890625</ele>
        <time>2026-08-20T11:12:58.000Z</time>
        <extensions>
          <ns3:TrackPointExtension>
            <ns3:hr>134</ns3:hr>
            <ns3:cad>82</ns3:cad>
          </ns3:TrackPointExtension>
        </extensions>
      </trkpt>
      <trkpt lat="39.9775118194520473480224609375" lon="116.50731037370860576629638671875">
        <ele>35.40000152587890625</ele>
        <time>2026-08-20T11:12:59.000Z</time>
        <extensions>
          <ns3:TrackPointExtension>
            <ns3:hr>134</ns3:hr>
            <ns3:cad>84</ns3:cad>
          </ns3:TrackPointExtension>
        </extensions>
      </trkpt>
      <trkpt lat="39.9775274097919464111328125" lon="116.50733015500009059906005859375">
        <ele>35.40000152587890625</ele>
        <time>2026-08-20T11:13:00.000Z</time>
        <extensions>
          <ns3:TrackPointExtension>
            <ns3:hr>134</ns3:hr>
            <ns3:cad>85</ns3:cad>
          </ns3:TrackPointExtension>
        </extensions>
      </trkpt>
      <trkpt lat="39.97754140757024288177490234375" lon="116.50734473951160907745361328125">
        <ele>35.40000152587890625</ele>
        <time>2026-08-20T11:13:01.000Z</time>
        <extensions>
          <ns3:TrackPointExtension>
            <ns3:hr>134</ns3:hr>
            <ns3:cad>85</ns3:cad>
          </ns3:TrackPointExtension>
        </extensions>
      </trkpt>
      <trkpt lat="39.9775570817291736602783203125" lon="116.50735815055668354034423828125">
        <ele>35.200000762939453125</ele>
        <time>2026-08-20T11:13:02.000Z</time>
        <extensions>
          <ns3:TrackPointExtension>
            <ns3:hr>133</ns3:hr>
            <ns3:cad>85</ns3:cad>
          </ns3:TrackPointExtension>
        </extensions>
      </trkpt>
      <trkpt lat="39.97757828794419765472412109375" lon="116.50737457908689975738525390625">
        <ele>35.200000762939453125</ele>
        <time>2026-08-20T11:13:03.000Z</time>
        <extensions>
          <ns3:TrackPointExtension>
            <ns3:hr>134</ns3:hr>
            <ns3:cad>84</ns3:cad>
          </ns3:TrackPointExtension>
        </extensions>
      </trkpt>
      <trkpt lat="39.9775966443121433258056640625" lon="116.50738346390426158905029296875">
        <ele>35.200000762939453125</ele>
        <time>2026-08-20T11:13:04.000Z</time>
        <extensions>
          <ns3:TrackPointExtension>
            <ns3:hr>134</ns3:hr>
            <ns3:cad>83</ns3:cad>
          </ns3:TrackPointExtension>
        </extensions>
      </trkpt>
      <trkpt lat="39.9776221252977848052978515625" lon="116.50740073062479496002197265625">
        <ele>35.200000762939453125</ele>
        <time>2026-08-20T11:13:05.000Z</time>
        <extensions>
          <ns3:TrackPointExtension>
            <ns3:hr>134</ns3:hr>
            <ns3:cad>83</ns3:cad>
          </ns3:TrackPointExtension>
        </extensions>
      </trkpt>
      <trkpt lat="39.9776398949325084686279296875" lon="116.50740827433764934539794921875">
        <ele>35</ele>
        <time>2026-08-20T11:13:06.000Z</time>
        <extensions>
          <ns3:TrackPointExtension>
            <ns3:hr>134</ns3:hr>
            <ns3:cad>85</ns3:cad>
          </ns3:TrackPointExtension>
        </extensions>
      </trkpt>
      <trkpt lat="39.97766344808042049407958984375" lon="116.5074199251830577850341796875">
        <ele>35</ele>
        <time>2026-08-20T11:13:07.000Z</time>
        <extensions>
          <ns3:TrackPointExtension>
            <ns3:hr>133</ns3:hr>
            <ns3:cad>85</ns3:cad>
          </ns3:TrackPointExtension>
        </extensions>
      </trkpt>
      <trkpt lat="39.9776883423328399658203125" lon="116.5074286423623561859130859375">
        <ele>35</ele>
        <time>2026-08-20T11:13:08.000Z</time>
        <extensions>
          <ns3:TrackPointExtension>
            <ns3:hr>134</ns3:hr>
            <ns3:cad>85</ns3:cad>
          </ns3:TrackPointExtension>
        </extensions>
      </trkpt>
      <trkpt lat="39.97771021910011768341064453125" lon="116.5074340067803859710693359375">
        <ele>35</ele>
        <time>2026-08-20T11:13:09.000Z</time>
        <extensions>
          <ns3:TrackPointExtension>
            <ns3:hr>134</ns3:hr>
            <ns3:cad>85</ns3:cad>
          </ns3:TrackPointExtension>
        </extensions>
      </trkpt>
      <trkpt lat="39.97773570008575916290283203125" lon="116.5074464119970798492431640625">
        <ele>35</ele>
        <time>2026-08-20T11:13:10.000Z</time>
        <extensions>
          <ns3:TrackPointExtension>
            <ns3:hr>134</ns3:hr>
            <ns3:cad>84</ns3:cad>
          </ns3:TrackPointExtension>
        </extensions>
      </trkpt>
      <trkpt lat="39.9777580797672271728515625" lon="116.50745697319507598876953125">
        <ele>35</ele>
        <time>2026-08-20T11:13:11.000Z</time>
        <extensions>
          <ns3:TrackPointExtension>
            <ns3:hr>134</ns3:hr>
            <ns3:cad>84</ns3:cad>
          </ns3:TrackPointExtension>
        </extensions>
      </trkpt>
      <trkpt lat="39.977779202163219451904296875" lon="116.50746024213731288909912109375">
        <ele>35.200000762939453125</ele>
        <time>2026-08-20T11:13:12.000Z</time>
        <extensions>
          <ns3:TrackPointExtension>
            <ns3:hr>134</ns3:hr>
            <ns3:cad>84</ns3:cad>
          </ns3:TrackPointExtension>
        </extensions>
      </trkpt>
      <trkpt lat="39.97780242003500461578369140625" lon="116.50747247971594333648681640625">
        <ele>35</ele>
        <time>2026-08-20T11:13:13.000Z</time>
        <extensions>
          <ns3:TrackPointExtension>
            <ns3:hr>133</ns3:hr>
            <ns3:cad>85</ns3:cad>
          </ns3:TrackPointExtension>
        </extensions>
      </trkpt>
      <trkpt lat="39.97782018966972827911376953125" lon="116.5074765868484973907470703125">
        <ele>35</ele>
        <time>2026-08-20T11:13:14.000Z</time>
        <extensions>
          <ns3:TrackPointExtension>
            <ns3:hr>134</ns3:hr>
            <ns3:cad>85</ns3:cad>
          </ns3:TrackPointExtension>
        </extensions>
      </trkpt>
      <trkpt lat="39.97784650884568691253662109375" lon="116.50748706422746181488037109375">
        <ele>35</ele>
        <time>2026-08-20T11:13:15.000Z</time>
        <extensions>
          <ns3:TrackPointExtension>
            <ns3:hr>134</ns3:hr>
            <ns3:cad>85</ns3:cad>
          </ns3:TrackPointExtension>
        </extensions>
      </trkpt>
      <trkpt lat="39.9778618477284908294677734375" lon="116.50749527849256992340087890625">
        <ele>35</ele>
        <time>2026-08-20T11:13:16.000Z</time>
        <extensions>
          <ns3:TrackPointExtension>
            <ns3:hr>134</ns3:hr>
            <ns3:cad>85</ns3:cad>
          </ns3:TrackPointExtension>
        </extensions>
      </trkpt>
      <trkpt lat="39.97788615524768829345703125" lon="116.5075027383863925933837890625">
        <ele>34.799999237060546875</ele>
        <time>2026-08-20T11:13:17.000Z</time>
        <extensions>
          <ns3:TrackPointExtension>
            <ns3:hr>134</ns3:hr>
            <ns3:cad>85</ns3:cad>
          </ns3:TrackPointExtension>
        </extensions>
      </trkpt>
      <trkpt lat="39.9779097922146320343017578125" lon="116.50751153938472270965576171875">
        <ele>34.799999237060546875</ele>
        <time>2026-08-20T11:13:18.000Z</time>
        <extensions>
          <ns3:TrackPointExtension>
            <ns3:hr>134</ns3:hr>
            <ns3:cad>84</ns3:cad>
          </ns3:TrackPointExtension>
        </extensions>
      </trkpt>
      <trkpt lat="39.9779275618493556976318359375" lon="116.50751237757503986358642578125">
        <ele>34.799999237060546875</ele>
        <time>2026-08-20T11:13:19.000Z</time>
        <extensions>
          <ns3:TrackPointExtension>
            <ns3:hr>134</ns3:hr>
            <ns3:cad>84</ns3:cad>
          </ns3:TrackPointExtension>
        </extensions>
      </trkpt>
      <trkpt lat="39.9779550544917583465576171875" lon="116.50752595625817775726318359375">
        <ele>34.799999237060546875</ele>
        <time>2026-08-20T11:13:20.000Z</time>
        <extensions>
          <ns3:TrackPointExtension>
            <ns3:hr>134</ns3:hr>
            <ns3:cad>84</ns3:cad>
          </ns3:TrackPointExtension>
        </extensions>
      </trkpt>
      <trkpt lat="39.9779721535742282867431640625" lon="116.50752604007720947265625">
        <ele>34.59999847412109375</ele>
        <time>2026-08-20T11:13:21.000Z</time>
        <extensions>
          <ns3:TrackPointExtension>
            <ns3:hr>134</ns3:hr>
            <ns3:cad>84</ns3:cad>
          </ns3:TrackPointExtension>
        </extensions>
      </trkpt>
      <trkpt lat="39.97799478471279144287109375" lon="116.50753115303814411163330078125">
        <ele>34.59999847412109375</ele>
        <time>2026-08-20T11:13:22.000Z</time>
        <extensions>
          <ns3:TrackPointExtension>
            <ns3:hr>134</ns3:hr>
            <ns3:cad>84</ns3:cad>
          </ns3:TrackPointExtension>
        </extensions>
      </trkpt>
      <trkpt lat="39.9780177511274814605712890625" lon="116.50754121132194995880126953125">
        <ele>34.40000152587890625</ele>
        <time>2026-08-20T11:13:23.000Z</time>
        <extensions>
          <ns3:TrackPointExtension>
            <ns3:hr>134</ns3:hr>
            <ns3:cad>84</ns3:cad>
          </ns3:TrackPointExtension>
        </extensions>
      </trkpt>
      <trkpt lat="39.9780422262847423553466796875" lon="116.50754774920642375946044921875">
        <ele>34.40000152587890625</ele>
        <time>2026-08-20T11:13:24.000Z</time>
        <extensions>
          <ns3:TrackPointExtension>
            <ns3:hr>134</ns3:hr>
            <ns3:cad>83</ns3:cad>
          </ns3:TrackPointExtension>
        </extensions>
      </trkpt>
      <trkpt lat="39.9780656956136226654052734375" lon="116.50755889713764190673828125">
        <ele>34.40000152587890625</ele>
        <time>2026-08-20T11:13:25.000Z</time>
        <extensions>
          <ns3:TrackPointExtension>
            <ns3:hr>134</ns3:hr>
            <ns3:cad>83</ns3:cad>
          </ns3:TrackPointExtension>
        </extensions>
      </trkpt>
      <trkpt lat="39.97808489017188549041748046875" lon="116.50755981914699077606201171875">
        <ele>34.40000152587890625</ele>
        <time>2026-08-20T11:13:26.000Z</time>
        <extensions>
          <ns3:TrackPointExtension>
            <ns3:hr>134</ns3:hr>
            <ns3:cad>84</ns3:cad>
          </ns3:TrackPointExtension>
        </extensions>
      </trkpt>
      <trkpt lat="39.97811372391879558563232421875" lon="116.507569961249828338623046875">
        <ele>34.200000762939453125</ele>
        <time>2026-08-20T11:13:27.000Z</time>
        <extensions>
          <ns3:TrackPointExtension>
            <ns3:hr>134</ns3:hr>
            <ns3:cad>84</ns3:cad>
          </ns3:TrackPointExtension>
        </extensions>
      </trkpt>
      <trkpt lat="39.97813425958156585693359375" lon="116.50758731178939342498779296875">
        <ele>34.200000762939453125</ele>
        <time>2026-08-20T11:13:28.000Z</time>
        <extensions>
          <ns3:TrackPointExtension>
            <ns3:hr>134</ns3:hr>
            <ns3:cad>84</ns3:cad>
          </ns3:TrackPointExtension>
        </extensions>
      </trkpt>
      <trkpt lat="39.97815378941595554351806640625" lon="116.50759586133062839508056640625">
        <ele>34.200000762939453125</ele>
        <time>2026-08-20T11:13:29.000Z</time>
        <extensions>
          <ns3:TrackPointExtension>
            <ns3:hr>134</ns3:hr>
            <ns3:cad>84</ns3:cad>
          </ns3:TrackPointExtension>
        </extensions>
      </trkpt>
      <trkpt lat="39.97817717492580413818359375" lon="116.50761178694665431976318359375">
        <ele>34</ele>
        <time>2026-08-20T11:13:30.000Z</time>
        <extensions>
          <ns3:TrackPointExtension>
            <ns3:hr>134</ns3:hr>
            <ns3:cad>84</ns3:cad>
          </ns3:TrackPointExtension>
        </extensions>
      </trkpt>
      <trkpt lat="39.97819335199892520904541015625" lon="116.507614552974700927734375">
        <ele>34</ele>
        <time>2026-08-20T11:13:31.000Z</time>
        <extensions>
          <ns3:TrackPointExtension>
            <ns3:hr>134</ns3:hr>
            <ns3:cad>84</ns3:cad>
          </ns3:TrackPointExtension>
        </extensions>
      </trkpt>
      <trkpt lat="39.97821715660393238067626953125" lon="116.50762586854398250579833984375">
        <ele>34</ele>
        <time>2026-08-20T11:13:32.000Z</time>
        <extensions>
          <ns3:TrackPointExtension>
            <ns3:hr>134</ns3:hr>
            <ns3:cad>84</ns3:cad>
          </ns3:TrackPointExtension>
        </extensions>
      </trkpt>
      <trkpt lat="39.9782340042293071746826171875" lon="116.50763156823813915252685546875">
        <ele>33.799999237060546875</ele>
        <time>2026-08-20T11:13:33.000Z</time>
        <extensions>
          <ns3:TrackPointExtension>
            <ns3:hr>135</ns3:hr>
            <ns3:cad>84</ns3:cad>
          </ns3:TrackPointExtension>
        </extensions>
      </trkpt>
      <trkpt lat="39.97825856320559978485107421875" lon="116.5076388604938983917236328125">
        <ele>33.799999237060546875</ele>
        <time>2026-08-20T11:13:34.000Z</time>
        <extensions>
          <ns3:TrackPointExtension>
            <ns3:hr>134</ns3:hr>
            <ns3:cad>84</ns3:cad>
          </ns3:TrackPointExtension>
        </extensions>
      </trkpt>
      <trkpt lat="39.9782839603722095489501953125" lon="116.50764648802578449249267578125">
        <ele>33.799999237060546875</ele>
        <time>2026-08-20T11:13:35.000Z</time>
        <extensions>
          <ns3:TrackPointExtension>
            <ns3:hr>134</ns3:hr>
            <ns3:cad>84</ns3:cad>
          </ns3:TrackPointExtension>
        </extensions>
      </trkpt>
      <trkpt lat="39.9783047474920749664306640625" lon="116.5076507627964019775390625">
        <ele>33.799999237060546875</ele>
        <time>2026-08-20T11:13:36.000Z</time>
        <extensions>
          <ns3:TrackPointExtension>
            <ns3:hr>135</ns3:hr>
            <ns3:cad>84</ns3:cad>
          </ns3:TrackPointExtension>
        </extensions>
      </trkpt>
      <trkpt lat="39.97833098284900188446044921875" lon="116.50766543112695217132568359375">
        <ele>33.799999237060546875</ele>
        <time>2026-08-20T11:13:37.000Z</time>
        <extensions>
          <ns3:TrackPointExtension>
            <ns3:hr>135</ns3:hr>
            <ns3:cad>85</ns3:cad>
          </ns3:TrackPointExtension>
        </extensions>
      </trkpt>
      <trkpt lat="39.97834908775985240936279296875" lon="116.5076703764498233795166015625">
        <ele>33.799999237060546875</ele>
        <time>2026-08-20T11:13:38.000Z</time>
        <extensions>
          <ns3:TrackPointExtension>
            <ns3:hr>135</ns3:hr>
            <ns3:cad>85</ns3:cad>
          </ns3:TrackPointExtension>
        </extensions>
      </trkpt>
      <trkpt lat="39.97837490402162075042724609375" lon="116.50768890045583248138427734375">
        <ele>33.799999237060546875</ele>
        <time>2026-08-20T11:13:39.000Z</time>
        <extensions>
          <ns3:TrackPointExtension>
            <ns3:hr>135</ns3:hr>
            <ns3:cad>86</ns3:cad>
          </ns3:TrackPointExtension>
        </extensions>
      </trkpt>
      <trkpt lat="39.97839636169373989105224609375" lon="116.507705748081207275390625">
        <ele>33.799999237060546875</ele>
        <time>2026-08-20T11:13:40.000Z</time>
        <extensions>
          <ns3:TrackPointExtension>
            <ns3:hr>135</ns3:hr>
            <ns3:cad>86</ns3:cad>
          </ns3:TrackPointExtension>
        </extensions>
      </trkpt>
      <trkpt lat="39.978412874042987823486328125" lon="116.50772058404982089996337890625">
        <ele>33.799999237060546875</ele>
        <time>2026-08-20T11:13:41.000Z</time>
        <extensions>
          <ns3:TrackPointExtension>
            <ns3:hr>135</ns3:hr>
            <ns3:cad>85</ns3:cad>
          </ns3:TrackPointExtension>
        </extensions>
      </trkpt>
      <trkpt lat="39.978429973125457763671875" lon="116.50774623267352581024169921875">
        <ele>33.799999237060546875</ele>
        <time>2026-08-20T11:13:42.000Z</time>
        <extensions>
          <ns3:TrackPointExtension>
            <ns3:hr>135</ns3:hr>
            <ns3:cad>85</ns3:cad>
          </ns3:TrackPointExtension>
        </extensions>
      </trkpt>
      <trkpt lat="39.9784435518085956573486328125" lon="116.507762409746646881103515625">
        <ele>34</ele>
        <time>2026-08-20T11:13:43.000Z</time>
        <extensions>
          <ns3:TrackPointExtension>
            <ns3:hr>136</ns3:hr>
            <ns3:cad>85</ns3:cad>
          </ns3:TrackPointExtension>
        </extensions>
      </trkpt>
      <trkpt lat="39.97846257872879505157470703125" lon="116.50779199786484241485595703125">
        <ele>34</ele>
        <time>2026-08-20T11:13:44.000Z</time>
        <extensions>
          <ns3:TrackPointExtension>
            <ns3:hr>137</ns3:hr>
            <ns3:cad>84</ns3:cad>
          </ns3:TrackPointExtension>
        </extensions>
      </trkpt>
      <trkpt lat="39.97847666032612323760986328125" lon="116.50781496427953243255615234375">
        <ele>33.799999237060546875</ele>
        <time>2026-08-20T11:13:45.000Z</time>
        <extensions>
          <ns3:TrackPointExtension>
            <ns3:hr>137</ns3:hr>
            <ns3:cad>83</ns3:cad>
          </ns3:TrackPointExtension>
        </extensions>
      </trkpt>
      <trkpt lat="39.97849141247570514678955078125" lon="116.50783357210457324981689453125">
        <ele>33.799999237060546875</ele>
        <time>2026-08-20T11:13:46.000Z</time>
        <extensions>
          <ns3:TrackPointExtension>
            <ns3:hr>138</ns3:hr>
            <ns3:cad>83</ns3:cad>
          </ns3:TrackPointExtension>
        </extensions>
      </trkpt>
      <trkpt lat="39.9785072542726993560791015625" lon="116.5078634954988956451416015625">
        <ele>33.59999847412109375</ele>
        <time>2026-08-20T11:13:47.000Z</time>
        <extensions>
          <ns3:TrackPointExtension>
            <ns3:hr>138</ns3:hr>
            <ns3:cad>83</ns3:cad>
          </ns3:TrackPointExtension>
        </extensions>
      </trkpt>
      <trkpt lat="39.97851706109941005706787109375" lon="116.50788570754230022430419921875">
        <ele>33.59999847412109375</ele>
        <time>2026-08-20T11:13:48.000Z</time>
        <extensions>
          <ns3:TrackPointExtension>
            <ns3:hr>139</ns3:hr>
            <ns3:cad>83</ns3:cad>
          </ns3:TrackPointExtension>
        </extensions>
      </trkpt>
      <trkpt lat="39.97853617183864116668701171875" lon="116.5079198218882083892822265625">
        <ele>33.59999847412109375</ele>
        <time>2026-08-20T11:13:49.000Z</time>
        <extensions>
          <ns3:TrackPointExtension>
            <ns3:hr>139</ns3:hr>
            <ns3:cad>83</ns3:cad>
          </ns3:TrackPointExtension>
        </extensions>
      </trkpt>
      <trkpt lat="39.97855276800692081451416015625" lon="116.507945470511913299560546875">
        <ele>33.59999847412109375</ele>
        <time>2026-08-20T11:13:50.000Z</time>
        <extensions>
          <ns3:TrackPointExtension>
            <ns3:hr>140</ns3:hr>
            <ns3:cad>83</ns3:cad>
          </ns3:TrackPointExtension>
        </extensions>
      </trkpt>
      <trkpt lat="39.9785696156322956085205078125" lon="116.50796617381274700164794921875">
        <ele>33.59999847412109375</ele>
        <time>2026-08-20T11:13:51.000Z</time>
        <extensions>
          <ns3:TrackPointExtension>
            <ns3:hr>142</ns3:hr>
            <ns3:cad>83</ns3:cad>
          </ns3:TrackPointExtension>
        </extensions>
      </trkpt>
      <trkpt lat="39.9785900674760341644287109375" lon="116.50799073278903961181640625">
        <ele>33.59999847412109375</ele>
        <time>2026-08-20T11:13:52.000Z</time>
        <extensions>
          <ns3:TrackPointExtension>
            <ns3:hr>142</ns3:hr>
            <ns3:cad>84</ns3:cad>
          </ns3:TrackPointExtension>
        </extensions>
      </trkpt>
      <trkpt lat="39.97860808856785297393798828125" lon="116.508008502423763275146484375">
        <ele>33.59999847412109375</ele>
        <time>2026-08-20T11:13:53.000Z</time>
        <extensions>
          <ns3:TrackPointExtension>
            <ns3:hr>143</ns3:hr>
            <ns3:cad>85</ns3:cad>
          </ns3:TrackPointExtension>
        </extensions>
      </trkpt>
      <trkpt lat="39.97862870804965496063232421875" lon="116.508045382797718048095703125">
        <ele>33.59999847412109375</ele>
        <time>2026-08-20T11:13:54.000Z</time>
        <extensions>
          <ns3:TrackPointExtension>
            <ns3:hr>143</ns3:hr>
            <ns3:cad>85</ns3:cad>
          </ns3:TrackPointExtension>
        </extensions>
      </trkpt>
      <trkpt lat="39.97864480130374431610107421875" lon="116.50806491263210773468017578125">
        <ele>33.59999847412109375</ele>
        <time>2026-08-20T11:13:55.000Z</time>
        <extensions>
          <ns3:TrackPointExtension>
            <ns3:hr>143</ns3:hr>
            <ns3:cad>85</ns3:cad>
          </ns3:TrackPointExtension>
        </extensions>
      </trkpt>
      <trkpt lat="39.97865972109138965606689453125" lon="116.508087627589702606201171875">
        <ele>33.59999847412109375</ele>
        <time>2026-08-20T11:13:56.000Z</time>
        <extensions>
          <ns3:TrackPointExtension>
            <ns3:hr>143</ns3:hr>
            <ns3:cad>85</ns3:cad>
          </ns3:TrackPointExtension>
        </extensions>
      </trkpt>
      <trkpt lat="39.9786748923361301422119140625" lon="116.50811302475631237030029296875">
        <ele>33.59999847412109375</ele>
        <time>2026-08-20T11:13:57.000Z</time>
        <extensions>
          <ns3:TrackPointExtension>
            <ns3:hr>143</ns3:hr>
            <ns3:cad>85</ns3:cad>
          </ns3:TrackPointExtension>
        </extensions>
      </trkpt>
      <trkpt lat="39.97868319042026996612548828125" lon="116.5081263519823551177978515625">
        <ele>33.59999847412109375</ele>
        <time>2026-08-20T11:13:58.000Z</time>
        <extensions>
          <ns3:TrackPointExtension>
            <ns3:hr>143</ns3:hr>
            <ns3:cad>84</ns3:cad>
          </ns3:TrackPointExtension>
        </extensions>
      </trkpt>
      <trkpt lat="39.97870129533112049102783203125" lon="116.5081531740725040435791015625">
        <ele>33.59999847412109375</ele>
        <time>2026-08-20T11:13:59.000Z</time>
        <extensions>
          <ns3:TrackPointExtension>
            <ns3:hr>143</ns3:hr>
            <ns3:cad>84</ns3:cad>
          </ns3:TrackPointExtension>
        </extensions>
      </trkpt>
      <trkpt lat="39.9787137843668460845947265625" lon="116.50817756541073322296142578125">
        <ele>33.59999847412109375</ele>
        <time>2026-08-20T11:14:00.000Z</time>
        <extensions>
          <ns3:TrackPointExtension>
            <ns3:hr>143</ns3:hr>
            <ns3:cad>85</ns3:cad>
          </ns3:TrackPointExtension>
        </extensions>
      </trkpt>
      <trkpt lat="39.978728033602237701416015625" lon="116.5081981010735034942626953125">
        <ele>33.59999847412109375</ele>
        <time>2026-08-20T11:14:01.000Z</time>
        <extensions>
          <ns3:TrackPointExtension>
            <ns3:hr>143</ns3:hr>
            <ns3:cad>85</ns3:cad>
          </ns3:TrackPointExtension>
        </extensions>
      </trkpt>
      <trkpt lat="39.97874538414180278778076171875" lon="116.50822383351624011993408203125">
        <ele>33.59999847412109375</ele>
        <time>2026-08-20T11:14:02.000Z</time>
        <extensions>
          <ns3:TrackPointExtension>
            <ns3:hr>143</ns3:hr>
            <ns3:cad>85</ns3:cad>
          </ns3:TrackPointExtension>
        </extensions>
      </trkpt>
      <trkpt lat="39.97875778935849666595458984375" lon="116.5082413516938686370849609375">
        <ele>33.59999847412109375</ele>
        <time>2026-08-20T11:14:03.000Z</time>
        <extensions>
          <ns3:TrackPointExtension>
            <ns3:hr>144</ns3:hr>
            <ns3:cad>84</ns3:cad>
          </ns3:TrackPointExtension>
        </extensions>
      </trkpt>
      <trkpt lat="39.97877740301191806793212890625" lon="116.50827026925981044769287109375">
        <ele>33.59999847412109375</ele>
        <time>2026-08-20T11:14:04.000Z</time>
        <extensions>
          <ns3:TrackPointExtension>
            <ns3:hr>144</ns3:hr>
            <ns3:cad>83</ns3:cad>
          </ns3:TrackPointExtension>
        </extensions>
      </trkpt>
      <trkpt lat="39.978793077170848846435546875" lon="116.50829382240772247314453125">
        <ele>33.59999847412109375</ele>
        <time>2026-08-20T11:14:05.000Z</time>
        <extensions>
          <ns3:TrackPointExtension>
            <ns3:hr>144</ns3:hr>
            <ns3:cad>82</ns3:cad>
          </ns3:TrackPointExtension>
        </extensions>
      </trkpt>
      <trkpt lat="39.97880321927368640899658203125" lon="116.5083181299269199371337890625">
        <ele>33.59999847412109375</ele>
        <time>2026-08-20T11:14:06.000Z</time>
        <extensions>
          <ns3:TrackPointExtension>
            <ns3:hr>144</ns3:hr>
            <ns3:cad>83</ns3:cad>
          </ns3:TrackPointExtension>
        </extensions>
      </trkpt>
      <trkpt lat="39.97882065363228321075439453125" lon="116.50834654457867145538330078125">
        <ele>33.59999847412109375</ele>
        <time>2026-08-20T11:14:07.000Z</time>
        <extensions>
          <ns3:TrackPointExtension>
            <ns3:hr>144</ns3:hr>
            <ns3:cad>84</ns3:cad>
          </ns3:TrackPointExtension>
        </extensions>
      </trkpt>
      <trkpt lat="39.97883163392543792724609375" lon="116.50836355984210968017578125">
        <ele>33.799999237060546875</ele>
        <time>2026-08-20T11:14:08.000Z</time>
        <extensions>
          <ns3:TrackPointExtension>
            <ns3:hr>144</ns3:hr>
            <ns3:cad>84</ns3:cad>
          </ns3:TrackPointExtension>
        </extensions>
      </trkpt>
      <trkpt lat="39.9788524210453033447265625" lon="116.5083875320851802825927734375">
        <ele>33.799999237060546875</ele>
        <time>2026-08-20T11:14:09.000Z</time>
        <extensions>
          <ns3:TrackPointExtension>
            <ns3:hr>144</ns3:hr>
            <ns3:cad>84</ns3:cad>
          </ns3:TrackPointExtension>
        </extensions>
      </trkpt>
      <trkpt lat="39.97886474244296550750732421875" lon="116.5084069781005382537841796875">
        <ele>33.799999237060546875</ele>
        <time>2026-08-20T11:14:10.000Z</time>
        <extensions>
          <ns3:TrackPointExtension>
            <ns3:hr>144</ns3:hr>
            <ns3:cad>84</ns3:cad>
          </ns3:TrackPointExtension>
        </extensions>
      </trkpt>
      <trkpt lat="39.9788790754973888397216796875" lon="116.508422903716564178466796875">
        <ele>33.799999237060546875</ele>
        <time>2026-08-20T11:14:11.000Z</time>
        <extensions>
          <ns3:TrackPointExtension>
            <ns3:hr>145</ns3:hr>
            <ns3:cad>83</ns3:cad>
          </ns3:TrackPointExtension>
        </extensions>
      </trkpt>
      <trkpt lat="39.978895001113414764404296875" lon="116.50844159536063671112060546875">
        <ele>33.799999237060546875</ele>
        <time>2026-08-20T11:14:12.000Z</time>
        <extensions>
          <ns3:TrackPointExtension>
            <ns3:hr>145</ns3:hr>
            <ns3:cad>84</ns3:cad>
          </ns3:TrackPointExtension>
        </extensions>
      </trkpt>
      <trkpt lat="39.978911094367504119873046875" lon="116.50845534168183803558349609375">
        <ele>33.799999237060546875</ele>
        <time>2026-08-20T11:14:13.000Z</time>
        <extensions>
          <ns3:TrackPointExtension>
            <ns3:hr>145</ns3:hr>
            <ns3:cad>84</ns3:cad>
          </ns3:TrackPointExtension>
        </extensions>
      </trkpt>
      <trkpt lat="39.97892911545932292938232421875" lon="116.5084690041840076446533203125">
        <ele>33.799999237060546875</ele>
        <time>2026-08-20T11:14:14.000Z</time>
        <extensions>
          <ns3:TrackPointExtension>
            <ns3:hr>144</ns3:hr>
            <ns3:cad>84</ns3:cad>
          </ns3:TrackPointExtension>
        </extensions>
      </trkpt>
      <trkpt lat="39.97895342297852039337158203125" lon="116.50849104858934879302978515625">
        <ele>33.799999237060546875</ele>
        <time>2026-08-20T11:14:15.000Z</time>
        <extensions>
          <ns3:TrackPointExtension>
            <ns3:hr>145</ns3:hr>
            <ns3:cad>84</ns3:cad>
          </ns3:TrackPointExtension>
        </extensions>
      </trkpt>
      <trkpt lat="39.97897353954613208770751953125" lon="116.50850546546280384063720703125">
        <ele>33.799999237060546875</ele>
        <time>2026-08-20T11:14:16.000Z</time>
        <extensions>
          <ns3:TrackPointExtension>
            <ns3:hr>145</ns3:hr>
            <ns3:cad>83</ns3:cad>
          </ns3:TrackPointExtension>
        </extensions>
      </trkpt>
      <trkpt lat="39.979004301130771636962890625" lon="116.50852357037365436553955078125">
        <ele>33.799999237060546875</ele>
        <time>2026-08-20T11:14:17.000Z</time>
        <extensions>
          <ns3:TrackPointExtension>
            <ns3:hr>144</ns3:hr>
            <ns3:cad>83</ns3:cad>
          </ns3:TrackPointExtension>
        </extensions>
      </trkpt>
      <trkpt lat="39.97902232222259044647216796875" lon="116.50853010825812816619873046875">
        <ele>33.799999237060546875</ele>
        <time>2026-08-20T11:14:18.000Z</time>
        <extensions>
          <ns3:TrackPointExtension>
            <ns3:hr>145</ns3:hr>
            <ns3:cad>83</ns3:cad>
          </ns3:TrackPointExtension>
        </extensions>
      </trkpt>
      <trkpt lat="39.97904579155147075653076171875" lon="116.5085397474467754364013671875">
        <ele>33.799999237060546875</ele>
        <time>2026-08-20T11:14:19.000Z</time>
        <extensions>
          <ns3:TrackPointExtension>
            <ns3:hr>144</ns3:hr>
            <ns3:cad>84</ns3:cad>
          </ns3:TrackPointExtension>
        </extensions>
      </trkpt>
      <trkpt lat="39.9790643155574798583984375" lon="116.5085519850254058837890625">
        <ele>33.799999237060546875</ele>
        <time>2026-08-20T11:14:20.000Z</time>
        <extensions>
          <ns3:TrackPointExtension>
            <ns3:hr>145</ns3:hr>
            <ns3:cad>84</ns3:cad>
          </ns3:TrackPointExtension>
        </extensions>
      </trkpt>
      <trkpt lat="39.979084096848964691162109375" lon="116.508558690547943115234375">
        <ele>33.799999237060546875</ele>
        <time>2026-08-20T11:14:21.000Z</time>
        <extensions>
          <ns3:TrackPointExtension>
            <ns3:hr>145</ns3:hr>
            <ns3:cad>84</ns3:cad>
          </ns3:TrackPointExtension>
        </extensions>
      </trkpt>
      <trkpt lat="39.97911267913877964019775390625" lon="116.508571766316890716552734375">
        <ele>33.799999237060546875</ele>
        <time>2026-08-20T11:14:22.000Z</time>
        <extensions>
          <ns3:TrackPointExtension>
            <ns3:hr>145</ns3:hr>
            <ns3:cad>84</ns3:cad>
          </ns3:TrackPointExtension>
        </extensions>
      </trkpt>
      <trkpt lat="39.979130364954471588134765625" lon="116.5085739456117153167724609375">
        <ele>34</ele>
        <time>2026-08-20T11:14:23.000Z</time>
        <extensions>
          <ns3:TrackPointExtension>
            <ns3:hr>144</ns3:hr>
            <ns3:cad>84</ns3:cad>
          </ns3:TrackPointExtension>
        </extensions>
      </trkpt>
      <trkpt lat="39.979157187044620513916015625" lon="116.50857134722173213958740234375">
        <ele>34</ele>
        <time>2026-08-20T11:14:24.000Z</time>
        <extensions>
          <ns3:TrackPointExtension>
            <ns3:hr>144</ns3:hr>
            <ns3:cad>83</ns3:cad>
          </ns3:TrackPointExtension>
        </extensions>
      </trkpt>
      <trkpt lat="39.97918342240154743194580078125" lon="116.5085796453058719635009765625">
        <ele>34</ele>
        <time>2026-08-20T11:14:25.000Z</time>
        <extensions>
          <ns3:TrackPointExtension>
            <ns3:hr>144</ns3:hr>
            <ns3:cad>83</ns3:cad>
          </ns3:TrackPointExtension>
        </extensions>
      </trkpt>
      <trkpt lat="39.97920471243560314178466796875" lon="116.508579142391681671142578125">
        <ele>34</ele>
        <time>2026-08-20T11:14:26.000Z</time>
        <extensions>
          <ns3:TrackPointExtension>
            <ns3:hr>145</ns3:hr>
            <ns3:cad>84</ns3:cad>
          </ns3:TrackPointExtension>
        </extensions>
      </trkpt>
      <trkpt lat="39.97923807241022586822509765625" lon="116.508576460182666778564453125">
        <ele>34</ele>
        <time>2026-08-20T11:14:27.000Z</time>
        <extensions>
          <ns3:TrackPointExtension>
            <ns3:hr>144</ns3:hr>
            <ns3:cad>84</ns3:cad>
          </ns3:TrackPointExtension>
        </extensions>
      </trkpt>
      <trkpt lat="39.979260452091693878173828125" lon="116.50856916792690753936767578125">
        <ele>34</ele>
        <time>2026-08-20T11:14:28.000Z</time>
        <extensions>
          <ns3:TrackPointExtension>
            <ns3:hr>144</ns3:hr>
            <ns3:cad>84</ns3:cad>
          </ns3:TrackPointExtension>
        </extensions>
      </trkpt>
      <trkpt lat="39.9792867712676525115966796875" lon="116.5085573494434356689453125">
        <ele>34</ele>
        <time>2026-08-20T11:14:29.000Z</time>
        <extensions>
          <ns3:TrackPointExtension>
            <ns3:hr>144</ns3:hr>
            <ns3:cad>84</ns3:cad>
          </ns3:TrackPointExtension>
        </extensions>
      </trkpt>
      <trkpt lat="39.9793129228055477142333984375" lon="116.50854988954961299896240234375">
        <ele>34</ele>
        <time>2026-08-20T11:14:30.000Z</time>
        <extensions>
          <ns3:TrackPointExtension>
            <ns3:hr>144</ns3:hr>
            <ns3:cad>84</ns3:cad>
          </ns3:TrackPointExtension>
        </extensions>
      </trkpt>
      <trkpt lat="39.979331530630588531494140625" lon="116.50853698141872882843017578125">
        <ele>34</ele>
        <time>2026-08-20T11:14:31.000Z</time>
        <extensions>
          <ns3:TrackPointExtension>
            <ns3:hr>143</ns3:hr>
            <ns3:cad>84</ns3:cad>
          </ns3:TrackPointExtension>
        </extensions>
      </trkpt>
      <trkpt lat="39.97935793362557888031005859375" lon="116.5085273422300815582275390625">
        <ele>34</ele>
        <time>2026-08-20T11:14:32.000Z</time>
        <extensions>
          <ns3:TrackPointExtension>
            <ns3:hr>143</ns3:hr>
            <ns3:cad>84</ns3:cad>
          </ns3:TrackPointExtension>
        </extensions>
      </trkpt>
      <trkpt lat="39.97937117703258991241455078125" lon="116.50851535610854625701904296875">
        <ele>34.200000762939453125</ele>
        <time>2026-08-20T11:14:33.000Z</time>
        <extensions>
          <ns3:TrackPointExtension>
            <ns3:hr>143</ns3:hr>
            <ns3:cad>85</ns3:cad>
          </ns3:TrackPointExtension>
        </extensions>
      </trkpt>
      <trkpt lat="39.97939531691372394561767578125" lon="116.50849976576864719390869140625">
        <ele>34.200000762939453125</ele>
        <time>2026-08-20T11:14:34.000Z</time>
        <extensions>
          <ns3:TrackPointExtension>
            <ns3:hr>143</ns3:hr>
            <ns3:cad>85</ns3:cad>
          </ns3:TrackPointExtension>
        </extensions>
      </trkpt>
      <trkpt lat="39.97941627167165279388427734375" lon="116.50848953984677791595458984375">
        <ele>34.200000762939453125</ele>
        <time>2026-08-20T11:14:35.000Z</time>
        <extensions>
          <ns3:TrackPointExtension>
            <ns3:hr>143</ns3:hr>
            <ns3:cad>85</ns3:cad>
          </ns3:TrackPointExtension>
        </extensions>
      </trkpt>
      <trkpt lat="39.97943135909736156463623046875" lon="116.50847881101071834564208984375">
        <ele>34.200000762939453125</ele>
        <time>2026-08-20T11:14:36.000Z</time>
        <extensions>
          <ns3:TrackPointExtension>
            <ns3:hr>143</ns3:hr>
            <ns3:cad>84</ns3:cad>
          </ns3:TrackPointExtension>
        </extensions>
      </trkpt>
      <trkpt lat="39.97945650480687618255615234375" lon="116.5084619633853435516357421875">
        <ele>34.200000762939453125</ele>
        <time>2026-08-20T11:14:37.000Z</time>
        <extensions>
          <ns3:TrackPointExtension>
            <ns3:hr>144</ns3:hr>
            <ns3:cad>84</ns3:cad>
          </ns3:TrackPointExtension>
        </extensions>
      </trkpt>
      <trkpt lat="39.97947192750871181488037109375" lon="116.50845198892056941986083984375">
        <ele>34.200000762939453125</ele>
        <time>2026-08-20T11:14:38.000Z</time>
        <extensions>
          <ns3:TrackPointExtension>
            <ns3:hr>144</ns3:hr>
            <ns3:cad>83</ns3:cad>
          </ns3:TrackPointExtension>
        </extensions>
      </trkpt>
      <trkpt lat="39.9794934689998626708984375" lon="116.508438996970653533935546875">
        <ele>34.200000762939453125</ele>
        <time>2026-08-20T11:14:39.000Z</time>
        <extensions>
          <ns3:TrackPointExtension>
            <ns3:hr>144</ns3:hr>
            <ns3:cad>83</ns3:cad>
          </ns3:TrackPointExtension>
        </extensions>
      </trkpt>
      <trkpt lat="39.97951827943325042724609375" lon="116.50842365808784961700439453125">
        <ele>34.40000152587890625</ele>
        <time>2026-08-20T11:14:40.000Z</time>
        <extensions>
          <ns3:TrackPointExtension>
            <ns3:hr>144</ns3:hr>
            <ns3:cad>83</ns3:cad>
          </ns3:TrackPointExtension>
        </extensions>
      </trkpt>
      <trkpt lat="39.97953646816313266754150390625" lon="116.50841318070888519287109375">
        <ele>34.40000152587890625</ele>
        <time>2026-08-20T11:14:41.000Z</time>
        <extensions>
          <ns3:TrackPointExtension>
            <ns3:hr>144</ns3:hr>
            <ns3:cad>83</ns3:cad>
          </ns3:TrackPointExtension>
        </extensions>
      </trkpt>
      <trkpt lat="39.979563541710376739501953125" lon="116.50840069167315959930419921875">
        <ele>34.40000152587890625</ele>
        <time>2026-08-20T11:14:42.000Z</time>
        <extensions>
          <ns3:TrackPointExtension>
            <ns3:hr>144</ns3:hr>
            <ns3:cad>82</ns3:cad>
          </ns3:TrackPointExtension>
        </extensions>
      </trkpt>
      <trkpt lat="39.97958240099251270294189453125" lon="116.50839063338935375213623046875">
        <ele>34.200000762939453125</ele>
        <time>2026-08-20T11:14:43.000Z</time>
        <extensions>
          <ns3:TrackPointExtension>
            <ns3:hr>144</ns3:hr>
            <ns3:cad>82</ns3:cad>
          </ns3:TrackPointExtension>
        </extensions>
      </trkpt>
      <trkpt lat="39.97959480620920658111572265625" lon="116.5083768032491207122802734375">
        <ele>34.200000762939453125</ele>
        <time>2026-08-20T11:14:44.000Z</time>
        <extensions>
          <ns3:TrackPointExtension>
            <ns3:hr>145</ns3:hr>
            <ns3:cad>82</ns3:cad>
          </ns3:TrackPointExtension>
        </extensions>
      </trkpt>
      <trkpt lat="39.9796220473945140838623046875" lon="116.5083615481853485107421875">
        <ele>34.200000762939453125</ele>
        <time>2026-08-20T11:14:45.000Z</time>
        <extensions>
          <ns3:TrackPointExtension>
            <ns3:hr>145</ns3:hr>
            <ns3:cad>83</ns3:cad>
          </ns3:TrackPointExtension>
        </extensions>
      </trkpt>
      <trkpt lat="39.97964342124760150909423828125" lon="116.50834905914962291717529296875">
        <ele>34.200000762939453125</ele>
        <time>2026-08-20T11:14:46.000Z</time>
        <extensions>
          <ns3:TrackPointExtension>
            <ns3:hr>145</ns3:hr>
            <ns3:cad>84</ns3:cad>
          </ns3:TrackPointExtension>
        </extensions>
      </trkpt>
      <trkpt lat="39.97966445982456207275390625" lon="116.5083315409719944000244140625">
        <ele>34.200000762939453125</ele>
        <time>2026-08-20T11:14:47.000Z</time>
        <extensions>
          <ns3:TrackPointExtension>
            <ns3:hr>145</ns3:hr>
            <ns3:cad>84</ns3:cad>
          </ns3:TrackPointExtension>
        </extensions>
      </trkpt>
      <trkpt lat="39.97968499548733234405517578125" lon="116.50831125676631927490234375">
        <ele>34.200000762939453125</ele>
        <time>2026-08-20T11:14:48.000Z</time>
        <extensions>
          <ns3:TrackPointExtension>
            <ns3:hr>146</ns3:hr>
            <ns3:cad>84</ns3:cad>
          </ns3:TrackPointExtension>
        </extensions>
      </trkpt>
      <trkpt lat="39.97969840653240680694580078125" lon="116.50829306803643703460693359375">
        <ele>34.40000152587890625</ele>
        <time>2026-08-20T11:14:49.000Z</time>
        <extensions>
          <ns3:TrackPointExtension>
            <ns3:hr>146</ns3:hr>
            <ns3:cad>83</ns3:cad>
          </ns3:TrackPointExtension>
        </extensions>
      </trkpt>
      <trkpt lat="39.97971852310001850128173828125" lon="116.5082711912691593170166015625">
        <ele>34.40000152587890625</ele>
        <time>2026-08-20T11:14:50.000Z</time>
        <extensions>
          <ns3:TrackPointExtension>
            <ns3:hr>146</ns3:hr>
            <ns3:cad>82</ns3:cad>
          </ns3:TrackPointExtension>
        </extensions>
      </trkpt>
      <trkpt lat="39.97973277233541011810302734375" lon="116.508252583444118499755859375">
        <ele>34.40000152587890625</ele>
        <time>2026-08-20T11:14:51.000Z</time>
        <extensions>
          <ns3:TrackPointExtension>
            <ns3:hr>147</ns3:hr>
            <ns3:cad>82</ns3:cad>
          </ns3:TrackPointExtension>
        </extensions>
      </trkpt>
      <trkpt lat="39.97975003905594348907470703125" lon="116.50823623873293399810791015625">
        <ele>34.200000762939453125</ele>
        <time>2026-08-20T11:14:52.000Z</time>
        <extensions>
          <ns3:TrackPointExtension>
            <ns3:hr>147</ns3:hr>
            <ns3:cad>83</ns3:cad>
          </ns3:TrackPointExtension>
        </extensions>
      </trkpt>
      <trkpt lat="39.97977384366095066070556640625" lon="116.5082220733165740966796875">
        <ele>34.200000762939453125</ele>
        <time>2026-08-20T11:14:53.000Z</time>
        <extensions>
          <ns3:TrackPointExtension>
            <ns3:hr>147</ns3:hr>
            <ns3:cad>83</ns3:cad>
          </ns3:TrackPointExtension>
        </extensions>
      </trkpt>
      <trkpt lat="39.97978641651570796966552734375" lon="116.50820530951023101806640625">
        <ele>34.200000762939453125</ele>
        <time>2026-08-20T11:14:54.000Z</time>
        <extensions>
          <ns3:TrackPointExtension>
            <ns3:hr>147</ns3:hr>
            <ns3:cad>83</ns3:cad>
          </ns3:TrackPointExtension>
        </extensions>
      </trkpt>
      <trkpt lat="39.97980971820652484893798828125" lon="116.50818494148552417755126953125">
        <ele>34.200000762939453125</ele>
        <time>2026-08-20T11:14:55.000Z</time>
        <extensions>
          <ns3:TrackPointExtension>
            <ns3:hr>147</ns3:hr>
            <ns3:cad>83</ns3:cad>
          </ns3:TrackPointExtension>
        </extensions>
      </trkpt>
      <trkpt lat="39.9798302538692951202392578125" lon="116.508168093860149383544921875">
        <ele>34.200000762939453125</ele>
        <time>2026-08-20T11:14:56.000Z</time>
        <extensions>
          <ns3:TrackPointExtension>
            <ns3:hr>147</ns3:hr>
            <ns3:cad>83</ns3:cad>
          </ns3:TrackPointExtension>
        </extensions>
      </trkpt>
      <trkpt lat="39.97984349727630615234375" lon="116.508152671158313751220703125">
        <ele>34.200000762939453125</ele>
        <time>2026-08-20T11:14:57.000Z</time>
        <extensions>
          <ns3:TrackPointExtension>
            <ns3:hr>146</ns3:hr>
            <ns3:cad>83</ns3:cad>
          </ns3:TrackPointExtension>
        </extensions>
      </trkpt>
      <trkpt lat="39.979867301881313323974609375" lon="116.5081367455422878265380859375">
        <ele>34.200000762939453125</ele>
        <time>2026-08-20T11:14:58.000Z</time>
        <extensions>
          <ns3:TrackPointExtension>
            <ns3:hr>147</ns3:hr>
            <ns3:cad>83</ns3:cad>
          </ns3:TrackPointExtension>
        </extensions>
      </trkpt>
      <trkpt lat="39.97987945564091205596923828125" lon="116.50811738334596157073974609375">
        <ele>34.200000762939453125</ele>
        <time>2026-08-20T11:14:59.000Z</time>
        <extensions>
          <ns3:TrackPointExtension>
            <ns3:hr>146</ns3:hr>
            <ns3:cad>83</ns3:cad>
          </ns3:TrackPointExtension>
        </extensions>
      </trkpt>
      <trkpt lat="39.9798979796469211578369140625" lon="116.50809659622609615325927734375">
        <ele>34</ele>
        <time>2026-08-20T11:15:00.000Z</time>
        <extensions>
          <ns3:TrackPointExtension>
            <ns3:hr>146</ns3:hr>
            <ns3:cad>83</ns3:cad>
          </ns3:TrackPointExtension>
        </extensions>
      </trkpt>
      <trkpt lat="39.9799167551100254058837890625" lon="116.50807924568653106689453125">
        <ele>34</ele>
        <time>2026-08-20T11:15:01.000Z</time>
        <extensions>
          <ns3:TrackPointExtension>
            <ns3:hr>146</ns3:hr>
            <ns3:cad>83</ns3:cad>
          </ns3:TrackPointExtension>
        </extensions>
      </trkpt>
      <trkpt lat="39.97993041761219501495361328125" lon="116.50806658901274204254150390625">
        <ele>34</ele>
        <time>2026-08-20T11:15:02.000Z</time>
        <extensions>
          <ns3:TrackPointExtension>
            <ns3:hr>147</ns3:hr>
            <ns3:cad>82</ns3:cad>
          </ns3:TrackPointExtension>
        </extensions>
      </trkpt>
      <trkpt lat="39.9799574911594390869140625" lon="116.50804714299738407135009765625">
        <ele>33.799999237060546875</ele>
        <time>2026-08-20T11:15:03.000Z</time>
        <extensions>
          <ns3:TrackPointExtension>
            <ns3:hr>146</ns3:hr>
            <ns3:cad>82</ns3:cad>
          </ns3:TrackPointExtension>
        </extensions>
      </trkpt>
      <trkpt lat="39.97997685335576534271240234375" lon="116.50803490541875362396240234375">
        <ele>33.799999237060546875</ele>
        <time>2026-08-20T11:15:04.000Z</time>
        <extensions>
          <ns3:TrackPointExtension>
            <ns3:hr>146</ns3:hr>
            <ns3:cad>82</ns3:cad>
          </ns3:TrackPointExtension>
        </extensions>
      </trkpt>
      <trkpt lat="39.979990683495998382568359375" lon="116.50801529176533222198486328125">
        <ele>33.799999237060546875</ele>
        <time>2026-08-20T11:15:05.000Z</time>
        <extensions>
          <ns3:TrackPointExtension>
            <ns3:hr>147</ns3:hr>
            <ns3:cad>83</ns3:cad>
          </ns3:TrackPointExtension>
        </extensions>
      </trkpt>
      <trkpt lat="39.98001188971102237701416015625" lon="116.50799869559705257415771484375">
        <ele>33.799999237060546875</ele>
        <time>2026-08-20T11:15:06.000Z</time>
        <extensions>
          <ns3:TrackPointExtension>
            <ns3:hr>146</ns3:hr>
            <ns3:cad>83</ns3:cad>
          </ns3:TrackPointExtension>
        </extensions>
      </trkpt>
      <trkpt lat="39.9800233729183673858642578125" lon="116.507979333400726318359375">
        <ele>33.799999237060546875</ele>
        <time>2026-08-20T11:15:07.000Z</time>
        <extensions>
          <ns3:TrackPointExtension>
            <ns3:hr>146</ns3:hr>
            <ns3:cad>83</ns3:cad>
          </ns3:TrackPointExtension>
        </extensions>
      </trkpt>
      <trkpt lat="39.98004508204758167266845703125" lon="116.507954858243465423583984375">
        <ele>33.799999237060546875</ele>
        <time>2026-08-20T11:15:08.000Z</time>
        <extensions>
          <ns3:TrackPointExtension>
            <ns3:hr>147</ns3:hr>
            <ns3:cad>83</ns3:cad>
          </ns3:TrackPointExtension>
        </extensions>
      </trkpt>
      <trkpt lat="39.98005966655910015106201171875" lon="116.50793247856199741363525390625">
        <ele>33.799999237060546875</ele>
        <time>2026-08-20T11:15:09.000Z</time>
        <extensions>
          <ns3:TrackPointExtension>
            <ns3:hr>146</ns3:hr>
            <ns3:cad>83</ns3:cad>
          </ns3:TrackPointExtension>
        </extensions>
      </trkpt>
      <trkpt lat="39.980075843632221221923828125" lon="116.507912613451480865478515625">
        <ele>33.799999237060546875</ele>
        <time>2026-08-20T11:15:10.000Z</time>
        <extensions>
          <ns3:TrackPointExtension>
            <ns3:hr>146</ns3:hr>
            <ns3:cad>83</ns3:cad>
          </ns3:TrackPointExtension>
        </extensions>
      </trkpt>
      <trkpt lat="39.98009503819048404693603515625" lon="116.50788721628487110137939453125">
        <ele>33.799999237060546875</ele>
        <time>2026-08-20T11:15:11.000Z</time>
        <extensions>
          <ns3:TrackPointExtension>
            <ns3:hr>146</ns3:hr>
            <ns3:cad>83</ns3:cad>
          </ns3:TrackPointExtension>
        </extensions>
      </trkpt>
      <trkpt lat="39.98010643757879734039306640625" lon="116.50786123238503932952880859375">
        <ele>33.799999237060546875</ele>
        <time>2026-08-20T11:15:12.000Z</time>
        <extensions>
          <ns3:TrackPointExtension>
            <ns3:hr>147</ns3:hr>
            <ns3:cad>83</ns3:cad>
          </ns3:TrackPointExtension>
        </extensions>
      </trkpt>
      <trkpt lat="39.980115406215190887451171875" lon="116.50783005170524120330810546875">
        <ele>33.799999237060546875</ele>
        <time>2026-08-20T11:15:13.000Z</time>
        <extensions>
          <ns3:TrackPointExtension>
            <ns3:hr>147</ns3:hr>
            <ns3:cad>83</ns3:cad>
          </ns3:TrackPointExtension>
        </extensions>
      </trkpt>
      <trkpt lat="39.98012437485158443450927734375" lon="116.50780306197702884674072265625">
        <ele>34</ele>
        <time>2026-08-20T11:15:14.000Z</time>
        <extensions>
          <ns3:TrackPointExtension>
            <ns3:hr>147</ns3:hr>
            <ns3:cad>83</ns3:cad>
          </ns3:TrackPointExtension>
        </extensions>
      </trkpt>
      <trkpt lat="39.9801296554505825042724609375" lon="116.5077821910381317138671875">
        <ele>34</ele>
        <time>2026-08-20T11:15:15.000Z</time>
        <extensions>
          <ns3:TrackPointExtension>
            <ns3:hr>147</ns3:hr>
            <ns3:cad>82</ns3:cad>
          </ns3:TrackPointExtension>
        </extensions>
      </trkpt>
      <trkpt lat="39.980135522782802581787109375" lon="116.50774933397769927978515625">
        <ele>34</ele>
        <time>2026-08-20T11:15:16.000Z</time>
        <extensions>
          <ns3:TrackPointExtension>
            <ns3:hr>147</ns3:hr>
            <ns3:cad>82</ns3:cad>
          </ns3:TrackPointExtension>
        </extensions>
      </trkpt>
      <trkpt lat="39.98013476841151714324951171875" lon="116.50772594846785068511962890625">
        <ele>34</ele>
        <time>2026-08-20T11:15:17.000Z</time>
        <extensions>
          <ns3:TrackPointExtension>
            <ns3:hr>147</ns3:hr>
            <ns3:cad>82</ns3:cad>
          </ns3:TrackPointExtension>
        </extensions>
      </trkpt>
      <trkpt lat="39.98013778589665889739990234375" lon="116.50769946165382862091064453125">
        <ele>34</ele>
        <time>2026-08-20T11:15:18.000Z</time>
        <extensions>
          <ns3:TrackPointExtension>
            <ns3:hr>147</ns3:hr>
            <ns3:cad>82</ns3:cad>
          </ns3:TrackPointExtension>
        </extensions>
      </trkpt>
      <trkpt lat="39.98014264740049839019775390625" lon="116.5076666884124279022216796875">
        <ele>34</ele>
        <time>2026-08-20T11:15:19.000Z</time>
        <extensions>
          <ns3:TrackPointExtension>
            <ns3:hr>147</ns3:hr>
            <ns3:cad>83</ns3:cad>
          </ns3:TrackPointExtension>
        </extensions>
      </trkpt>
      <trkpt lat="39.98014834709465503692626953125" lon="116.5076405368745326995849609375">
        <ele>34.200000762939453125</ele>
        <time>2026-08-20T11:15:20.000Z</time>
        <extensions>
          <ns3:TrackPointExtension>
            <ns3:hr>147</ns3:hr>
            <ns3:cad>83</ns3:cad>
          </ns3:TrackPointExtension>
        </extensions>
      </trkpt>
      <trkpt lat="39.98015337623655796051025390625" lon="116.50761120021343231201171875">
        <ele>34.200000762939453125</ele>
        <time>2026-08-20T11:15:21.000Z</time>
        <extensions>
          <ns3:TrackPointExtension>
            <ns3:hr>147</ns3:hr>
            <ns3:cad>83</ns3:cad>
          </ns3:TrackPointExtension>
        </extensions>
      </trkpt>
      <trkpt lat="39.98016041703522205352783203125" lon="116.507581360638141632080078125">
        <ele>34.200000762939453125</ele>
        <time>2026-08-20T11:15:22.000Z</time>
        <extensions>
          <ns3:TrackPointExtension>
            <ns3:hr>147</ns3:hr>
            <ns3:cad>83</ns3:cad>
          </ns3:TrackPointExtension>
        </extensions>
      </trkpt>
      <trkpt lat="39.98016628436744213104248046875" lon="116.5075573883950710296630859375">
        <ele>34.200000762939453125</ele>
        <time>2026-08-20T11:15:23.000Z</time>
        <extensions>
          <ns3:TrackPointExtension>
            <ns3:hr>148</ns3:hr>
            <ns3:cad>82</ns3:cad>
          </ns3:TrackPointExtension>
        </extensions>
      </trkpt>
      <trkpt lat="39.98017248697578907012939453125" lon="116.507527716457843780517578125">
        <ele>34.200000762939453125</ele>
        <time>2026-08-20T11:15:24.000Z</time>
        <extensions>
          <ns3:TrackPointExtension>
            <ns3:hr>148</ns3:hr>
            <ns3:cad>82</ns3:cad>
          </ns3:TrackPointExtension>
        </extensions>
      </trkpt>
      <trkpt lat="39.9801705591380596160888671875" lon="116.507498212158679962158203125">
        <ele>34.200000762939453125</ele>
        <time>2026-08-20T11:15:25.000Z</time>
        <extensions>
          <ns3:TrackPointExtension>
            <ns3:hr>148</ns3:hr>
            <ns3:cad>83</ns3:cad>
          </ns3:TrackPointExtension>
        </extensions>
      </trkpt>
      <trkpt lat="39.98017567209899425506591796875" lon="116.50746979750692844390869140625">
        <ele>34.200000762939453125</ele>
        <time>2026-08-20T11:15:26.000Z</time>
        <extensions>
          <ns3:TrackPointExtension>
            <ns3:hr>148</ns3:hr>
            <ns3:cad>83</ns3:cad>
          </ns3:TrackPointExtension>
        </extensions>
      </trkpt>
      <trkpt lat="39.98018304817378520965576171875" lon="116.50744020938873291015625">
        <ele>34.200000762939453125</ele>
        <time>2026-08-20T11:15:27.000Z</time>
        <extensions>
          <ns3:TrackPointExtension>
            <ns3:hr>148</ns3:hr>
            <ns3:cad>83</ns3:cad>
          </ns3:TrackPointExtension>
        </extensions>
      </trkpt>
      <trkpt lat="39.98018405400216579437255859375" lon="116.50741632096469402313232421875">
        <ele>34.40000152587890625</ele>
        <time>2026-08-20T11:15:28.000Z</time>
        <extensions>
          <ns3:TrackPointExtension>
            <ns3:hr>148</ns3:hr>
            <ns3:cad>82</ns3:cad>
          </ns3:TrackPointExtension>
        </extensions>
      </trkpt>
      <trkpt lat="39.98018824495375156402587890625" lon="116.50738631375133991241455078125">
        <ele>34.40000152587890625</ele>
        <time>2026-08-20T11:15:29.000Z</time>
        <extensions>
          <ns3:TrackPointExtension>
            <ns3:hr>148</ns3:hr>
            <ns3:cad>82</ns3:cad>
          </ns3:TrackPointExtension>
        </extensions>
      </trkpt>
      <trkpt lat="39.98019914142787456512451171875" lon="116.50735597126185894012451171875">
        <ele>34.40000152587890625</ele>
        <time>2026-08-20T11:15:30.000Z</time>
        <extensions>
          <ns3:TrackPointExtension>
            <ns3:hr>148</ns3:hr>
            <ns3:cad>82</ns3:cad>
          </ns3:TrackPointExtension>
        </extensions>
      </trkpt>
      <trkpt lat="39.98020433820784091949462890625" lon="116.5073337592184543609619140625">
        <ele>34.40000152587890625</ele>
        <time>2026-08-20T11:15:31.000Z</time>
        <extensions>
          <ns3:TrackPointExtension>
            <ns3:hr>149</ns3:hr>
            <ns3:cad>82</ns3:cad>
          </ns3:TrackPointExtension>
        </extensions>
      </trkpt>
      <trkpt lat="39.98021791689097881317138671875" lon="116.5073069371283054351806640625">
        <ele>34.40000152587890625</ele>
        <time>2026-08-20T11:15:32.000Z</time>
        <extensions>
          <ns3:TrackPointExtension>
            <ns3:hr>148</ns3:hr>
            <ns3:cad>82</ns3:cad>
          </ns3:TrackPointExtension>
        </extensions>
      </trkpt>
      <trkpt lat="39.98022663407027721405029296875" lon="116.50728422217071056365966796875">
        <ele>34.40000152587890625</ele>
        <time>2026-08-20T11:15:33.000Z</time>
        <extensions>
          <ns3:TrackPointExtension>
            <ns3:hr>148</ns3:hr>
            <ns3:cad>82</ns3:cad>
          </ns3:TrackPointExtension>
        </extensions>
      </trkpt>
      <trkpt lat="39.980233423411846160888671875" lon="116.5072616748511791229248046875">
        <ele>34.40000152587890625</ele>
        <time>2026-08-20T11:15:34.000Z</time>
        <extensions>
          <ns3:TrackPointExtension>
            <ns3:hr>149</ns3:hr>
            <ns3:cad>82</ns3:cad>
          </ns3:TrackPointExtension>
        </extensions>
      </trkpt>
      <trkpt lat="39.980248175561428070068359375" lon="116.5072323381900787353515625">
        <ele>34.40000152587890625</ele>
        <time>2026-08-20T11:15:35.000Z</time>
        <extensions>
          <ns3:TrackPointExtension>
            <ns3:hr>149</ns3:hr>
            <ns3:cad>82</ns3:cad>
          </ns3:TrackPointExtension>
        </extensions>
      </trkpt>
      <trkpt lat="39.9802516959607601165771484375" lon="116.50720727629959583282470703125">
        <ele>34.40000152587890625</ele>
        <time>2026-08-20T11:15:36.000Z</time>
        <extensions>
          <ns3:TrackPointExtension>
            <ns3:hr>149</ns3:hr>
            <ns3:cad>82</ns3:cad>
          </ns3:TrackPointExtension>
        </extensions>
      </trkpt>
      <trkpt lat="39.9802620895206928253173828125" lon="116.5071751736104488372802734375">
        <ele>34.40000152587890625</ele>
        <time>2026-08-20T11:15:37.000Z</time>
        <extensions>
          <ns3:TrackPointExtension>
            <ns3:hr>148</ns3:hr>
            <ns3:cad>82</ns3:cad>
          </ns3:TrackPointExtension>
        </extensions>
      </trkpt>
      <trkpt lat="39.98027072288095951080322265625" lon="116.50714256800711154937744140625">
        <ele>34.40000152587890625</ele>
        <time>2026-08-20T11:15:38.000Z</time>
        <extensions>
          <ns3:TrackPointExtension>
            <ns3:hr>149</ns3:hr>
            <ns3:cad>82</ns3:cad>
          </ns3:TrackPointExtension>
        </extensions>
      </trkpt>
      <trkpt lat="39.98027868568897247314453125" lon="116.5071168355643749237060546875">
        <ele>34.40000152587890625</ele>
        <time>2026-08-20T11:15:39.000Z</time>
        <extensions>
          <ns3:TrackPointExtension>
            <ns3:hr>149</ns3:hr>
            <ns3:cad>82</ns3:cad>
          </ns3:TrackPointExtension>
        </extensions>
      </trkpt>
      <trkpt lat="39.98029477894306182861328125" lon="116.5070843137800693511962890625">
        <ele>34.40000152587890625</ele>
        <time>2026-08-20T11:15:40.000Z</time>
        <extensions>
          <ns3:TrackPointExtension>
            <ns3:hr>149</ns3:hr>
            <ns3:cad>83</ns3:cad>
          </ns3:TrackPointExtension>
        </extensions>
      </trkpt>
      <trkpt lat="39.98030123300850391387939453125" lon="116.5070595033466815948486328125">
        <ele>34.40000152587890625</ele>
        <time>2026-08-20T11:15:41.000Z</time>
        <extensions>
          <ns3:TrackPointExtension>
            <ns3:hr>149</ns3:hr>
            <ns3:cad>83</ns3:cad>
          </ns3:TrackPointExtension>
        </extensions>
      </trkpt>
      <trkpt lat="39.98031296767294406890869140625" lon="116.507028825581073760986328125">
        <ele>34.40000152587890625</ele>
        <time>2026-08-20T11:15:42.000Z</time>
        <extensions>
          <ns3:TrackPointExtension>
            <ns3:hr>149</ns3:hr>
            <ns3:cad>83</ns3:cad>
          </ns3:TrackPointExtension>
        </extensions>
      </trkpt>
      <trkpt lat="39.9803264625370502471923828125" lon="116.5069971419870853424072265625">
        <ele>34.40000152587890625</ele>
        <time>2026-08-20T11:15:43.000Z</time>
        <extensions>
          <ns3:TrackPointExtension>
            <ns3:hr>149</ns3:hr>
            <ns3:cad>82</ns3:cad>
          </ns3:TrackPointExtension>
        </extensions>
      </trkpt>
      <trkpt lat="39.9803330004215240478515625" lon="116.5069753490388393402099609375">
        <ele>34.40000152587890625</ele>
        <time>2026-08-20T11:15:44.000Z</time>
        <extensions>
          <ns3:TrackPointExtension>
            <ns3:hr>148</ns3:hr>
            <ns3:cad>82</ns3:cad>
          </ns3:TrackPointExtension>
        </extensions>
      </trkpt>
      <trkpt lat="39.9803418852388858795166015625" lon="116.50693654082715511322021484375">
        <ele>34.59999847412109375</ele>
        <time>2026-08-20T11:15:45.000Z</time>
        <extensions>
          <ns3:TrackPointExtension>
            <ns3:hr>149</ns3:hr>
            <ns3:cad>83</ns3:cad>
          </ns3:TrackPointExtension>
        </extensions>
      </trkpt>
      <trkpt lat="39.98034548945724964141845703125" lon="116.5069066174328327178955078125">
        <ele>34.59999847412109375</ele>
        <time>2026-08-20T11:15:46.000Z</time>
        <extensions>
          <ns3:TrackPointExtension>
            <ns3:hr>149</ns3:hr>
            <ns3:cad>83</ns3:cad>
          </ns3:TrackPointExtension>
        </extensions>
      </trkpt>
      <trkpt lat="39.98034850694239139556884765625" lon="116.50688029825687408447265625">
        <ele>34.59999847412109375</ele>
        <time>2026-08-20T11:15:47.000Z</time>
        <extensions>
          <ns3:TrackPointExtension>
            <ns3:hr>149</ns3:hr>
            <ns3:cad>83</ns3:cad>
          </ns3:TrackPointExtension>
        </extensions>
      </trkpt>
      <trkpt lat="39.9803552962839603424072265625" lon="116.506846435368061065673828125">
        <ele>34.59999847412109375</ele>
        <time>2026-08-20T11:15:48.000Z</time>
        <extensions>
          <ns3:TrackPointExtension>
            <ns3:hr>149</ns3:hr>
            <ns3:cad>83</ns3:cad>
          </ns3:TrackPointExtension>
        </extensions>
      </trkpt>
      <trkpt lat="39.98035487718880176544189453125" lon="116.5068227984011173248291015625">
        <ele>34.59999847412109375</ele>
        <time>2026-08-20T11:15:49.000Z</time>
        <extensions>
          <ns3:TrackPointExtension>
            <ns3:hr>149</ns3:hr>
            <ns3:cad>82</ns3:cad>
          </ns3:TrackPointExtension>
        </extensions>
      </trkpt>
      <trkpt lat="39.98034968040883541107177734375" lon="116.506787426769733428955078125">
        <ele>34.59999847412109375</ele>
        <time>2026-08-20T11:15:50.000Z</time>
        <extensions>
          <ns3:TrackPointExtension>
            <ns3:hr>149</ns3:hr>
            <ns3:cad>82</ns3:cad>
          </ns3:TrackPointExtension>
        </extensions>
      </trkpt>
      <trkpt lat="39.980348087847232818603515625" lon="116.5067567490041255950927734375">
        <ele>34.59999847412109375</ele>
        <time>2026-08-20T11:15:51.000Z</time>
        <extensions>
          <ns3:TrackPointExtension>
            <ns3:hr>149</ns3:hr>
            <ns3:cad>83</ns3:cad>
          </ns3:TrackPointExtension>
        </extensions>
      </trkpt>
      <trkpt lat="39.9803408794105052947998046875" lon="116.5067362971603870391845703125">
        <ele>34.59999847412109375</ele>
        <time>2026-08-20T11:15:52.000Z</time>
        <extensions>
          <ns3:TrackPointExtension>
            <ns3:hr>149</ns3:hr>
            <ns3:cad>83</ns3:cad>
          </ns3:TrackPointExtension>
        </extensions>
      </trkpt>
      <trkpt lat="39.9803298152983188629150390625" lon="116.506704948842525482177734375">
        <ele>34.59999847412109375</ele>
        <time>2026-08-20T11:15:53.000Z</time>
        <extensions>
          <ns3:TrackPointExtension>
            <ns3:hr>149</ns3:hr>
            <ns3:cad>83</ns3:cad>
          </ns3:TrackPointExtension>
        </extensions>
      </trkpt>
      <trkpt lat="39.9803234450519084930419921875" lon="116.50667913258075714111328125">
        <ele>34.59999847412109375</ele>
        <time>2026-08-20T11:15:54.000Z</time>
        <extensions>
          <ns3:TrackPointExtension>
            <ns3:hr>150</ns3:hr>
            <ns3:cad>83</ns3:cad>
          </ns3:TrackPointExtension>
        </extensions>
      </trkpt>
      <trkpt lat="39.98030609451234340667724609375" lon="116.50665256194770336151123046875">
        <ele>34.59999847412109375</ele>
        <time>2026-08-20T11:15:55.000Z</time>
        <extensions>
          <ns3:TrackPointExtension>
            <ns3:hr>150</ns3:hr>
            <ns3:cad>82</ns3:cad>
          </ns3:TrackPointExtension>
        </extensions>
      </trkpt>
      <trkpt lat="39.9802905879914760589599609375" lon="116.5066234767436981201171875">
        <ele>34.59999847412109375</ele>
        <time>2026-08-20T11:15:56.000Z</time>
        <extensions>
          <ns3:TrackPointExtension>
            <ns3:hr>150</ns3:hr>
            <ns3:cad>82</ns3:cad>
          </ns3:TrackPointExtension>
        </extensions>
      </trkpt>
      <trkpt lat="39.98028002679347991943359375" lon="116.5066031925380229949951171875">
        <ele>34.59999847412109375</ele>
        <time>2026-08-20T11:15:57.000Z</time>
        <extensions>
          <ns3:TrackPointExtension>
            <ns3:hr>150</ns3:hr>
            <ns3:cad>82</ns3:cad>
          </ns3:TrackPointExtension>
        </extensions>
      </trkpt>
      <trkpt lat="39.9802651070058345794677734375" lon="116.506568156182765960693359375">
        <ele>34.59999847412109375</ele>
        <time>2026-08-20T11:15:58.000Z</time>
        <extensions>
          <ns3:TrackPointExtension>
            <ns3:hr>150</ns3:hr>
            <ns3:cad>83</ns3:cad>
          </ns3:TrackPointExtension>
        </extensions>
      </trkpt>
      <trkpt lat="39.98025454580783843994140625" lon="116.50653705932199954986572265625">
        <ele>34.799999237060546875</ele>
        <time>2026-08-20T11:15:59.000Z</time>
        <extensions>
          <ns3:TrackPointExtension>
            <ns3:hr>150</ns3:hr>
            <ns3:cad>83</ns3:cad>
          </ns3:TrackPointExtension>
        </extensions>
      </trkpt>
      <trkpt lat="39.980241470038890838623046875" lon="116.5065146796405315399169921875">
        <ele>34.799999237060546875</ele>
        <time>2026-08-20T11:16:00.000Z</time>
        <extensions>
          <ns3:TrackPointExtension>
            <ns3:hr>150</ns3:hr>
            <ns3:cad>83</ns3:cad>
          </ns3:TrackPointExtension>
        </extensions>
      </trkpt>
      <trkpt lat="39.98022998683154582977294921875" lon="116.5064885281026363372802734375">
        <ele>34.799999237060546875</ele>
        <time>2026-08-20T11:16:01.000Z</time>
        <extensions>
          <ns3:TrackPointExtension>
            <ns3:hr>150</ns3:hr>
            <ns3:cad>83</ns3:cad>
          </ns3:TrackPointExtension>
        </extensions>
      </trkpt>
      <trkpt lat="39.98022043146193027496337890625" lon="116.50646816007792949676513671875">
        <ele>34.799999237060546875</ele>
        <time>2026-08-20T11:16:02.000Z</time>
        <extensions>
          <ns3:TrackPointExtension>
            <ns3:hr>150</ns3:hr>
            <ns3:cad>83</ns3:cad>
          </ns3:TrackPointExtension>
        </extensions>
      </trkpt>
      <trkpt lat="39.9802077747881412506103515625" lon="116.50643966160714626312255859375">
        <ele>34.799999237060546875</ele>
        <time>2026-08-20T11:16:03.000Z</time>
        <extensions>
          <ns3:TrackPointExtension>
            <ns3:hr>150</ns3:hr>
            <ns3:cad>83</ns3:cad>
          </ns3:TrackPointExtension>
        </extensions>
      </trkpt>
      <trkpt lat="39.98020316474139690399169921875" lon="116.5064107440412044525146484375">
        <ele>34.799999237060546875</ele>
        <time>2026-08-20T11:16:04.000Z</time>
        <extensions>
          <ns3:TrackPointExtension>
            <ns3:hr>150</ns3:hr>
            <ns3:cad>82</ns3:cad>
          </ns3:TrackPointExtension>
        </extensions>
      </trkpt>
      <trkpt lat="39.9801990576088428497314453125" lon="116.50638970546424388885498046875">
        <ele>34.59999847412109375</ele>
        <time>2026-08-20T11:16:05.000Z</time>
        <extensions>
          <ns3:TrackPointExtension>
            <ns3:hr>150</ns3:hr>
            <ns3:cad>82</ns3:cad>
          </ns3:TrackPointExtension>
        </extensions>
      </trkpt>
      <trkpt lat="39.9801923520863056182861328125" lon="116.50635232217609882354736328125">
        <ele>34.59999847412109375</ele>
        <time>2026-08-20T11:16:06.000Z</time>
        <extensions>
          <ns3:TrackPointExtension>
            <ns3:hr>150</ns3:hr>
            <ns3:cad>82</ns3:cad>
          </ns3:TrackPointExtension>
        </extensions>
      </trkpt>
      <trkpt lat="39.9801866523921489715576171875" lon="116.506322063505649566650390625">
        <ele>34.59999847412109375</ele>
        <time>2026-08-20T11:16:07.000Z</time>
        <extensions>
          <ns3:TrackPointExtension>
            <ns3:hr>150</ns3:hr>
            <ns3:cad>82</ns3:cad>
          </ns3:TrackPointExtension>
        </extensions>
      </trkpt>
      <trkpt lat="39.9801789410412311553955078125" lon="116.5062940679490566253662109375">
        <ele>34.799999237060546875</ele>
        <time>2026-08-20T11:16:08.000Z</time>
        <extensions>
          <ns3:TrackPointExtension>
            <ns3:hr>150</ns3:hr>
            <ns3:cad>82</ns3:cad>
          </ns3:TrackPointExtension>
        </extensions>
      </trkpt>
      <trkpt lat="39.98017634265124797821044921875" lon="116.50626699440181255340576171875">
        <ele>34.799999237060546875</ele>
        <time>2026-08-20T11:16:09.000Z</time>
        <extensions>
          <ns3:TrackPointExtension>
            <ns3:hr>150</ns3:hr>
            <ns3:cad>82</ns3:cad>
          </ns3:TrackPointExtension>
        </extensions>
      </trkpt>
      <trkpt lat="39.9801792763173580169677734375" lon="116.50623765774071216583251953125">
        <ele>35</ele>
        <time>2026-08-20T11:16:10.000Z</time>
        <extensions>
          <ns3:TrackPointExtension>
            <ns3:hr>151</ns3:hr>
            <ns3:cad>81</ns3:cad>
          </ns3:TrackPointExtension>
        </extensions>
      </trkpt>
      <trkpt lat="39.9801775999367237091064453125" lon="116.50620949454605579376220703125">
        <ele>35.200000762939453125</ele>
        <time>2026-08-20T11:16:11.000Z</time>
        <extensions>
          <ns3:TrackPointExtension>
            <ns3:hr>150</ns3:hr>
            <ns3:cad>82</ns3:cad>
          </ns3:TrackPointExtension>
        </extensions>
      </trkpt>
      <trkpt lat="39.98017868958413600921630859375" lon="116.50617462582886219024658203125">
        <ele>35.200000762939453125</ele>
        <time>2026-08-20T11:16:12.000Z</time>
        <extensions>
          <ns3:TrackPointExtension>
            <ns3:hr>150</ns3:hr>
            <ns3:cad>82</ns3:cad>
          </ns3:TrackPointExtension>
        </extensions>
      </trkpt>
      <trkpt lat="39.9801722355186939239501953125" lon="116.50615450926125049591064453125">
        <ele>35.200000762939453125</ele>
        <time>2026-08-20T11:16:13.000Z</time>
        <extensions>
          <ns3:TrackPointExtension>
            <ns3:hr>150</ns3:hr>
            <ns3:cad>82</ns3:cad>
          </ns3:TrackPointExtension>
        </extensions>
      </trkpt>
      <trkpt lat="39.98017131350934505462646484375" lon="116.50612056255340576171875">
        <ele>35.200000762939453125</ele>
        <time>2026-08-20T11:16:14.000Z</time>
        <extensions>
          <ns3:TrackPointExtension>
            <ns3:hr>150</ns3:hr>
            <ns3:cad>82</ns3:cad>
          </ns3:TrackPointExtension>
        </extensions>
      </trkpt>
      <trkpt lat="39.98017298988997936248779296875" lon="116.50609751231968402862548828125">
        <ele>35.200000762939453125</ele>
        <time>2026-08-20T11:16:15.000Z</time>
        <extensions>
          <ns3:TrackPointExtension>
            <ns3:hr>148</ns3:hr>
            <ns3:cad>82</ns3:cad>
          </ns3:TrackPointExtension>
        </extensions>
      </trkpt>
      <trkpt lat="39.980170726776123046875" lon="116.5060747973620891571044921875">
        <ele>35</ele>
        <time>2026-08-20T11:16:16.000Z</time>
        <extensions>
          <ns3:TrackPointExtension>
            <ns3:hr>146</ns3:hr>
            <ns3:cad>82</ns3:cad>
          </ns3:TrackPointExtension>
        </extensions>
      </trkpt>
      <trkpt lat="39.98017701320350170135498046875" lon="116.50603942573070526123046875">
        <ele>35.200000762939453125</ele>
        <time>2026-08-20T11:16:17.000Z</time>
        <extensions>
          <ns3:TrackPointExtension>
            <ns3:hr>143</ns3:hr>
            <ns3:cad>82</ns3:cad>
          </ns3:TrackPointExtension>
        </extensions>
      </trkpt>
      <trkpt lat="39.98017550446093082427978515625" lon="116.5060110948979854583740234375">
        <ele>35.200000762939453125</ele>
        <time>2026-08-20T11:16:18.000Z</time>
        <extensions>
          <ns3:TrackPointExtension>
            <ns3:hr>143</ns3:hr>
            <ns3:cad>81</ns3:cad>
          </ns3:TrackPointExtension>
        </extensions>
      </trkpt>
      <trkpt lat="39.98016729019582271575927734375" lon="116.50597547180950641632080078125">
        <ele>35.40000152587890625</ele>
        <time>2026-08-20T11:16:19.000Z</time>
        <extensions>
          <ns3:TrackPointExtension>
            <ns3:hr>143</ns3:hr>
            <ns3:cad>81</ns3:cad>
          </ns3:TrackPointExtension>
        </extensions>
      </trkpt>
      <trkpt lat="39.98015924356877803802490234375" lon="116.505946218967437744140625">
        <ele>35.40000152587890625</ele>
        <time>2026-08-20T11:16:20.000Z</time>
        <extensions>
          <ns3:TrackPointExtension>
            <ns3:hr>142</ns3:hr>
            <ns3:cad>81</ns3:cad>
          </ns3:TrackPointExtension>
        </extensions>
      </trkpt>
      <trkpt lat="39.98014725744724273681640625" lon="116.50592836551368236541748046875">
        <ele>35.40000152587890625</ele>
        <time>2026-08-20T11:16:21.000Z</time>
        <extensions>
          <ns3:TrackPointExtension>
            <ns3:hr>142</ns3:hr>
            <ns3:cad>81</ns3:cad>
          </ns3:TrackPointExtension>
        </extensions>
      </trkpt>
      <trkpt lat="39.9801303260028362274169921875" lon="116.505892574787139892578125">
        <ele>35.40000152587890625</ele>
        <time>2026-08-20T11:16:22.000Z</time>
        <extensions>
          <ns3:TrackPointExtension>
            <ns3:hr>142</ns3:hr>
            <ns3:cad>81</ns3:cad>
          </ns3:TrackPointExtension>
        </extensions>
      </trkpt>
      <trkpt lat="39.98011180199682712554931640625" lon="116.50587036274373531341552734375">
        <ele>35.40000152587890625</ele>
        <time>2026-08-20T11:16:23.000Z</time>
        <extensions>
          <ns3:TrackPointExtension>
            <ns3:hr>142</ns3:hr>
            <ns3:cad>82</ns3:cad>
          </ns3:TrackPointExtension>
        </extensions>
      </trkpt>
      <trkpt lat="39.98009051196277141571044921875" lon="116.5058541856706142425537109375">
        <ele>35.200000762939453125</ele>
        <time>2026-08-20T11:16:24.000Z</time>
        <extensions>
          <ns3:TrackPointExtension>
            <ns3:hr>143</ns3:hr>
            <ns3:cad>82</ns3:cad>
          </ns3:TrackPointExtension>
        </extensions>
      </trkpt>
      <trkpt lat="39.9800676293671131134033203125" lon="116.50584152899682521820068359375">
        <ele>35.40000152587890625</ele>
        <time>2026-08-20T11:16:25.000Z</time>
        <extensions>
          <ns3:TrackPointExtension>
            <ns3:hr>142</ns3:hr>
            <ns3:cad>83</ns3:cad>
          </ns3:TrackPointExtension>
        </extensions>
      </trkpt>
      <trkpt lat="39.9800441600382328033447265625" lon="116.50583616457879543304443359375">
        <ele>35.40000152587890625</ele>
        <time>2026-08-20T11:16:26.000Z</time>
        <extensions>
          <ns3:TrackPointExtension>
            <ns3:hr>142</ns3:hr>
            <ns3:cad>84</ns3:cad>
          </ns3:TrackPointExtension>
        </extensions>
      </trkpt>
      <trkpt lat="39.98002010397613048553466796875" lon="116.50583155453205108642578125">
        <ele>35.40000152587890625</ele>
        <time>2026-08-20T11:16:27.000Z</time>
        <extensions>
          <ns3:TrackPointExtension>
            <ns3:hr>142</ns3:hr>
            <ns3:cad>84</ns3:cad>
          </ns3:TrackPointExtension>
        </extensions>
      </trkpt>
      <trkpt lat="39.979994706809520721435546875" lon="116.505831219255924224853515625">
        <ele>35.40000152587890625</ele>
        <time>2026-08-20T11:16:28.000Z</time>
        <extensions>
          <ns3:TrackPointExtension>
            <ns3:hr>142</ns3:hr>
            <ns3:cad>84</ns3:cad>
          </ns3:TrackPointExtension>
        </extensions>
      </trkpt>
      <trkpt lat="39.97997417114675045013427734375" lon="116.50583633221685886383056640625">
        <ele>35.40000152587890625</ele>
        <time>2026-08-20T11:16:29.000Z</time>
        <extensions>
          <ns3:TrackPointExtension>
            <ns3:hr>142</ns3:hr>
            <ns3:cad>83</ns3:cad>
          </ns3:TrackPointExtension>
        </extensions>
      </trkpt>
      <trkpt lat="39.979948103427886962890625" lon="116.5058375895023345947265625">
        <ele>35.40000152587890625</ele>
        <time>2026-08-20T11:16:30.000Z</time>
        <extensions>
          <ns3:TrackPointExtension>
            <ns3:hr>143</ns3:hr>
            <ns3:cad>82</ns3:cad>
          </ns3:TrackPointExtension>
        </extensions>
      </trkpt>
      <trkpt lat="39.97992706485092639923095703125" lon="116.5058437921106815338134765625">
        <ele>35.40000152587890625</ele>
        <time>2026-08-20T11:16:31.000Z</time>
        <extensions>
          <ns3:TrackPointExtension>
            <ns3:hr>142</ns3:hr>
            <ns3:cad>82</ns3:cad>
          </ns3:TrackPointExtension>
        </extensions>
      </trkpt>
      <trkpt lat="39.979904182255268096923828125" lon="116.50585032999515533447265625">
        <ele>35.40000152587890625</ele>
        <time>2026-08-20T11:16:32.000Z</time>
        <extensions>
          <ns3:TrackPointExtension>
            <ns3:hr>142</ns3:hr>
            <ns3:cad>82</ns3:cad>
          </ns3:TrackPointExtension>
        </extensions>
      </trkpt>
      <trkpt lat="39.97988046146929264068603515625" lon="116.50585376657545566558837890625">
        <ele>35.40000152587890625</ele>
        <time>2026-08-20T11:16:33.000Z</time>
        <extensions>
          <ns3:TrackPointExtension>
            <ns3:hr>142</ns3:hr>
            <ns3:cad>82</ns3:cad>
          </ns3:TrackPointExtension>
        </extensions>
      </trkpt>
      <trkpt lat="39.979859925806522369384765625" lon="116.505860053002834320068359375">
        <ele>35.40000152587890625</ele>
        <time>2026-08-20T11:16:34.000Z</time>
        <extensions>
          <ns3:TrackPointExtension>
            <ns3:hr>142</ns3:hr>
            <ns3:cad>82</ns3:cad>
          </ns3:TrackPointExtension>
        </extensions>
      </trkpt>
      <trkpt lat="39.9798332713544368743896484375" lon="116.50586499832570552825927734375">
        <ele>35.40000152587890625</ele>
        <time>2026-08-20T11:16:35.000Z</time>
        <extensions>
          <ns3:TrackPointExtension>
            <ns3:hr>143</ns3:hr>
            <ns3:cad>82</ns3:cad>
          </ns3:TrackPointExtension>
        </extensions>
      </trkpt>
      <trkpt lat="39.9798094667494297027587890625" lon="116.505872122943401336669921875">
        <ele>35.40000152587890625</ele>
        <time>2026-08-20T11:16:36.000Z</time>
        <extensions>
          <ns3:TrackPointExtension>
            <ns3:hr>142</ns3:hr>
            <ns3:cad>82</ns3:cad>
          </ns3:TrackPointExtension>
        </extensions>
      </trkpt>
      <trkpt lat="39.979786835610866546630859375" lon="116.50588293559849262237548828125">
        <ele>35.200000762939453125</ele>
        <time>2026-08-20T11:16:37.000Z</time>
        <extensions>
          <ns3:TrackPointExtension>
            <ns3:hr>142</ns3:hr>
            <ns3:cad>82</ns3:cad>
          </ns3:TrackPointExtension>
        </extensions>
      </trkpt>
      <trkpt lat="39.9797631986439228057861328125" lon="116.50588830001652240753173828125">
        <ele>35.200000762939453125</ele>
        <time>2026-08-20T11:16:38.000Z</time>
        <extensions>
          <ns3:TrackPointExtension>
            <ns3:hr>142</ns3:hr>
            <ns3:cad>82</ns3:cad>
          </ns3:TrackPointExtension>
        </extensions>
      </trkpt>
      <trkpt lat="39.97973662801086902618408203125" lon="116.505892574787139892578125">
        <ele>35.200000762939453125</ele>
        <time>2026-08-20T11:16:39.000Z</time>
        <extensions>
          <ns3:TrackPointExtension>
            <ns3:hr>142</ns3:hr>
            <ns3:cad>83</ns3:cad>
          </ns3:TrackPointExtension>
        </extensions>
      </trkpt>
      <trkpt lat="39.97971299104392528533935546875" lon="116.50589349679648876190185546875">
        <ele>35.40000152587890625</ele>
        <time>2026-08-20T11:16:40.000Z</time>
        <extensions>
          <ns3:TrackPointExtension>
            <ns3:hr>143</ns3:hr>
            <ns3:cad>83</ns3:cad>
          </ns3:TrackPointExtension>
        </extensions>
      </trkpt>
      <trkpt lat="39.9796892702579498291015625" lon="116.50587136857211589813232421875">
        <ele>35.40000152587890625</ele>
        <time>2026-08-20T11:16:41.000Z</time>
        <extensions>
          <ns3:TrackPointExtension>
            <ns3:hr>142</ns3:hr>
            <ns3:cad>83</ns3:cad>
          </ns3:TrackPointExtension>
        </extensions>
      </trkpt>
      <trkpt lat="39.97967250645160675048828125" lon="116.505857370793819427490234375">
        <ele>35.200000762939453125</ele>
        <time>2026-08-20T11:16:42.000Z</time>
        <extensions>
          <ns3:TrackPointExtension>
            <ns3:hr>142</ns3:hr>
            <ns3:cad>82</ns3:cad>
          </ns3:TrackPointExtension>
        </extensions>
      </trkpt>
      <trkpt lat="39.979659430682659149169921875" lon="116.50583331473171710968017578125">
        <ele>35.200000762939453125</ele>
        <time>2026-08-20T11:16:43.000Z</time>
        <extensions>
          <ns3:TrackPointExtension>
            <ns3:hr>143</ns3:hr>
            <ns3:cad>82</ns3:cad>
          </ns3:TrackPointExtension>
        </extensions>
      </trkpt>
      <trkpt lat="39.97964878566563129425048828125" lon="116.5058038942515850067138671875">
        <ele>35.200000762939453125</ele>
        <time>2026-08-20T11:16:44.000Z</time>
        <extensions>
          <ns3:TrackPointExtension>
            <ns3:hr>142</ns3:hr>
            <ns3:cad>81</ns3:cad>
          </ns3:TrackPointExtension>
        </extensions>
      </trkpt>
      <trkpt lat="39.97963889501988887786865234375" lon="116.50577925145626068115234375">
        <ele>35.200000762939453125</ele>
        <time>2026-08-20T11:16:45.000Z</time>
        <extensions>
          <ns3:TrackPointExtension>
            <ns3:hr>143</ns3:hr>
            <ns3:cad>81</ns3:cad>
          </ns3:TrackPointExtension>
        </extensions>
      </trkpt>
      <trkpt lat="39.9796304292976856231689453125" lon="116.50574027560651302337646484375">
        <ele>35.200000762939453125</ele>
        <time>2026-08-20T11:16:46.000Z</time>
        <extensions>
          <ns3:TrackPointExtension>
            <ns3:hr>143</ns3:hr>
            <ns3:cad>82</ns3:cad>
          </ns3:TrackPointExtension>
        </extensions>
      </trkpt>
      <trkpt lat="39.97962682507932186126708984375" lon="116.5057100169360637664794921875">
        <ele>35.200000762939453125</ele>
        <time>2026-08-20T11:16:47.000Z</time>
        <extensions>
          <ns3:TrackPointExtension>
            <ns3:hr>143</ns3:hr>
            <ns3:cad>82</ns3:cad>
          </ns3:TrackPointExtension>
        </extensions>
      </trkpt>
      <trkpt lat="39.9796210415661334991455078125" lon="116.50568227283656597137451171875">
        <ele>35.200000762939453125</ele>
        <time>2026-08-20T11:16:48.000Z</time>
        <extensions>
          <ns3:TrackPointExtension>
            <ns3:hr>143</ns3:hr>
            <ns3:cad>82</ns3:cad>
          </ns3:TrackPointExtension>
        </extensions>
      </trkpt>
      <trkpt lat="39.97962095774710178375244140625" lon="116.5056466497480869293212890625">
        <ele>35.200000762939453125</ele>
        <time>2026-08-20T11:16:49.000Z</time>
        <extensions>
          <ns3:TrackPointExtension>
            <ns3:hr>143</ns3:hr>
            <ns3:cad>81</ns3:cad>
          </ns3:TrackPointExtension>
        </extensions>
      </trkpt>
      <trkpt lat="39.9796156771481037139892578125" lon="116.5056188218295574188232421875">
        <ele>35.200000762939453125</ele>
        <time>2026-08-20T11:16:50.000Z</time>
        <extensions>
          <ns3:TrackPointExtension>
            <ns3:hr>143</ns3:hr>
            <ns3:cad>81</ns3:cad>
          </ns3:TrackPointExtension>
        </extensions>
      </trkpt>
      <trkpt lat="39.979611150920391082763671875" lon="116.5055775828659534454345703125">
        <ele>35.200000762939453125</ele>
        <time>2026-08-20T11:16:51.000Z</time>
        <extensions>
          <ns3:TrackPointExtension>
            <ns3:hr>143</ns3:hr>
            <ns3:cad>82</ns3:cad>
          </ns3:TrackPointExtension>
        </extensions>
      </trkpt>
      <trkpt lat="39.9796093069016933441162109375" lon="116.5055479109287261962890625">
        <ele>35.200000762939453125</ele>
        <time>2026-08-20T11:16:52.000Z</time>
        <extensions>
          <ns3:TrackPointExtension>
            <ns3:hr>143</ns3:hr>
            <ns3:cad>83</ns3:cad>
          </ns3:TrackPointExtension>
        </extensions>
      </trkpt>
      <trkpt lat="39.97960788197815418243408203125" lon="116.505522765219211578369140625">
        <ele>35</ele>
        <time>2026-08-20T11:16:53.000Z</time>
        <extensions>
          <ns3:TrackPointExtension>
            <ns3:hr>143</ns3:hr>
            <ns3:cad>83</ns3:cad>
          </ns3:TrackPointExtension>
        </extensions>
      </trkpt>
      <trkpt lat="39.9796022661030292510986328125" lon="116.50548932142555713653564453125">
        <ele>35</ele>
        <time>2026-08-20T11:16:54.000Z</time>
        <extensions>
          <ns3:TrackPointExtension>
            <ns3:hr>143</ns3:hr>
            <ns3:cad>83</ns3:cad>
          </ns3:TrackPointExtension>
        </extensions>
      </trkpt>
      <trkpt lat="39.97960117645561695098876953125" lon="116.5054632537066936492919921875">
        <ele>35</ele>
        <time>2026-08-20T11:16:55.000Z</time>
        <extensions>
          <ns3:TrackPointExtension>
            <ns3:hr>143</ns3:hr>
            <ns3:cad>83</ns3:cad>
          </ns3:TrackPointExtension>
        </extensions>
      </trkpt>
      <trkpt lat="39.97959673404693603515625" lon="116.50543349795043468475341796875">
        <ele>35</ele>
        <time>2026-08-20T11:16:56.000Z</time>
        <extensions>
          <ns3:TrackPointExtension>
            <ns3:hr>144</ns3:hr>
            <ns3:cad>83</ns3:cad>
          </ns3:TrackPointExtension>
        </extensions>
      </trkpt>
      <trkpt lat="39.9795958958566188812255859375" lon="116.5053985454142093658447265625">
        <ele>35</ele>
        <time>2026-08-20T11:16:57.000Z</time>
        <extensions>
          <ns3:TrackPointExtension>
            <ns3:hr>143</ns3:hr>
            <ns3:cad>83</ns3:cad>
          </ns3:TrackPointExtension>
        </extensions>
      </trkpt>
      <trkpt lat="39.9795888550579547882080078125" lon="116.5053697116672992706298828125">
        <ele>35</ele>
        <time>2026-08-20T11:16:58.000Z</time>
        <extensions>
          <ns3:TrackPointExtension>
            <ns3:hr>143</ns3:hr>
            <ns3:cad>82</ns3:cad>
          </ns3:TrackPointExtension>
        </extensions>
      </trkpt>
      <trkpt lat="39.97958759777247905731201171875" lon="116.50532788597047328948974609375">
        <ele>35</ele>
        <time>2026-08-20T11:16:59.000Z</time>
        <extensions>
          <ns3:TrackPointExtension>
            <ns3:hr>144</ns3:hr>
            <ns3:cad>82</ns3:cad>
          </ns3:TrackPointExtension>
        </extensions>
      </trkpt>
      <trkpt lat="39.97958424501121044158935546875" lon="116.50530056096613407135009765625">
        <ele>35</ele>
        <time>2026-08-20T11:17:00.000Z</time>
        <extensions>
          <ns3:TrackPointExtension>
            <ns3:hr>143</ns3:hr>
            <ns3:cad>82</ns3:cad>
          </ns3:TrackPointExtension>
        </extensions>
      </trkpt>
      <trkpt lat="39.97957468964159488677978515625" lon="116.5052743256092071533203125">
        <ele>35</ele>
        <time>2026-08-20T11:17:01.000Z</time>
        <extensions>
          <ns3:TrackPointExtension>
            <ns3:hr>144</ns3:hr>
            <ns3:cad>82</ns3:cad>
          </ns3:TrackPointExtension>
        </extensions>
      </trkpt>
      <trkpt lat="39.97957527637481689453125" lon="116.50524406693875789642333984375">
        <ele>35</ele>
        <time>2026-08-20T11:17:02.000Z</time>
        <extensions>
          <ns3:TrackPointExtension>
            <ns3:hr>144</ns3:hr>
            <ns3:cad>82</ns3:cad>
          </ns3:TrackPointExtension>
        </extensions>
      </trkpt>
      <trkpt lat="39.97957468964159488677978515625" lon="116.50521690957248210906982421875">
        <ele>35</ele>
        <time>2026-08-20T11:17:03.000Z</time>
        <extensions>
          <ns3:TrackPointExtension>
            <ns3:hr>144</ns3:hr>
            <ns3:cad>82</ns3:cad>
          </ns3:TrackPointExtension>
        </extensions>
      </trkpt>
      <trkpt lat="39.97957066632807254791259765625" lon="116.5051866509020328521728515625">
        <ele>35</ele>
        <time>2026-08-20T11:17:04.000Z</time>
        <extensions>
          <ns3:TrackPointExtension>
            <ns3:hr>144</ns3:hr>
            <ns3:cad>81</ns3:cad>
          </ns3:TrackPointExtension>
        </extensions>
      </trkpt>
      <trkpt lat="39.979562200605869293212890625" lon="116.50515974499285221099853515625">
        <ele>35</ele>
        <time>2026-08-20T11:17:05.000Z</time>
        <extensions>
          <ns3:TrackPointExtension>
            <ns3:hr>144</ns3:hr>
            <ns3:cad>82</ns3:cad>
          </ns3:TrackPointExtension>
        </extensions>
      </trkpt>
      <trkpt lat="39.979559518396854400634765625" lon="116.50513577274978160858154296875">
        <ele>35</ele>
        <time>2026-08-20T11:17:06.000Z</time>
        <extensions>
          <ns3:TrackPointExtension>
            <ns3:hr>144</ns3:hr>
            <ns3:cad>82</ns3:cad>
          </ns3:TrackPointExtension>
        </extensions>
      </trkpt>
      <trkpt lat="39.979555495083332061767578125" lon="116.5051078610122203826904296875">
        <ele>35</ele>
        <time>2026-08-20T11:17:07.000Z</time>
        <extensions>
          <ns3:TrackPointExtension>
            <ns3:hr>144</ns3:hr>
            <ns3:cad>82</ns3:cad>
          </ns3:TrackPointExtension>
        </extensions>
      </trkpt>
      <trkpt lat="39.97955381870269775390625" lon="116.5050753392279148101806640625">
        <ele>35</ele>
        <time>2026-08-20T11:17:08.000Z</time>
        <extensions>
          <ns3:TrackPointExtension>
            <ns3:hr>144</ns3:hr>
            <ns3:cad>82</ns3:cad>
          </ns3:TrackPointExtension>
        </extensions>
      </trkpt>
      <trkpt lat="39.97954920865595340728759765625" lon="116.50505161844193935394287109375">
        <ele>34.799999237060546875</ele>
        <time>2026-08-20T11:17:09.000Z</time>
        <extensions>
          <ns3:TrackPointExtension>
            <ns3:hr>144</ns3:hr>
            <ns3:cad>82</ns3:cad>
          </ns3:TrackPointExtension>
        </extensions>
      </trkpt>
      <trkpt lat="39.97954644262790679931640625" lon="116.50501071475446224212646484375">
        <ele>34.799999237060546875</ele>
        <time>2026-08-20T11:17:10.000Z</time>
        <extensions>
          <ns3:TrackPointExtension>
            <ns3:hr>144</ns3:hr>
            <ns3:cad>81</ns3:cad>
          </ns3:TrackPointExtension>
        </extensions>
      </trkpt>
      <trkpt lat="39.97954853810369968414306640625" lon="116.5049819648265838623046875">
        <ele>34.799999237060546875</ele>
        <time>2026-08-20T11:17:11.000Z</time>
        <extensions>
          <ns3:TrackPointExtension>
            <ns3:hr>145</ns3:hr>
            <ns3:cad>81</ns3:cad>
          </ns3:TrackPointExtension>
        </extensions>
      </trkpt>
      <trkpt lat="39.97954602353274822235107421875" lon="116.50495153851807117462158203125">
        <ele>34.799999237060546875</ele>
        <time>2026-08-20T11:17:12.000Z</time>
        <extensions>
          <ns3:TrackPointExtension>
            <ns3:hr>145</ns3:hr>
            <ns3:cad>81</ns3:cad>
          </ns3:TrackPointExtension>
        </extensions>
      </trkpt>
      <trkpt lat="39.97954233549535274505615234375" lon="116.5049180947244167327880859375">
        <ele>35</ele>
        <time>2026-08-20T11:17:13.000Z</time>
        <extensions>
          <ns3:TrackPointExtension>
            <ns3:hr>145</ns3:hr>
            <ns3:cad>83</ns3:cad>
          </ns3:TrackPointExtension>
        </extensions>
      </trkpt>
      <trkpt lat="39.97953361831605434417724609375" lon="116.50489588268101215362548828125">
        <ele>35</ele>
        <time>2026-08-20T11:17:14.000Z</time>
        <extensions>
          <ns3:TrackPointExtension>
            <ns3:hr>144</ns3:hr>
            <ns3:cad>83</ns3:cad>
          </ns3:TrackPointExtension>
        </extensions>
      </trkpt>
      <trkpt lat="39.97952775098383426666259765625" lon="116.50486352853477001190185546875">
        <ele>35</ele>
        <time>2026-08-20T11:17:15.000Z</time>
        <extensions>
          <ns3:TrackPointExtension>
            <ns3:hr>145</ns3:hr>
            <ns3:cad>83</ns3:cad>
          </ns3:TrackPointExtension>
        </extensions>
      </trkpt>
      <trkpt lat="39.97952473349869251251220703125" lon="116.50483486242592334747314453125">
        <ele>35</ele>
        <time>2026-08-20T11:17:16.000Z</time>
        <extensions>
          <ns3:TrackPointExtension>
            <ns3:hr>145</ns3:hr>
            <ns3:cad>82</ns3:cad>
          </ns3:TrackPointExtension>
        </extensions>
      </trkpt>
      <trkpt lat="39.97952188365161418914794921875" lon="116.50480770505964756011962890625">
        <ele>35</ele>
        <time>2026-08-20T11:17:17.000Z</time>
        <extensions>
          <ns3:TrackPointExtension>
            <ns3:hr>144</ns3:hr>
            <ns3:cad>82</ns3:cad>
          </ns3:TrackPointExtension>
        </extensions>
      </trkpt>
      <trkpt lat="39.9795234762132167816162109375" lon="116.50476797483861446380615234375">
        <ele>35</ele>
        <time>2026-08-20T11:17:18.000Z</time>
        <extensions>
          <ns3:TrackPointExtension>
            <ns3:hr>145</ns3:hr>
            <ns3:cad>83</ns3:cad>
          </ns3:TrackPointExtension>
        </extensions>
      </trkpt>
      <trkpt lat="39.97951735742390155792236328125" lon="116.50474081747233867645263671875">
        <ele>35</ele>
        <time>2026-08-20T11:17:19.000Z</time>
        <extensions>
          <ns3:TrackPointExtension>
            <ns3:hr>145</ns3:hr>
            <ns3:cad>83</ns3:cad>
          </ns3:TrackPointExtension>
        </extensions>
      </trkpt>
      <trkpt lat="39.9795083887875080108642578125" lon="116.5047062002122402191162109375">
        <ele>35</ele>
        <time>2026-08-20T11:17:20.000Z</time>
        <extensions>
          <ns3:TrackPointExtension>
            <ns3:hr>145</ns3:hr>
            <ns3:cad>82</ns3:cad>
          </ns3:TrackPointExtension>
        </extensions>
      </trkpt>
      <trkpt lat="39.97950897552073001861572265625" lon="116.50466320104897022247314453125">
        <ele>35</ele>
        <time>2026-08-20T11:17:21.000Z</time>
        <extensions>
          <ns3:TrackPointExtension>
            <ns3:hr>144</ns3:hr>
            <ns3:cad>82</ns3:cad>
          </ns3:TrackPointExtension>
        </extensions>
      </trkpt>
      <trkpt lat="39.9795068800449371337890625" lon="116.50463688187301158905029296875">
        <ele>34.799999237060546875</ele>
        <time>2026-08-20T11:17:22.000Z</time>
        <extensions>
          <ns3:TrackPointExtension>
            <ns3:hr>144</ns3:hr>
            <ns3:cad>82</ns3:cad>
          </ns3:TrackPointExtension>
        </extensions>
      </trkpt>
      <trkpt lat="39.97950478456914424896240234375" lon="116.50460620410740375518798828125">
        <ele>34.799999237060546875</ele>
        <time>2026-08-20T11:17:23.000Z</time>
        <extensions>
          <ns3:TrackPointExtension>
            <ns3:hr>144</ns3:hr>
            <ns3:cad>81</ns3:cad>
          </ns3:TrackPointExtension>
        </extensions>
      </trkpt>
      <trkpt lat="39.97950310818850994110107421875" lon="116.50457485578954219818115234375">
        <ele>34.799999237060546875</ele>
        <time>2026-08-20T11:17:24.000Z</time>
        <extensions>
          <ns3:TrackPointExtension>
            <ns3:hr>145</ns3:hr>
            <ns3:cad>81</ns3:cad>
          </ns3:TrackPointExtension>
        </extensions>
      </trkpt>
      <trkpt lat="39.9794969893991947174072265625" lon="116.504547782242298126220703125">
        <ele>34.799999237060546875</ele>
        <time>2026-08-20T11:17:25.000Z</time>
        <extensions>
          <ns3:TrackPointExtension>
            <ns3:hr>145</ns3:hr>
            <ns3:cad>82</ns3:cad>
          </ns3:TrackPointExtension>
        </extensions>
      </trkpt>
      <trkpt lat="39.97948877513408660888671875" lon="116.5045160986483097076416015625">
        <ele>34.799999237060546875</ele>
        <time>2026-08-20T11:17:26.000Z</time>
        <extensions>
          <ns3:TrackPointExtension>
            <ns3:hr>145</ns3:hr>
            <ns3:cad>82</ns3:cad>
          </ns3:TrackPointExtension>
        </extensions>
      </trkpt>
      <trkpt lat="39.979481734335422515869140625" lon="116.5044909529387950897216796875">
        <ele>34.799999237060546875</ele>
        <time>2026-08-20T11:17:27.000Z</time>
        <extensions>
          <ns3:TrackPointExtension>
            <ns3:hr>144</ns3:hr>
            <ns3:cad>82</ns3:cad>
          </ns3:TrackPointExtension>
        </extensions>
      </trkpt>
      <trkpt lat="39.979475028812885284423828125" lon="116.50446354411542415618896484375">
        <ele>34.59999847412109375</ele>
        <time>2026-08-20T11:17:28.000Z</time>
        <extensions>
          <ns3:TrackPointExtension>
            <ns3:hr>144</ns3:hr>
            <ns3:cad>82</ns3:cad>
          </ns3:TrackPointExtension>
        </extensions>
      </trkpt>
      <trkpt lat="39.97948114760220050811767578125" lon="116.504428088665008544921875">
        <ele>34.59999847412109375</ele>
        <time>2026-08-20T11:17:29.000Z</time>
        <extensions>
          <ns3:TrackPointExtension>
            <ns3:hr>144</ns3:hr>
            <ns3:cad>82</ns3:cad>
          </ns3:TrackPointExtension>
        </extensions>
      </trkpt>
      <trkpt lat="39.97947377152740955352783203125" lon="116.50440436787903308868408203125">
        <ele>34.799999237060546875</ele>
        <time>2026-08-20T11:17:30.000Z</time>
        <extensions>
          <ns3:TrackPointExtension>
            <ns3:hr>144</ns3:hr>
            <ns3:cad>82</ns3:cad>
          </ns3:TrackPointExtension>
        </extensions>
      </trkpt>
      <trkpt lat="39.9794661439955234527587890625" lon="116.5043726004660129547119140625">
        <ele>34.59999847412109375</ele>
        <time>2026-08-20T11:17:31.000Z</time>
        <extensions>
          <ns3:TrackPointExtension>
            <ns3:hr>144</ns3:hr>
            <ns3:cad>82</ns3:cad>
          </ns3:TrackPointExtension>
        </extensions>
      </trkpt>
      <trkpt lat="39.9794564209878444671630859375" lon="116.50433915667235851287841796875">
        <ele>34.59999847412109375</ele>
        <time>2026-08-20T11:17:32.000Z</time>
        <extensions>
          <ns3:TrackPointExtension>
            <ns3:hr>144</ns3:hr>
            <ns3:cad>82</ns3:cad>
          </ns3:TrackPointExtension>
        </extensions>
      </trkpt>
      <trkpt lat="39.9794487096369266510009765625" lon="116.504315100610256195068359375">
        <ele>34.59999847412109375</ele>
        <time>2026-08-20T11:17:33.000Z</time>
        <extensions>
          <ns3:TrackPointExtension>
            <ns3:hr>144</ns3:hr>
            <ns3:cad>83</ns3:cad>
          </ns3:TrackPointExtension>
        </extensions>
      </trkpt>
      <trkpt lat="39.9794342927634716033935546875" lon="116.50428266264498233795166015625">
        <ele>34.59999847412109375</ele>
        <time>2026-08-20T11:17:34.000Z</time>
        <extensions>
          <ns3:TrackPointExtension>
            <ns3:hr>144</ns3:hr>
            <ns3:cad>83</ns3:cad>
          </ns3:TrackPointExtension>
        </extensions>
      </trkpt>
      <trkpt lat="39.97941643930971622467041015625" lon="116.50426422245800495147705078125">
        <ele>34.59999847412109375</ele>
        <time>2026-08-20T11:17:35.000Z</time>
        <extensions>
          <ns3:TrackPointExtension>
            <ns3:hr>143</ns3:hr>
            <ns3:cad>83</ns3:cad>
          </ns3:TrackPointExtension>
        </extensions>
      </trkpt>
      <trkpt lat="39.9793995916843414306640625" lon="116.5042475424706935882568359375">
        <ele>34.59999847412109375</ele>
        <time>2026-08-20T11:17:36.000Z</time>
        <extensions>
          <ns3:TrackPointExtension>
            <ns3:hr>144</ns3:hr>
            <ns3:cad>83</ns3:cad>
          </ns3:TrackPointExtension>
        </extensions>
      </trkpt>
      <trkpt lat="39.979379139840602874755859375" lon="116.50422248058021068572998046875">
        <ele>34.799999237060546875</ele>
        <time>2026-08-20T11:17:37.000Z</time>
        <extensions>
          <ns3:TrackPointExtension>
            <ns3:hr>144</ns3:hr>
            <ns3:cad>82</ns3:cad>
          </ns3:TrackPointExtension>
        </extensions>
      </trkpt>
      <trkpt lat="39.97936229221522808074951171875" lon="116.5042173676192760467529296875">
        <ele>34.799999237060546875</ele>
        <time>2026-08-20T11:17:38.000Z</time>
        <extensions>
          <ns3:TrackPointExtension>
            <ns3:hr>144</ns3:hr>
            <ns3:cad>82</ns3:cad>
          </ns3:TrackPointExtension>
        </extensions>
      </trkpt>
      <trkpt lat="39.97933588922023773193359375" lon="116.504206471145153045654296875">
        <ele>34.799999237060546875</ele>
        <time>2026-08-20T11:17:39.000Z</time>
        <extensions>
          <ns3:TrackPointExtension>
            <ns3:hr>143</ns3:hr>
            <ns3:cad>82</ns3:cad>
          </ns3:TrackPointExtension>
        </extensions>
      </trkpt>
      <trkpt lat="39.97931577265262603759765625" lon="116.50418912060558795928955078125">
        <ele>34.59999847412109375</ele>
        <time>2026-08-20T11:17:40.000Z</time>
        <extensions>
          <ns3:TrackPointExtension>
            <ns3:hr>144</ns3:hr>
            <ns3:cad>82</ns3:cad>
          </ns3:TrackPointExtension>
        </extensions>
      </trkpt>
      <trkpt lat="39.979298673570156097412109375" lon="116.50418794713914394378662109375">
        <ele>34.59999847412109375</ele>
        <time>2026-08-20T11:17:41.000Z</time>
        <extensions>
          <ns3:TrackPointExtension>
            <ns3:hr>144</ns3:hr>
            <ns3:cad>82</ns3:cad>
          </ns3:TrackPointExtension>
        </extensions>
      </trkpt>
      <trkpt lat="39.9792696721851825714111328125" lon="116.50417185388505458831787109375">
        <ele>34.59999847412109375</ele>
        <time>2026-08-20T11:17:42.000Z</time>
        <extensions>
          <ns3:TrackPointExtension>
            <ns3:hr>143</ns3:hr>
            <ns3:cad>82</ns3:cad>
          </ns3:TrackPointExtension>
        </extensions>
      </trkpt>
      <trkpt lat="39.97924896888434886932373046875" lon="116.5041610412299633026123046875">
        <ele>34.40000152587890625</ele>
        <time>2026-08-20T11:17:43.000Z</time>
        <extensions>
          <ns3:TrackPointExtension>
            <ns3:hr>143</ns3:hr>
            <ns3:cad>82</ns3:cad>
          </ns3:TrackPointExtension>
        </extensions>
      </trkpt>
      <trkpt lat="39.97922918759286403656005859375" lon="116.50413899682462215423583984375">
        <ele>34.40000152587890625</ele>
        <time>2026-08-20T11:17:44.000Z</time>
        <extensions>
          <ns3:TrackPointExtension>
            <ns3:hr>143</ns3:hr>
            <ns3:cad>81</ns3:cad>
          </ns3:TrackPointExtension>
        </extensions>
      </trkpt>
      <trkpt lat="39.979218542575836181640625" lon="116.50410479865968227386474609375">
        <ele>34.59999847412109375</ele>
        <time>2026-08-20T11:17:45.000Z</time>
        <extensions>
          <ns3:TrackPointExtension>
            <ns3:hr>143</ns3:hr>
            <ns3:cad>82</ns3:cad>
          </ns3:TrackPointExtension>
        </extensions>
      </trkpt>
      <trkpt lat="39.97921376489102840423583984375" lon="116.5040780603885650634765625">
        <ele>34.40000152587890625</ele>
        <time>2026-08-20T11:17:46.000Z</time>
        <extensions>
          <ns3:TrackPointExtension>
            <ns3:hr>143</ns3:hr>
            <ns3:cad>82</ns3:cad>
          </ns3:TrackPointExtension>
        </extensions>
      </trkpt>
      <trkpt lat="39.9792158603668212890625" lon="116.5040390007197856903076171875">
        <ele>34.40000152587890625</ele>
        <time>2026-08-20T11:17:47.000Z</time>
        <extensions>
          <ns3:TrackPointExtension>
            <ns3:hr>143</ns3:hr>
            <ns3:cad>82</ns3:cad>
          </ns3:TrackPointExtension>
        </extensions>
      </trkpt>
      <trkpt lat="39.979218877851963043212890625" lon="116.5040034614503383636474609375">
        <ele>34.40000152587890625</ele>
        <time>2026-08-20T11:17:48.000Z</time>
        <extensions>
          <ns3:TrackPointExtension>
            <ns3:hr>142</ns3:hr>
            <ns3:cad>82</ns3:cad>
          </ns3:TrackPointExtension>
        </extensions>
      </trkpt>
      <trkpt lat="39.97921460308134555816650390625" lon="116.50397144258022308349609375">
        <ele>34.40000152587890625</ele>
        <time>2026-08-20T11:17:49.000Z</time>
        <extensions>
          <ns3:TrackPointExtension>
            <ns3:hr>142</ns3:hr>
            <ns3:cad>82</ns3:cad>
          </ns3:TrackPointExtension>
        </extensions>
      </trkpt>
      <trkpt lat="39.97922725975513458251953125" lon="116.50393330492079257965087890625">
        <ele>34.200000762939453125</ele>
        <time>2026-08-20T11:17:50.000Z</time>
        <extensions>
          <ns3:TrackPointExtension>
            <ns3:hr>142</ns3:hr>
            <ns3:cad>82</ns3:cad>
          </ns3:TrackPointExtension>
        </extensions>
      </trkpt>
      <trkpt lat="39.97923689894378185272216796875" lon="116.50390966795384883880615234375">
        <ele>34.200000762939453125</ele>
        <time>2026-08-20T11:17:51.000Z</time>
        <extensions>
          <ns3:TrackPointExtension>
            <ns3:hr>142</ns3:hr>
            <ns3:cad>83</ns3:cad>
          </ns3:TrackPointExtension>
        </extensions>
      </trkpt>
      <trkpt lat="39.97924737632274627685546875" lon="116.5038836002349853515625">
        <ele>34.200000762939453125</ele>
        <time>2026-08-20T11:17:52.000Z</time>
        <extensions>
          <ns3:TrackPointExtension>
            <ns3:hr>143</ns3:hr>
            <ns3:cad>83</ns3:cad>
          </ns3:TrackPointExtension>
        </extensions>
      </trkpt>
      <trkpt lat="39.97926254756748676300048828125" lon="116.50385468266904354095458984375">
        <ele>34.200000762939453125</ele>
        <time>2026-08-20T11:17:53.000Z</time>
        <extensions>
          <ns3:TrackPointExtension>
            <ns3:hr>142</ns3:hr>
            <ns3:cad>84</ns3:cad>
          </ns3:TrackPointExtension>
        </extensions>
      </trkpt>
      <trkpt lat="39.9792629666626453399658203125" lon="116.50383691303431987762451171875">
        <ele>34.200000762939453125</ele>
        <time>2026-08-20T11:17:54.000Z</time>
        <extensions>
          <ns3:TrackPointExtension>
            <ns3:hr>142</ns3:hr>
            <ns3:cad>84</ns3:cad>
          </ns3:TrackPointExtension>
        </extensions>
      </trkpt>
      <trkpt lat="39.9792703427374362945556640625" lon="116.5038053132593631744384765625">
        <ele>34.200000762939453125</ele>
        <time>2026-08-20T11:17:55.000Z</time>
        <extensions>
          <ns3:TrackPointExtension>
            <ns3:hr>143</ns3:hr>
            <ns3:cad>83</ns3:cad>
          </ns3:TrackPointExtension>
        </extensions>
      </trkpt>
      <trkpt lat="39.979282915592193603515625" lon="116.503780670464038848876953125">
        <ele>34.200000762939453125</ele>
        <time>2026-08-20T11:17:56.000Z</time>
        <extensions>
          <ns3:TrackPointExtension>
            <ns3:hr>142</ns3:hr>
            <ns3:cad>82</ns3:cad>
          </ns3:TrackPointExtension>
        </extensions>
      </trkpt>
      <trkpt lat="39.97929020784795284271240234375" lon="116.5037533454596996307373046875">
        <ele>34</ele>
        <time>2026-08-20T11:17:57.000Z</time>
        <extensions>
          <ns3:TrackPointExtension>
            <ns3:hr>142</ns3:hr>
            <ns3:cad>82</ns3:cad>
          </ns3:TrackPointExtension>
        </extensions>
      </trkpt>
      <trkpt lat="39.97929540462791919708251953125" lon="116.5037251822650432586669921875">
        <ele>34.200000762939453125</ele>
        <time>2026-08-20T11:17:58.000Z</time>
        <extensions>
          <ns3:TrackPointExtension>
            <ns3:hr>142</ns3:hr>
            <ns3:cad>82</ns3:cad>
          </ns3:TrackPointExtension>
        </extensions>
      </trkpt>
      <trkpt lat="39.97930294834077358245849609375" lon="116.5036998689174652099609375">
        <ele>34.40000152587890625</ele>
        <time>2026-08-20T11:17:59.000Z</time>
        <extensions>
          <ns3:TrackPointExtension>
            <ns3:hr>143</ns3:hr>
            <ns3:cad>82</ns3:cad>
          </ns3:TrackPointExtension>
        </extensions>
      </trkpt>
      <trkpt lat="39.97930848039686679840087890625" lon="116.5036732144653797149658203125">
        <ele>34.200000762939453125</ele>
        <time>2026-08-20T11:18:00.000Z</time>
        <extensions>
          <ns3:TrackPointExtension>
            <ns3:hr>142</ns3:hr>
            <ns3:cad>82</ns3:cad>
          </ns3:TrackPointExtension>
        </extensions>
      </trkpt>
      <trkpt lat="39.979318119585514068603515625" lon="116.50363742373883724212646484375">
        <ele>34.200000762939453125</ele>
        <time>2026-08-20T11:18:01.000Z</time>
        <extensions>
          <ns3:TrackPointExtension>
            <ns3:hr>142</ns3:hr>
            <ns3:cad>82</ns3:cad>
          </ns3:TrackPointExtension>
        </extensions>
      </trkpt>
      <trkpt lat="39.979321472346782684326171875" lon="116.5036111883819103240966796875">
        <ele>34</ele>
        <time>2026-08-20T11:18:02.000Z</time>
        <extensions>
          <ns3:TrackPointExtension>
            <ns3:hr>143</ns3:hr>
            <ns3:cad>82</ns3:cad>
          </ns3:TrackPointExtension>
        </extensions>
      </trkpt>
      <trkpt lat="39.97932306490838527679443359375" lon="116.50358327664434909820556640625">
        <ele>33.799999237060546875</ele>
        <time>2026-08-20T11:18:03.000Z</time>
        <extensions>
          <ns3:TrackPointExtension>
            <ns3:hr>143</ns3:hr>
            <ns3:cad>82</ns3:cad>
          </ns3:TrackPointExtension>
        </extensions>
      </trkpt>
      <trkpt lat="39.9793293513357639312744140625" lon="116.50355125777423381805419921875">
        <ele>33.40000152587890625</ele>
        <time>2026-08-20T11:18:04.000Z</time>
        <extensions>
          <ns3:TrackPointExtension>
            <ns3:hr>143</ns3:hr>
            <ns3:cad>82</ns3:cad>
          </ns3:TrackPointExtension>
        </extensions>
      </trkpt>
      <trkpt lat="39.979330860078334808349609375" lon="116.503526531159877777099609375">
        <ele>33.200000762939453125</ele>
        <time>2026-08-20T11:18:05.000Z</time>
        <extensions>
          <ns3:TrackPointExtension>
            <ns3:hr>142</ns3:hr>
            <ns3:cad>82</ns3:cad>
          </ns3:TrackPointExtension>
        </extensions>
      </trkpt>
      <trkpt lat="39.97933329083025455474853515625" lon="116.50349241681396961212158203125">
        <ele>33.200000762939453125</ele>
        <time>2026-08-20T11:18:06.000Z</time>
        <extensions>
          <ns3:TrackPointExtension>
            <ns3:hr>142</ns3:hr>
            <ns3:cad>82</ns3:cad>
          </ns3:TrackPointExtension>
        </extensions>
      </trkpt>
      <trkpt lat="39.97933664359152317047119140625" lon="116.503461487591266632080078125">
        <ele>33</ele>
        <time>2026-08-20T11:18:07.000Z</time>
        <extensions>
          <ns3:TrackPointExtension>
            <ns3:hr>142</ns3:hr>
            <ns3:cad>82</ns3:cad>
          </ns3:TrackPointExtension>
        </extensions>
      </trkpt>
      <trkpt lat="39.97933949343860149383544921875" lon="116.50343424640595912933349609375">
        <ele>32.799999237060546875</ele>
        <time>2026-08-20T11:18:08.000Z</time>
        <extensions>
          <ns3:TrackPointExtension>
            <ns3:hr>142</ns3:hr>
            <ns3:cad>82</ns3:cad>
          </ns3:TrackPointExtension>
        </extensions>
      </trkpt>
      <trkpt lat="39.979341924190521240234375" lon="116.5034013055264949798583984375">
        <ele>32.799999237060546875</ele>
        <time>2026-08-20T11:18:09.000Z</time>
        <extensions>
          <ns3:TrackPointExtension>
            <ns3:hr>143</ns3:hr>
            <ns3:cad>82</ns3:cad>
          </ns3:TrackPointExtension>
        </extensions>
      </trkpt>
      <trkpt lat="39.9793427623808383941650390625" lon="116.50336769409477710723876953125">
        <ele>32.799999237060546875</ele>
        <time>2026-08-20T11:18:10.000Z</time>
        <extensions>
          <ns3:TrackPointExtension>
            <ns3:hr>142</ns3:hr>
            <ns3:cad>82</ns3:cad>
          </ns3:TrackPointExtension>
        </extensions>
      </trkpt>
      <trkpt lat="39.97933899052441120147705078125" lon="116.50333986617624759674072265625">
        <ele>32.799999237060546875</ele>
        <time>2026-08-20T11:18:11.000Z</time>
        <extensions>
          <ns3:TrackPointExtension>
            <ns3:hr>142</ns3:hr>
            <ns3:cad>82</ns3:cad>
          </ns3:TrackPointExtension>
        </extensions>
      </trkpt>
      <trkpt lat="39.9793508090078830718994140625" lon="116.50330751203000545501708984375">
        <ele>32.799999237060546875</ele>
        <time>2026-08-20T11:18:12.000Z</time>
        <extensions>
          <ns3:TrackPointExtension>
            <ns3:hr>143</ns3:hr>
            <ns3:cad>82</ns3:cad>
          </ns3:TrackPointExtension>
        </extensions>
      </trkpt>
      <trkpt lat="39.9793539941310882568359375" lon="116.50327197276055812835693359375">
        <ele>32.799999237060546875</ele>
        <time>2026-08-20T11:18:13.000Z</time>
        <extensions>
          <ns3:TrackPointExtension>
            <ns3:hr>142</ns3:hr>
            <ns3:cad>82</ns3:cad>
          </ns3:TrackPointExtension>
        </extensions>
      </trkpt>
      <trkpt lat="39.979358352720737457275390625" lon="116.50324548594653606414794921875">
        <ele>32.59999847412109375</ele>
        <time>2026-08-20T11:18:14.000Z</time>
        <extensions>
          <ns3:TrackPointExtension>
            <ns3:hr>142</ns3:hr>
            <ns3:cad>82</ns3:cad>
          </ns3:TrackPointExtension>
        </extensions>
      </trkpt>
      <trkpt lat="39.9793568439781665802001953125" lon="116.5032143890857696533203125">
        <ele>32.59999847412109375</ele>
        <time>2026-08-20T11:18:15.000Z</time>
        <extensions>
          <ns3:TrackPointExtension>
            <ns3:hr>143</ns3:hr>
            <ns3:cad>82</ns3:cad>
          </ns3:TrackPointExtension>
        </extensions>
      </trkpt>
      <trkpt lat="39.97935642488300800323486328125" lon="116.5031890757381916046142578125">
        <ele>32.59999847412109375</ele>
        <time>2026-08-20T11:18:16.000Z</time>
        <extensions>
          <ns3:TrackPointExtension>
            <ns3:hr>142</ns3:hr>
            <ns3:cad>82</ns3:cad>
          </ns3:TrackPointExtension>
        </extensions>
      </trkpt>
      <trkpt lat="39.97935575433075428009033203125" lon="116.5031585656106472015380859375">
        <ele>32.40000152587890625</ele>
        <time>2026-08-20T11:18:17.000Z</time>
        <extensions>
          <ns3:TrackPointExtension>
            <ns3:hr>142</ns3:hr>
            <ns3:cad>82</ns3:cad>
          </ns3:TrackPointExtension>
        </extensions>
      </trkpt>
      <trkpt lat="39.9793539941310882568359375" lon="116.50313098914921283721923828125">
        <ele>32.40000152587890625</ele>
        <time>2026-08-20T11:18:18.000Z</time>
        <extensions>
          <ns3:TrackPointExtension>
            <ns3:hr>143</ns3:hr>
            <ns3:cad>82</ns3:cad>
          </ns3:TrackPointExtension>
        </extensions>
      </trkpt>
      <trkpt lat="39.979352653026580810546875" lon="116.5031002275645732879638671875">
        <ele>32.40000152587890625</ele>
        <time>2026-08-20T11:18:19.000Z</time>
        <extensions>
          <ns3:TrackPointExtension>
            <ns3:hr>142</ns3:hr>
            <ns3:cad>82</ns3:cad>
          </ns3:TrackPointExtension>
        </extensions>
      </trkpt>
      <trkpt lat="39.97935005463659763336181640625" lon="116.503061167895793914794921875">
        <ele>32.59999847412109375</ele>
        <time>2026-08-20T11:18:20.000Z</time>
        <extensions>
          <ns3:TrackPointExtension>
            <ns3:hr>142</ns3:hr>
            <ns3:cad>82</ns3:cad>
          </ns3:TrackPointExtension>
        </extensions>
      </trkpt>
      <trkpt lat="39.9793539941310882568359375" lon="116.503029651939868927001953125">
        <ele>32.59999847412109375</ele>
        <time>2026-08-20T11:18:21.000Z</time>
        <extensions>
          <ns3:TrackPointExtension>
            <ns3:hr>143</ns3:hr>
            <ns3:cad>81</ns3:cad>
          </ns3:TrackPointExtension>
        </extensions>
      </trkpt>
      <trkpt lat="39.97935374267399311065673828125" lon="116.5029899217188358306884765625">
        <ele>32.59999847412109375</ele>
        <time>2026-08-20T11:18:22.000Z</time>
        <extensions>
          <ns3:TrackPointExtension>
            <ns3:hr>142</ns3:hr>
            <ns3:cad>81</ns3:cad>
          </ns3:TrackPointExtension>
        </extensions>
      </trkpt>
      <trkpt lat="39.97935508377850055694580078125" lon="116.5029470063745975494384765625">
        <ele>32.59999847412109375</ele>
        <time>2026-08-20T11:18:23.000Z</time>
        <extensions>
          <ns3:TrackPointExtension>
            <ns3:hr>143</ns3:hr>
            <ns3:cad>80</ns3:cad>
          </ns3:TrackPointExtension>
        </extensions>
      </trkpt>
      <trkpt lat="39.97935156337916851043701171875" lon="116.50292026810348033905029296875">
        <ele>32.59999847412109375</ele>
        <time>2026-08-20T11:18:24.000Z</time>
        <extensions>
          <ns3:TrackPointExtension>
            <ns3:hr>143</ns3:hr>
            <ns3:cad>81</ns3:cad>
          </ns3:TrackPointExtension>
        </extensions>
      </trkpt>
      <trkpt lat="39.97934997081756591796875" lon="116.5028933621942996978759765625">
        <ele>32.59999847412109375</ele>
        <time>2026-08-20T11:18:25.000Z</time>
        <extensions>
          <ns3:TrackPointExtension>
            <ns3:hr>143</ns3:hr>
            <ns3:cad>81</ns3:cad>
          </ns3:TrackPointExtension>
        </extensions>
      </trkpt>
      <trkpt lat="39.97933278791606426239013671875" lon="116.50285606272518634796142578125">
        <ele>32.59999847412109375</ele>
        <time>2026-08-20T11:18:26.000Z</time>
        <extensions>
          <ns3:TrackPointExtension>
            <ns3:hr>143</ns3:hr>
            <ns3:cad>81</ns3:cad>
          </ns3:TrackPointExtension>
        </extensions>
      </trkpt>
      <trkpt lat="39.97934133745729923248291015625" lon="116.5028246305882930755615234375">
        <ele>32.59999847412109375</ele>
        <time>2026-08-20T11:18:27.000Z</time>
        <extensions>
          <ns3:TrackPointExtension>
            <ns3:hr>143</ns3:hr>
            <ns3:cad>81</ns3:cad>
          </ns3:TrackPointExtension>
        </extensions>
      </trkpt>
      <trkpt lat="39.979330860078334808349609375" lon="116.50279722176492214202880859375">
        <ele>32.40000152587890625</ele>
        <time>2026-08-20T11:18:28.000Z</time>
        <extensions>
          <ns3:TrackPointExtension>
            <ns3:hr>143</ns3:hr>
            <ns3:cad>81</ns3:cad>
          </ns3:TrackPointExtension>
        </extensions>
      </trkpt>
      <trkpt lat="39.97932977043092250823974609375" lon="116.50277995504438877105712890625">
        <ele>32.59999847412109375</ele>
        <time>2026-08-20T11:18:29.000Z</time>
        <extensions>
          <ns3:TrackPointExtension>
            <ns3:hr>143</ns3:hr>
            <ns3:cad>80</ns3:cad>
          </ns3:TrackPointExtension>
        </extensions>
      </trkpt>
      <trkpt lat="39.97932205908000469207763671875" lon="116.50276310741901397705078125">
        <ele>32.59999847412109375</ele>
        <time>2026-08-20T11:18:30.000Z</time>
        <extensions>
          <ns3:TrackPointExtension>
            <ns3:hr>143</ns3:hr>
            <ns3:cad>80</ns3:cad>
          </ns3:TrackPointExtension>
        </extensions>
      </trkpt>
      <trkpt lat="39.9793202988803386688232421875" lon="116.502737291157245635986328125">
        <ele>32.799999237060546875</ele>
        <time>2026-08-20T11:18:31.000Z</time>
        <extensions>
          <ns3:TrackPointExtension>
            <ns3:hr>143</ns3:hr>
            <ns3:cad>81</ns3:cad>
          </ns3:TrackPointExtension>
        </extensions>
      </trkpt>
      <trkpt lat="39.97932407073676586151123046875" lon="116.502721197903156280517578125">
        <ele>33</ele>
        <time>2026-08-20T11:18:32.000Z</time>
        <extensions>
          <ns3:TrackPointExtension>
            <ns3:hr>143</ns3:hr>
            <ns3:cad>82</ns3:cad>
          </ns3:TrackPointExtension>
        </extensions>
      </trkpt>
      <trkpt lat="39.97931954450905323028564453125" lon="116.50270409882068634033203125">
        <ele>33.200000762939453125</ele>
        <time>2026-08-20T11:18:33.000Z</time>
        <extensions>
          <ns3:TrackPointExtension>
            <ns3:hr>143</ns3:hr>
            <ns3:cad>82</ns3:cad>
          </ns3:TrackPointExtension>
        </extensions>
      </trkpt>
      <trkpt lat="39.97931568883359432220458984375" lon="116.5026811324059963226318359375">
        <ele>33.40000152587890625</ele>
        <time>2026-08-20T11:18:34.000Z</time>
        <extensions>
          <ns3:TrackPointExtension>
            <ns3:hr>143</ns3:hr>
            <ns3:cad>82</ns3:cad>
          </ns3:TrackPointExtension>
        </extensions>
      </trkpt>
      <trkpt lat="39.9793164432048797607421875" lon="116.5026459284126758575439453125">
        <ele>33.59999847412109375</ele>
        <time>2026-08-20T11:18:35.000Z</time>
        <extensions>
          <ns3:TrackPointExtension>
            <ns3:hr>143</ns3:hr>
            <ns3:cad>79</ns3:cad>
          </ns3:TrackPointExtension>
        </extensions>
      </trkpt>
      <trkpt lat="39.9793149344623088836669921875" lon="116.50261600501835346221923828125">
        <ele>33.799999237060546875</ele>
        <time>2026-08-20T11:18:36.000Z</time>
        <extensions>
          <ns3:TrackPointExtension>
            <ns3:hr>142</ns3:hr>
            <ns3:cad>79</ns3:cad>
          </ns3:TrackPointExtension>
        </extensions>
      </trkpt>
      <trkpt lat="39.9793145991861820220947265625" lon="116.502585746347904205322265625">
        <ele>33.799999237060546875</ele>
        <time>2026-08-20T11:18:37.000Z</time>
        <extensions>
          <ns3:TrackPointExtension>
            <ns3:hr>142</ns3:hr>
            <ns3:cad>79</ns3:cad>
          </ns3:TrackPointExtension>
        </extensions>
      </trkpt>
      <trkpt lat="39.9793276749551296234130859375" lon="116.5025574155151844024658203125">
        <ele>34</ele>
        <time>2026-08-20T11:18:38.000Z</time>
        <extensions>
          <ns3:TrackPointExtension>
            <ns3:hr>142</ns3:hr>
            <ns3:cad>79</ns3:cad>
          </ns3:TrackPointExtension>
        </extensions>
      </trkpt>
      <trkpt lat="39.9793290160596370697021484375" lon="116.502539478242397308349609375">
        <ele>34.200000762939453125</ele>
        <time>2026-08-20T11:18:39.000Z</time>
        <extensions>
          <ns3:TrackPointExtension>
            <ns3:hr>142</ns3:hr>
            <ns3:cad>79</ns3:cad>
          </ns3:TrackPointExtension>
        </extensions>
      </trkpt>
      <trkpt lat="39.9793283455073833465576171875" lon="116.5025161765515804290771484375">
        <ele>34.40000152587890625</ele>
        <time>2026-08-20T11:18:40.000Z</time>
        <extensions>
          <ns3:TrackPointExtension>
            <ns3:hr>142</ns3:hr>
            <ns3:cad>79</ns3:cad>
          </ns3:TrackPointExtension>
        </extensions>
      </trkpt>
      <trkpt lat="39.97934435494244098663330078125" lon="116.50249111466109752655029296875">
        <ele>34.40000152587890625</ele>
        <time>2026-08-20T11:18:41.000Z</time>
        <extensions>
          <ns3:TrackPointExtension>
            <ns3:hr>142</ns3:hr>
            <ns3:cad>79</ns3:cad>
          </ns3:TrackPointExtension>
        </extensions>
      </trkpt>
      <trkpt lat="39.9793581850826740264892578125" lon="116.50247820653021335601806640625">
        <ele>34.59999847412109375</ele>
        <time>2026-08-20T11:18:42.000Z</time>
        <extensions>
          <ns3:TrackPointExtension>
            <ns3:hr>143</ns3:hr>
            <ns3:cad>80</ns3:cad>
          </ns3:TrackPointExtension>
        </extensions>
      </trkpt>
      <trkpt lat="39.9793783016502857208251953125" lon="116.50247384794056415557861328125">
        <ele>34.59999847412109375</ele>
        <time>2026-08-20T11:18:43.000Z</time>
        <extensions>
          <ns3:TrackPointExtension>
            <ns3:hr>143</ns3:hr>
            <ns3:cad>80</ns3:cad>
          </ns3:TrackPointExtension>
        </extensions>
      </trkpt>
      <trkpt lat="39.97939313761889934539794921875" lon="116.50249077938497066497802734375">
        <ele>34.59999847412109375</ele>
        <time>2026-08-20T11:18:44.000Z</time>
        <extensions>
          <ns3:TrackPointExtension>
            <ns3:hr>143</ns3:hr>
            <ns3:cad>79</ns3:cad>
          </ns3:TrackPointExtension>
        </extensions>
      </trkpt>
      <trkpt lat="39.97940436936914920806884765625" lon="116.50250150822103023529052734375">
        <ele>34.59999847412109375</ele>
        <time>2026-08-20T11:18:45.000Z</time>
        <extensions>
          <ns3:TrackPointExtension>
            <ns3:hr>143</ns3:hr>
            <ns3:cad>79</ns3:cad>
          </ns3:TrackPointExtension>
        </extensions>
      </trkpt>
      <trkpt lat="39.97940436936914920806884765625" lon="116.50250150822103023529052734375">
        <ele>34.59999847412109375</ele>
        <time>2026-08-20T11:18:46.000Z</time>
        <extensions>
          <ns3:TrackPointExtension>
            <ns3:hr>143</ns3:hr>
            <ns3:cad>80</ns3:cad>
          </ns3:TrackPointExtension>
        </extensions>
      </trkpt>
      <trkpt lat="39.97945097275078296661376953125" lon="116.50253905914723873138427734375">
        <ele>34.59999847412109375</ele>
        <time>2026-08-20T11:18:47.000Z</time>
        <extensions>
          <ns3:TrackPointExtension>
            <ns3:hr>143</ns3:hr>
            <ns3:cad>80</ns3:cad>
          </ns3:TrackPointExtension>
        </extensions>
      </trkpt>
      <trkpt lat="39.97946891002357006072998046875" lon="116.50254358537495136260986328125">
        <ele>34.59999847412109375</ele>
        <time>2026-08-20T11:18:48.000Z</time>
        <extensions>
          <ns3:TrackPointExtension>
            <ns3:hr>143</ns3:hr>
            <ns3:cad>81</ns3:cad>
          </ns3:TrackPointExtension>
        </extensions>
      </trkpt>
      <trkpt lat="39.979491122066974639892578125" lon="116.50255121290683746337890625">
        <ele>34.59999847412109375</ele>
        <time>2026-08-20T11:18:49.000Z</time>
        <extensions>
          <ns3:TrackPointExtension>
            <ns3:hr>144</ns3:hr>
            <ns3:cad>81</ns3:cad>
          </ns3:TrackPointExtension>
        </extensions>
      </trkpt>
      <trkpt lat="39.9795077182352542877197265625" lon="116.502555571496486663818359375">
        <ele>34.59999847412109375</ele>
        <time>2026-08-20T11:18:50.000Z</time>
        <extensions>
          <ns3:TrackPointExtension>
            <ns3:hr>144</ns3:hr>
            <ns3:cad>81</ns3:cad>
          </ns3:TrackPointExtension>
        </extensions>
      </trkpt>
      <trkpt lat="39.97952456586062908172607421875" lon="116.50255389511585235595703125">
        <ele>34.59999847412109375</ele>
        <time>2026-08-20T11:18:51.000Z</time>
        <extensions>
          <ns3:TrackPointExtension>
            <ns3:hr>145</ns3:hr>
            <ns3:cad>81</ns3:cad>
          </ns3:TrackPointExtension>
        </extensions>
      </trkpt>
      <trkpt lat="39.979548789560794830322265625" lon="116.50255632586777210235595703125">
        <ele>34.59999847412109375</ele>
        <time>2026-08-20T11:18:52.000Z</time>
        <extensions>
          <ns3:TrackPointExtension>
            <ns3:hr>145</ns3:hr>
            <ns3:cad>81</ns3:cad>
          </ns3:TrackPointExtension>
        </extensions>
      </trkpt>
      <trkpt lat="39.97956580482423305511474609375" lon="116.5025510452687740325927734375">
        <ele>34.799999237060546875</ele>
        <time>2026-08-20T11:18:53.000Z</time>
        <extensions>
          <ns3:TrackPointExtension>
            <ns3:hr>146</ns3:hr>
            <ns3:cad>81</ns3:cad>
          </ns3:TrackPointExtension>
        </extensions>
      </trkpt>
      <trkpt lat="39.97958592139184474945068359375" lon="116.5025465190410614013671875">
        <ele>34.799999237060546875</ele>
        <time>2026-08-20T11:18:54.000Z</time>
        <extensions>
          <ns3:TrackPointExtension>
            <ns3:hr>146</ns3:hr>
            <ns3:cad>81</ns3:cad>
          </ns3:TrackPointExtension>
        </extensions>
      </trkpt>
      <trkpt lat="39.9796109832823276519775390625" lon="116.50255481712520122528076171875">
        <ele>34.799999237060546875</ele>
        <time>2026-08-20T11:18:55.000Z</time>
        <extensions>
          <ns3:TrackPointExtension>
            <ns3:hr>146</ns3:hr>
            <ns3:cad>80</ns3:cad>
          </ns3:TrackPointExtension>
        </extensions>
      </trkpt>
      <trkpt lat="39.9796327762305736541748046875" lon="116.50255448184907436370849609375">
        <ele>34.799999237060546875</ele>
        <time>2026-08-20T11:18:56.000Z</time>
        <extensions>
          <ns3:TrackPointExtension>
            <ns3:hr>146</ns3:hr>
            <ns3:cad>80</ns3:cad>
          </ns3:TrackPointExtension>
        </extensions>
      </trkpt>
      <trkpt lat="39.97965507209300994873046875" lon="116.50255565531551837921142578125">
        <ele>34.799999237060546875</ele>
        <time>2026-08-20T11:18:57.000Z</time>
        <extensions>
          <ns3:TrackPointExtension>
            <ns3:hr>146</ns3:hr>
            <ns3:cad>80</ns3:cad>
          </ns3:TrackPointExtension>
        </extensions>
      </trkpt>
      <trkpt lat="39.9796773679554462432861328125" lon="116.502555906772613525390625">
        <ele>34.799999237060546875</ele>
        <time>2026-08-20T11:18:58.000Z</time>
        <extensions>
          <ns3:TrackPointExtension>
            <ns3:hr>147</ns3:hr>
            <ns3:cad>80</ns3:cad>
          </ns3:TrackPointExtension>
        </extensions>
      </trkpt>
      <trkpt lat="39.97969572432339191436767578125" lon="116.50254911743104457855224609375">
        <ele>34.799999237060546875</ele>
        <time>2026-08-20T11:18:59.000Z</time>
        <extensions>
          <ns3:TrackPointExtension>
            <ns3:hr>147</ns3:hr>
            <ns3:cad>80</ns3:cad>
          </ns3:TrackPointExtension>
        </extensions>
      </trkpt>
      <trkpt lat="39.979716427624225616455078125" lon="116.5025545656681060791015625">
        <ele>34.799999237060546875</ele>
        <time>2026-08-20T11:19:00.000Z</time>
        <extensions>
          <ns3:TrackPointExtension>
            <ns3:hr>147</ns3:hr>
            <ns3:cad>80</ns3:cad>
          </ns3:TrackPointExtension>
        </extensions>
      </trkpt>
      <trkpt lat="39.9797375500202178955078125" lon="116.50255414657294750213623046875">
        <ele>34.799999237060546875</ele>
        <time>2026-08-20T11:19:01.000Z</time>
        <extensions>
          <ns3:TrackPointExtension>
            <ns3:hr>147</ns3:hr>
            <ns3:cad>82</ns3:cad>
          </ns3:TrackPointExtension>
        </extensions>
      </trkpt>
      <trkpt lat="39.9797588400542736053466796875" lon="116.50255121290683746337890625">
        <ele>34.799999237060546875</ele>
        <time>2026-08-20T11:19:02.000Z</time>
        <extensions>
          <ns3:TrackPointExtension>
            <ns3:hr>147</ns3:hr>
            <ns3:cad>82</ns3:cad>
          </ns3:TrackPointExtension>
        </extensions>
      </trkpt>
      <trkpt lat="39.9797839857637882232666015625" lon="116.50255347602069377899169921875">
        <ele>34.799999237060546875</ele>
        <time>2026-08-20T11:19:03.000Z</time>
        <extensions>
          <ns3:TrackPointExtension>
            <ns3:hr>147</ns3:hr>
            <ns3:cad>79</ns3:cad>
          </ns3:TrackPointExtension>
        </extensions>
      </trkpt>
      <trkpt lat="39.9798030965030193328857421875" lon="116.502548865973949432373046875">
        <ele>34.799999237060546875</ele>
        <time>2026-08-20T11:19:04.000Z</time>
        <extensions>
          <ns3:TrackPointExtension>
            <ns3:hr>146</ns3:hr>
            <ns3:cad>83</ns3:cad>
          </ns3:TrackPointExtension>
        </extensions>
      </trkpt>
      <trkpt lat="39.97982849366962909698486328125" lon="116.5025557391345500946044921875">
        <ele>34.799999237060546875</ele>
        <time>2026-08-20T11:19:05.000Z</time>
        <extensions>
          <ns3:TrackPointExtension>
            <ns3:hr>146</ns3:hr>
            <ns3:cad>83</ns3:cad>
          </ns3:TrackPointExtension>
        </extensions>
      </trkpt>
      <trkpt lat="39.97984844259917736053466796875" lon="116.502555571496486663818359375">
        <ele>34.799999237060546875</ele>
        <time>2026-08-20T11:19:06.000Z</time>
        <extensions>
          <ns3:TrackPointExtension>
            <ns3:hr>146</ns3:hr>
            <ns3:cad>82</ns3:cad>
          </ns3:TrackPointExtension>
        </extensions>
      </trkpt>
      <trkpt lat="39.97987073846161365509033203125" lon="116.50255565531551837921142578125">
        <ele>34.799999237060546875</ele>
        <time>2026-08-20T11:19:07.000Z</time>
        <extensions>
          <ns3:TrackPointExtension>
            <ns3:hr>146</ns3:hr>
            <ns3:cad>82</ns3:cad>
          </ns3:TrackPointExtension>
        </extensions>
      </trkpt>
      <trkpt lat="39.97989621944725513458251953125" lon="116.502565629780292510986328125">
        <ele>34.799999237060546875</ele>
        <time>2026-08-20T11:19:08.000Z</time>
        <extensions>
          <ns3:TrackPointExtension>
            <ns3:hr>147</ns3:hr>
            <ns3:cad>82</ns3:cad>
          </ns3:TrackPointExtension>
        </extensions>
      </trkpt>
      <trkpt lat="39.979914240539073944091796875" lon="116.502558253705501556396484375">
        <ele>34.799999237060546875</ele>
        <time>2026-08-20T11:19:09.000Z</time>
        <extensions>
          <ns3:TrackPointExtension>
            <ns3:hr>146</ns3:hr>
            <ns3:cad>82</ns3:cad>
          </ns3:TrackPointExtension>
        </extensions>
      </trkpt>
      <trkpt lat="39.97994265519082546234130859375" lon="116.50255850516259670257568359375">
        <ele>34.799999237060546875</ele>
        <time>2026-08-20T11:19:10.000Z</time>
        <extensions>
          <ns3:TrackPointExtension>
            <ns3:hr>146</ns3:hr>
            <ns3:cad>82</ns3:cad>
          </ns3:TrackPointExtension>
        </extensions>
      </trkpt>
      <trkpt lat="39.97996394522488117218017578125" lon="116.502562947571277618408203125">
        <ele>34.799999237060546875</ele>
        <time>2026-08-20T11:19:11.000Z</time>
        <extensions>
          <ns3:TrackPointExtension>
            <ns3:hr>146</ns3:hr>
            <ns3:cad>83</ns3:cad>
          </ns3:TrackPointExtension>
        </extensions>
      </trkpt>
      <trkpt lat="39.97998171485960483551025390625" lon="116.5025564096868038177490234375">
        <ele>34.799999237060546875</ele>
        <time>2026-08-20T11:19:12.000Z</time>
        <extensions>
          <ns3:TrackPointExtension>
            <ns3:hr>147</ns3:hr>
            <ns3:cad>83</ns3:cad>
          </ns3:TrackPointExtension>
        </extensions>
      </trkpt>
      <trkpt lat="39.9800035916268825531005859375" lon="116.50254609994590282440185546875">
        <ele>34.799999237060546875</ele>
        <time>2026-08-20T11:19:13.000Z</time>
        <extensions>
          <ns3:TrackPointExtension>
            <ns3:hr>146</ns3:hr>
            <ns3:cad>83</ns3:cad>
          </ns3:TrackPointExtension>
        </extensions>
      </trkpt>
      <trkpt lat="39.98001960106194019317626953125" lon="116.50253386236727237701416015625">
        <ele>34.799999237060546875</ele>
        <time>2026-08-20T11:19:14.000Z</time>
        <extensions>
          <ns3:TrackPointExtension>
            <ns3:hr>146</ns3:hr>
            <ns3:cad>83</ns3:cad>
          </ns3:TrackPointExtension>
        </extensions>
      </trkpt>
      <trkpt lat="39.98002924025058746337890625" lon="116.50251894257962703704833984375">
        <ele>34.799999237060546875</ele>
        <time>2026-08-20T11:19:15.000Z</time>
        <extensions>
          <ns3:TrackPointExtension>
            <ns3:hr>146</ns3:hr>
            <ns3:cad>83</ns3:cad>
          </ns3:TrackPointExtension>
        </extensions>
      </trkpt>
      <trkpt lat="39.98003468848764896392822265625" lon="116.50250025093555450439453125">
        <ele>34.799999237060546875</ele>
        <time>2026-08-20T11:19:16.000Z</time>
        <extensions>
          <ns3:TrackPointExtension>
            <ns3:hr>146</ns3:hr>
            <ns3:cad>83</ns3:cad>
          </ns3:TrackPointExtension>
        </extensions>
      </trkpt>
      <trkpt lat="39.98004927299916744232177734375" lon="116.502483822405338287353515625">
        <ele>34.799999237060546875</ele>
        <time>2026-08-20T11:19:17.000Z</time>
        <extensions>
          <ns3:TrackPointExtension>
            <ns3:hr>145</ns3:hr>
            <ns3:cad>79</ns3:cad>
          </ns3:TrackPointExtension>
        </extensions>
      </trkpt>
      <trkpt lat="39.9800659529864788055419921875" lon="116.502474434673786163330078125">
        <ele>35</ele>
        <time>2026-08-20T11:19:18.000Z</time>
        <extensions>
          <ns3:TrackPointExtension>
            <ns3:hr>145</ns3:hr>
            <ns3:cad>79</ns3:cad>
          </ns3:TrackPointExtension>
        </extensions>
      </trkpt>
      <trkpt lat="39.9800827167928218841552734375" lon="116.502459347248077392578125">
        <ele>35</ele>
        <time>2026-08-20T11:19:19.000Z</time>
        <extensions>
          <ns3:TrackPointExtension>
            <ns3:hr>145</ns3:hr>
            <ns3:cad>79</ns3:cad>
          </ns3:TrackPointExtension>
        </extensions>
      </trkpt>
      <trkpt lat="39.98010844923555850982666015625" lon="116.50246261619031429290771484375">
        <ele>35</ele>
        <time>2026-08-20T11:19:20.000Z</time>
        <extensions>
          <ns3:TrackPointExtension>
            <ns3:hr>145</ns3:hr>
            <ns3:cad>79</ns3:cad>
          </ns3:TrackPointExtension>
        </extensions>
      </trkpt>
      <trkpt lat="39.98012102209031581878662109375" lon="116.50244920514523983001708984375">
        <ele>35</ele>
        <time>2026-08-20T11:19:21.000Z</time>
        <extensions>
          <ns3:TrackPointExtension>
            <ns3:hr>144</ns3:hr>
            <ns3:cad>0</ns3:cad>
          </ns3:TrackPointExtension>
        </extensions>
      </trkpt>
      <trkpt lat="39.98014449141919612884521484375" lon="116.5024445950984954833984375">
        <ele>34.799999237060546875</ele>
        <time>2026-08-20T11:19:22.000Z</time>
        <extensions>
          <ns3:TrackPointExtension>
            <ns3:hr>144</ns3:hr>
            <ns3:cad>0</ns3:cad>
          </ns3:TrackPointExtension>
        </extensions>
      </trkpt>
      <trkpt lat="39.9801668711006641387939453125" lon="116.50244870223104953765869140625">
        <ele>34.59999847412109375</ele>
        <time>2026-08-20T11:19:23.000Z</time>
        <extensions>
          <ns3:TrackPointExtension>
            <ns3:hr>143</ns3:hr>
            <ns3:cad>0</ns3:cad>
          </ns3:TrackPointExtension>
        </extensions>
      </trkpt>
      <trkpt lat="39.980187825858592987060546875" lon="116.50244182907044887542724609375">
        <ele>34.59999847412109375</ele>
        <time>2026-08-20T11:19:24.000Z</time>
        <extensions>
          <ns3:TrackPointExtension>
            <ns3:hr>143</ns3:hr>
            <ns3:cad>0</ns3:cad>
          </ns3:TrackPointExtension>
        </extensions>
      </trkpt>
      <trkpt lat="39.9802158214151859283447265625" lon="116.5024484507739543914794921875">
        <ele>34.59999847412109375</ele>
        <time>2026-08-20T11:19:25.000Z</time>
        <extensions>
          <ns3:TrackPointExtension>
            <ns3:hr>142</ns3:hr>
            <ns3:cad>83</ns3:cad>
          </ns3:TrackPointExtension>
        </extensions>
      </trkpt>
      <trkpt lat="39.98023719526827335357666015625" lon="116.50244853459298610687255859375">
        <ele>34.799999237060546875</ele>
        <time>2026-08-20T11:19:26.000Z</time>
        <extensions>
          <ns3:TrackPointExtension>
            <ns3:hr>142</ns3:hr>
            <ns3:cad>83</ns3:cad>
          </ns3:TrackPointExtension>
        </extensions>
      </trkpt>
      <trkpt lat="39.98026301153004169464111328125" lon="116.50244568474590778350830078125">
        <ele>34.799999237060546875</ele>
        <time>2026-08-20T11:19:27.000Z</time>
        <extensions>
          <ns3:TrackPointExtension>
            <ns3:hr>141</ns3:hr>
            <ns3:cad>83</ns3:cad>
          </ns3:TrackPointExtension>
        </extensions>
      </trkpt>
      <trkpt lat="39.9802855588495731353759765625" lon="116.50245188735425472259521484375">
        <ele>34.799999237060546875</ele>
        <time>2026-08-20T11:19:28.000Z</time>
        <extensions>
          <ns3:TrackPointExtension>
            <ns3:hr>141</ns3:hr>
            <ns3:cad>83</ns3:cad>
          </ns3:TrackPointExtension>
        </extensions>
      </trkpt>
      <trkpt lat="39.98030341230332851409912109375" lon="116.5024481154978275299072265625">
        <ele>34.799999237060546875</ele>
        <time>2026-08-20T11:19:29.000Z</time>
        <extensions>
          <ns3:TrackPointExtension>
            <ns3:hr>141</ns3:hr>
            <ns3:cad>82</ns3:cad>
          </ns3:TrackPointExtension>
        </extensions>
      </trkpt>
      <trkpt lat="39.98033325187861919403076171875" lon="116.5024507977068424224853515625">
        <ele>35</ele>
        <time>2026-08-20T11:19:30.000Z</time>
        <extensions>
          <ns3:TrackPointExtension>
            <ns3:hr>141</ns3:hr>
            <ns3:cad>82</ns3:cad>
          </ns3:TrackPointExtension>
        </extensions>
      </trkpt>
      <trkpt lat="39.98035487718880176544189453125" lon="116.5024491213262081146240234375">
        <ele>34.799999237060546875</ele>
        <time>2026-08-20T11:19:31.000Z</time>
        <extensions>
          <ns3:TrackPointExtension>
            <ns3:hr>141</ns3:hr>
            <ns3:cad>83</ns3:cad>
          </ns3:TrackPointExtension>
        </extensions>
      </trkpt>
      <trkpt lat="39.980372227728366851806640625" lon="116.50243931449949741363525390625">
        <ele>34.799999237060546875</ele>
        <time>2026-08-20T11:19:32.000Z</time>
        <extensions>
          <ns3:TrackPointExtension>
            <ns3:hr>141</ns3:hr>
            <ns3:cad>83</ns3:cad>
          </ns3:TrackPointExtension>
        </extensions>
      </trkpt>
      <trkpt lat="39.98040248639881610870361328125" lon="116.502444930374622344970703125">
        <ele>34.799999237060546875</ele>
        <time>2026-08-20T11:19:33.000Z</time>
        <extensions>
          <ns3:TrackPointExtension>
            <ns3:hr>141</ns3:hr>
            <ns3:cad>83</ns3:cad>
          </ns3:TrackPointExtension>
        </extensions>
      </trkpt>
      <trkpt lat="39.98042042367160320281982421875" lon="116.502442248165607452392578125">
        <ele>35</ele>
        <time>2026-08-20T11:19:34.000Z</time>
        <extensions>
          <ns3:TrackPointExtension>
            <ns3:hr>141</ns3:hr>
            <ns3:cad>83</ns3:cad>
          </ns3:TrackPointExtension>
        </extensions>
      </trkpt>
      <trkpt lat="39.980441965162754058837890625" lon="116.50243830867111682891845703125">
        <ele>35</ele>
        <time>2026-08-20T11:19:35.000Z</time>
        <extensions>
          <ns3:TrackPointExtension>
            <ns3:hr>142</ns3:hr>
            <ns3:cad>82</ns3:cad>
          </ns3:TrackPointExtension>
        </extensions>
      </trkpt>
      <trkpt lat="39.98046669177711009979248046875" lon="116.50243964977562427520751953125">
        <ele>35</ele>
        <time>2026-08-20T11:19:36.000Z</time>
        <extensions>
          <ns3:TrackPointExtension>
            <ns3:hr>142</ns3:hr>
            <ns3:cad>81</ns3:cad>
          </ns3:TrackPointExtension>
        </extensions>
      </trkpt>
      <trkpt lat="39.98048295266926288604736328125" lon="116.502433530986309051513671875">
        <ele>35</ele>
        <time>2026-08-20T11:19:37.000Z</time>
        <extensions>
          <ns3:TrackPointExtension>
            <ns3:hr>141</ns3:hr>
            <ns3:cad>83</ns3:cad>
          </ns3:TrackPointExtension>
        </extensions>
      </trkpt>
      <trkpt lat="39.98050424270331859588623046875" lon="116.502437554299831390380859375">
        <ele>35</ele>
        <time>2026-08-20T11:19:38.000Z</time>
        <extensions>
          <ns3:TrackPointExtension>
            <ns3:hr>141</ns3:hr>
            <ns3:cad>83</ns3:cad>
          </ns3:TrackPointExtension>
        </extensions>
      </trkpt>
      <trkpt lat="39.98052276670932769775390625" lon="116.5024392306804656982421875">
        <ele>35</ele>
        <time>2026-08-20T11:19:39.000Z</time>
        <extensions>
          <ns3:TrackPointExtension>
            <ns3:hr>141</ns3:hr>
            <ns3:cad>83</ns3:cad>
          </ns3:TrackPointExtension>
        </extensions>
      </trkpt>
      <trkpt lat="39.98054556548595428466796875" lon="116.50243646465241909027099609375">
        <ele>35</ele>
        <time>2026-08-20T11:19:40.000Z</time>
        <extensions>
          <ns3:TrackPointExtension>
            <ns3:hr>141</ns3:hr>
            <ns3:cad>83</ns3:cad>
          </ns3:TrackPointExtension>
        </extensions>
      </trkpt>
      <trkpt lat="39.98056861571967601776123046875" lon="116.50244149379432201385498046875">
        <ele>35</ele>
        <time>2026-08-20T11:19:41.000Z</time>
        <extensions>
          <ns3:TrackPointExtension>
            <ns3:hr>142</ns3:hr>
            <ns3:cad>83</ns3:cad>
          </ns3:TrackPointExtension>
        </extensions>
      </trkpt>
      <trkpt lat="39.98058588244020938873291015625" lon="116.5024365484714508056640625">
        <ele>35</ele>
        <time>2026-08-20T11:19:42.000Z</time>
        <extensions>
          <ns3:TrackPointExtension>
            <ns3:hr>142</ns3:hr>
            <ns3:cad>82</ns3:cad>
          </ns3:TrackPointExtension>
        </extensions>
      </trkpt>
      <trkpt lat="39.98060951940715312957763671875" lon="116.5024350397288799285888671875">
        <ele>35</ele>
        <time>2026-08-20T11:19:43.000Z</time>
        <extensions>
          <ns3:TrackPointExtension>
            <ns3:hr>142</ns3:hr>
            <ns3:cad>82</ns3:cad>
          </ns3:TrackPointExtension>
        </extensions>
      </trkpt>
      <trkpt lat="39.98062871396541595458984375" lon="116.50243897922337055206298828125">
        <ele>35</ele>
        <time>2026-08-20T11:19:44.000Z</time>
        <extensions>
          <ns3:TrackPointExtension>
            <ns3:hr>141</ns3:hr>
            <ns3:cad>82</ns3:cad>
          </ns3:TrackPointExtension>
        </extensions>
      </trkpt>
      <trkpt lat="39.98064614832401275634765625" lon="116.50243545882403850555419921875">
        <ele>35</ele>
        <time>2026-08-20T11:19:45.000Z</time>
        <extensions>
          <ns3:TrackPointExtension>
            <ns3:hr>141</ns3:hr>
            <ns3:cad>83</ns3:cad>
          </ns3:TrackPointExtension>
        </extensions>
      </trkpt>
      <trkpt lat="39.98067221604287624359130859375" lon="116.50243529118597507476806640625">
        <ele>35</ele>
        <time>2026-08-20T11:19:46.000Z</time>
        <extensions>
          <ns3:TrackPointExtension>
            <ns3:hr>141</ns3:hr>
            <ns3:cad>82</ns3:cad>
          </ns3:TrackPointExtension>
        </extensions>
      </trkpt>
      <trkpt lat="39.98068998567759990692138671875" lon="116.50243059732019901275634765625">
        <ele>35</ele>
        <time>2026-08-20T11:19:47.000Z</time>
        <extensions>
          <ns3:TrackPointExtension>
            <ns3:hr>140</ns3:hr>
            <ns3:cad>82</ns3:cad>
          </ns3:TrackPointExtension>
        </extensions>
      </trkpt>
      <trkpt lat="39.9807093478739261627197265625" lon="116.502425484359264373779296875">
        <ele>35</ele>
        <time>2026-08-20T11:19:48.000Z</time>
        <extensions>
          <ns3:TrackPointExtension>
            <ns3:hr>140</ns3:hr>
            <ns3:cad>82</ns3:cad>
          </ns3:TrackPointExtension>
        </extensions>
      </trkpt>
      <trkpt lat="39.980731643736362457275390625" lon="116.5024263225495815277099609375">
        <ele>35</ele>
        <time>2026-08-20T11:19:49.000Z</time>
        <extensions>
          <ns3:TrackPointExtension>
            <ns3:hr>139</ns3:hr>
            <ns3:cad>82</ns3:cad>
          </ns3:TrackPointExtension>
        </extensions>
      </trkpt>
      <trkpt lat="39.980745725333690643310546875" lon="116.5024256519973278045654296875">
        <ele>35.200000762939453125</ele>
        <time>2026-08-20T11:19:50.000Z</time>
        <extensions>
          <ns3:TrackPointExtension>
            <ns3:hr>139</ns3:hr>
            <ns3:cad>82</ns3:cad>
          </ns3:TrackPointExtension>
        </extensions>
      </trkpt>
      <trkpt lat="39.98076659627258777618408203125" lon="116.502427160739898681640625">
        <ele>35.200000762939453125</ele>
        <time>2026-08-20T11:19:51.000Z</time>
        <extensions>
          <ns3:TrackPointExtension>
            <ns3:hr>139</ns3:hr>
            <ns3:cad>83</ns3:cad>
          </ns3:TrackPointExtension>
        </extensions>
      </trkpt>
      <trkpt lat="39.98078620992600917816162109375" lon="116.5024279989302158355712890625">
        <ele>35.200000762939453125</ele>
        <time>2026-08-20T11:19:52.000Z</time>
        <extensions>
          <ns3:TrackPointExtension>
            <ns3:hr>138</ns3:hr>
            <ns3:cad>83</ns3:cad>
          </ns3:TrackPointExtension>
        </extensions>
      </trkpt>
      <trkpt lat="39.98080448247492313385009765625" lon="116.50242271833121776580810546875">
        <ele>35.200000762939453125</ele>
        <time>2026-08-20T11:19:53.000Z</time>
        <extensions>
          <ns3:TrackPointExtension>
            <ns3:hr>138</ns3:hr>
            <ns3:cad>83</ns3:cad>
          </ns3:TrackPointExtension>
        </extensions>
      </trkpt>
      <trkpt lat="39.98082677833735942840576171875" lon="116.5024285018444061279296875">
        <ele>35.200000762939453125</ele>
        <time>2026-08-20T11:19:54.000Z</time>
        <extensions>
          <ns3:TrackPointExtension>
            <ns3:hr>138</ns3:hr>
            <ns3:cad>83</ns3:cad>
          </ns3:TrackPointExtension>
        </extensions>
      </trkpt>
      <trkpt lat="39.98084236867725849151611328125" lon="116.5024326927959918975830078125">
        <ele>35.200000762939453125</ele>
        <time>2026-08-20T11:19:55.000Z</time>
        <extensions>
          <ns3:TrackPointExtension>
            <ns3:hr>137</ns3:hr>
            <ns3:cad>82</ns3:cad>
          </ns3:TrackPointExtension>
        </extensions>
      </trkpt>
      <trkpt lat="39.98086634092032909393310546875" lon="116.50242984294891357421875">
        <ele>35.200000762939453125</ele>
        <time>2026-08-20T11:19:56.000Z</time>
        <extensions>
          <ns3:TrackPointExtension>
            <ns3:hr>137</ns3:hr>
            <ns3:cad>82</ns3:cad>
          </ns3:TrackPointExtension>
        </extensions>
      </trkpt>
      <trkpt lat="39.98088628984987735748291015625" lon="116.502433530986309051513671875">
        <ele>35.40000152587890625</ele>
        <time>2026-08-20T11:19:57.000Z</time>
        <extensions>
          <ns3:TrackPointExtension>
            <ns3:hr>138</ns3:hr>
            <ns3:cad>81</ns3:cad>
          </ns3:TrackPointExtension>
        </extensions>
      </trkpt>
      <trkpt lat="39.98090405948460102081298828125" lon="116.502434201538562774658203125">
        <ele>35.40000152587890625</ele>
        <time>2026-08-20T11:19:58.000Z</time>
        <extensions>
          <ns3:TrackPointExtension>
            <ns3:hr>138</ns3:hr>
            <ns3:cad>82</ns3:cad>
          </ns3:TrackPointExtension>
        </extensions>
      </trkpt>
      <trkpt lat="39.9809266068041324615478515625" lon="116.5024357102811336517333984375">
        <ele>35.40000152587890625</ele>
        <time>2026-08-20T11:19:59.000Z</time>
        <extensions>
          <ns3:TrackPointExtension>
            <ns3:hr>138</ns3:hr>
            <ns3:cad>82</ns3:cad>
          </ns3:TrackPointExtension>
        </extensions>
      </trkpt>
      <trkpt lat="39.9809470586478710174560546875" lon="116.50244467891752719879150390625">
        <ele>35.200000762939453125</ele>
        <time>2026-08-20T11:20:00.000Z</time>
        <extensions>
          <ns3:TrackPointExtension>
            <ns3:hr>138</ns3:hr>
            <ns3:cad>82</ns3:cad>
          </ns3:TrackPointExtension>
        </extensions>
      </trkpt>
      <trkpt lat="39.98096667230129241943359375" lon="116.50244434364140033721923828125">
        <ele>35.200000762939453125</ele>
        <time>2026-08-20T11:20:01.000Z</time>
        <extensions>
          <ns3:TrackPointExtension>
            <ns3:hr>138</ns3:hr>
            <ns3:cad>82</ns3:cad>
          </ns3:TrackPointExtension>
        </extensions>
      </trkpt>
      <trkpt lat="39.98099743388593196868896484375" lon="116.50244970805943012237548828125">
        <ele>35.200000762939453125</ele>
        <time>2026-08-20T11:20:02.000Z</time>
        <extensions>
          <ns3:TrackPointExtension>
            <ns3:hr>138</ns3:hr>
            <ns3:cad>82</ns3:cad>
          </ns3:TrackPointExtension>
        </extensions>
      </trkpt>
      <trkpt lat="39.98101671226322650909423828125" lon="116.50244853459298610687255859375">
        <ele>35.200000762939453125</ele>
        <time>2026-08-20T11:20:03.000Z</time>
        <extensions>
          <ns3:TrackPointExtension>
            <ns3:hr>138</ns3:hr>
            <ns3:cad>82</ns3:cad>
          </ns3:TrackPointExtension>
        </extensions>
      </trkpt>
      <trkpt lat="39.98104177415370941162109375" lon="116.50244317017495632171630859375">
        <ele>35.200000762939453125</ele>
        <time>2026-08-20T11:20:04.000Z</time>
        <extensions>
          <ns3:TrackPointExtension>
            <ns3:hr>138</ns3:hr>
            <ns3:cad>81</ns3:cad>
          </ns3:TrackPointExtension>
        </extensions>
      </trkpt>
      <trkpt lat="39.98106549493968486785888671875" lon="116.50244434364140033721923828125">
        <ele>35.200000762939453125</ele>
        <time>2026-08-20T11:20:05.000Z</time>
        <extensions>
          <ns3:TrackPointExtension>
            <ns3:hr>139</ns3:hr>
            <ns3:cad>81</ns3:cad>
          </ns3:TrackPointExtension>
        </extensions>
      </trkpt>
      <trkpt lat="39.98108661733567714691162109375" lon="116.50243914686143398284912109375">
        <ele>35.200000762939453125</ele>
        <time>2026-08-20T11:20:06.000Z</time>
        <extensions>
          <ns3:TrackPointExtension>
            <ns3:hr>138</ns3:hr>
            <ns3:cad>82</ns3:cad>
          </ns3:TrackPointExtension>
        </extensions>
      </trkpt>
      <trkpt lat="39.9811135232448577880859375" lon="116.5024370513856410980224609375">
        <ele>35.200000762939453125</ele>
        <time>2026-08-20T11:20:07.000Z</time>
        <extensions>
          <ns3:TrackPointExtension>
            <ns3:hr>138</ns3:hr>
            <ns3:cad>82</ns3:cad>
          </ns3:TrackPointExtension>
        </extensions>
      </trkpt>
      <trkpt lat="39.98113640584051609039306640625" lon="116.50243847630918025970458984375">
        <ele>35.200000762939453125</ele>
        <time>2026-08-20T11:20:08.000Z</time>
        <extensions>
          <ns3:TrackPointExtension>
            <ns3:hr>139</ns3:hr>
            <ns3:cad>82</ns3:cad>
          </ns3:TrackPointExtension>
        </extensions>
      </trkpt>
      <trkpt lat="39.9811582826077938079833984375" lon="116.5024424158036708831787109375">
        <ele>35.200000762939453125</ele>
        <time>2026-08-20T11:20:09.000Z</time>
        <extensions>
          <ns3:TrackPointExtension>
            <ns3:hr>139</ns3:hr>
            <ns3:cad>82</ns3:cad>
          </ns3:TrackPointExtension>
        </extensions>
      </trkpt>
      <trkpt lat="39.98117948882281780242919921875" lon="116.50244258344173431396484375">
        <ele>35.200000762939453125</ele>
        <time>2026-08-20T11:20:10.000Z</time>
        <extensions>
          <ns3:TrackPointExtension>
            <ns3:hr>139</ns3:hr>
            <ns3:cad>82</ns3:cad>
          </ns3:TrackPointExtension>
        </extensions>
      </trkpt>
      <trkpt lat="39.981196336448192596435546875" lon="116.50243948213756084442138671875">
        <ele>35.200000762939453125</ele>
        <time>2026-08-20T11:20:11.000Z</time>
        <extensions>
          <ns3:TrackPointExtension>
            <ns3:hr>139</ns3:hr>
            <ns3:cad>82</ns3:cad>
          </ns3:TrackPointExtension>
        </extensions>
      </trkpt>
      <trkpt lat="39.9812162853777408599853515625" lon="116.5024373866617679595947265625">
        <ele>35.200000762939453125</ele>
        <time>2026-08-20T11:20:12.000Z</time>
        <extensions>
          <ns3:TrackPointExtension>
            <ns3:hr>139</ns3:hr>
            <ns3:cad>81</ns3:cad>
          </ns3:TrackPointExtension>
        </extensions>
      </trkpt>
      <trkpt lat="39.98124084435403347015380859375" lon="116.50244258344173431396484375">
        <ele>35.200000762939453125</ele>
        <time>2026-08-20T11:20:13.000Z</time>
        <extensions>
          <ns3:TrackPointExtension>
            <ns3:hr>139</ns3:hr>
            <ns3:cad>81</ns3:cad>
          </ns3:TrackPointExtension>
        </extensions>
      </trkpt>
      <trkpt lat="39.98125392012298107147216796875" lon="116.50244283489882946014404296875">
        <ele>35.200000762939453125</ele>
        <time>2026-08-20T11:20:14.000Z</time>
        <extensions>
          <ns3:TrackPointExtension>
            <ns3:hr>139</ns3:hr>
            <ns3:cad>81</ns3:cad>
          </ns3:TrackPointExtension>
        </extensions>
      </trkpt>
      <trkpt lat="39.9812799878418445587158203125" lon="116.50244048796594142913818359375">
        <ele>35.200000762939453125</ele>
        <time>2026-08-20T11:20:15.000Z</time>
        <extensions>
          <ns3:TrackPointExtension>
            <ns3:hr>139</ns3:hr>
            <ns3:cad>81</ns3:cad>
          </ns3:TrackPointExtension>
        </extensions>
      </trkpt>
      <trkpt lat="39.9813001044094562530517578125" lon="116.5024392306804656982421875">
        <ele>35.40000152587890625</ele>
        <time>2026-08-20T11:20:16.000Z</time>
        <extensions>
          <ns3:TrackPointExtension>
            <ns3:hr>138</ns3:hr>
            <ns3:cad>82</ns3:cad>
          </ns3:TrackPointExtension>
        </extensions>
      </trkpt>
      <trkpt lat="39.98131913132965564727783203125" lon="116.50243378244340419769287109375">
        <ele>35.200000762939453125</ele>
        <time>2026-08-20T11:20:17.000Z</time>
        <extensions>
          <ns3:TrackPointExtension>
            <ns3:hr>139</ns3:hr>
            <ns3:cad>83</ns3:cad>
          </ns3:TrackPointExtension>
        </extensions>
      </trkpt>
      <trkpt lat="39.9813477136194705963134765625" lon="116.502439565956592559814453125">
        <ele>35.200000762939453125</ele>
        <time>2026-08-20T11:20:18.000Z</time>
        <extensions>
          <ns3:TrackPointExtension>
            <ns3:hr>139</ns3:hr>
            <ns3:cad>84</ns3:cad>
          </ns3:TrackPointExtension>
        </extensions>
      </trkpt>
      <trkpt lat="39.98136355541646480560302734375" lon="116.50243579410016536712646484375">
        <ele>35.200000762939453125</ele>
        <time>2026-08-20T11:20:19.000Z</time>
        <extensions>
          <ns3:TrackPointExtension>
            <ns3:hr>139</ns3:hr>
            <ns3:cad>84</ns3:cad>
          </ns3:TrackPointExtension>
        </extensions>
      </trkpt>
      <trkpt lat="39.9813869409263134002685546875" lon="116.50242942385375499725341796875">
        <ele>35.200000762939453125</ele>
        <time>2026-08-20T11:20:20.000Z</time>
        <extensions>
          <ns3:TrackPointExtension>
            <ns3:hr>138</ns3:hr>
            <ns3:cad>83</ns3:cad>
          </ns3:TrackPointExtension>
        </extensions>
      </trkpt>
      <trkpt lat="39.98140982352197170257568359375" lon="116.50243612937629222869873046875">
        <ele>35.200000762939453125</ele>
        <time>2026-08-20T11:20:21.000Z</time>
        <extensions>
          <ns3:TrackPointExtension>
            <ns3:hr>138</ns3:hr>
            <ns3:cad>83</ns3:cad>
          </ns3:TrackPointExtension>
        </extensions>
      </trkpt>
      <trkpt lat="39.9814288504421710968017578125" lon="116.5024363808333873748779296875">
        <ele>35.40000152587890625</ele>
        <time>2026-08-20T11:20:22.000Z</time>
        <extensions>
          <ns3:TrackPointExtension>
            <ns3:hr>138</ns3:hr>
            <ns3:cad>82</ns3:cad>
          </ns3:TrackPointExtension>
        </extensions>
      </trkpt>
      <trkpt lat="39.98144955374300479888916015625" lon="116.50243629701435565948486328125">
        <ele>35.40000152587890625</ele>
        <time>2026-08-20T11:20:23.000Z</time>
        <extensions>
          <ns3:TrackPointExtension>
            <ns3:hr>138</ns3:hr>
            <ns3:cad>82</ns3:cad>
          </ns3:TrackPointExtension>
        </extensions>
      </trkpt>
      <trkpt lat="39.98146958649158477783203125" lon="116.50243763811886310577392578125">
        <ele>35.40000152587890625</ele>
        <time>2026-08-20T11:20:24.000Z</time>
        <extensions>
          <ns3:TrackPointExtension>
            <ns3:hr>138</ns3:hr>
            <ns3:cad>82</ns3:cad>
          </ns3:TrackPointExtension>
        </extensions>
      </trkpt>
      <trkpt lat="39.981488697230815887451171875" lon="116.502438895404338836669921875">
        <ele>35.40000152587890625</ele>
        <time>2026-08-20T11:20:25.000Z</time>
        <extensions>
          <ns3:TrackPointExtension>
            <ns3:hr>138</ns3:hr>
            <ns3:cad>82</ns3:cad>
          </ns3:TrackPointExtension>
        </extensions>
      </trkpt>
      <trkpt lat="39.98151241801679134368896484375" lon="116.50244082324206829071044921875">
        <ele>35.40000152587890625</ele>
        <time>2026-08-20T11:20:26.000Z</time>
        <extensions>
          <ns3:TrackPointExtension>
            <ns3:hr>138</ns3:hr>
            <ns3:cad>82</ns3:cad>
          </ns3:TrackPointExtension>
        </extensions>
      </trkpt>
      <trkpt lat="39.98153261840343475341796875" lon="116.5024390630424022674560546875">
        <ele>35.40000152587890625</ele>
        <time>2026-08-20T11:20:27.000Z</time>
        <extensions>
          <ns3:TrackPointExtension>
            <ns3:hr>138</ns3:hr>
            <ns3:cad>82</ns3:cad>
          </ns3:TrackPointExtension>
        </extensions>
      </trkpt>
      <trkpt lat="39.98155365698039531707763671875" lon="116.5024400688707828521728515625">
        <ele>35.40000152587890625</ele>
        <time>2026-08-20T11:20:28.000Z</time>
        <extensions>
          <ns3:TrackPointExtension>
            <ns3:hr>137</ns3:hr>
            <ns3:cad>82</ns3:cad>
          </ns3:TrackPointExtension>
        </extensions>
      </trkpt>
      <trkpt lat="39.9815746955573558807373046875" lon="116.5024524740874767303466796875">
        <ele>35.40000152587890625</ele>
        <time>2026-08-20T11:20:29.000Z</time>
        <extensions>
          <ns3:TrackPointExtension>
            <ns3:hr>137</ns3:hr>
            <ns3:cad>82</ns3:cad>
          </ns3:TrackPointExtension>
        </extensions>
      </trkpt>
      <trkpt lat="39.98159221373498439788818359375" lon="116.50244836695492267608642578125">
        <ele>35.40000152587890625</ele>
        <time>2026-08-20T11:20:30.000Z</time>
        <extensions>
          <ns3:TrackPointExtension>
            <ns3:hr>137</ns3:hr>
            <ns3:cad>82</ns3:cad>
          </ns3:TrackPointExtension>
        </extensions>
      </trkpt>
      <trkpt lat="39.98161652125418186187744140625" lon="116.5024447627365589141845703125">
        <ele>35.40000152587890625</ele>
        <time>2026-08-20T11:20:31.000Z</time>
        <extensions>
          <ns3:TrackPointExtension>
            <ns3:hr>137</ns3:hr>
            <ns3:cad>83</ns3:cad>
          </ns3:TrackPointExtension>
        </extensions>
      </trkpt>
      <trkpt lat="39.9816373921930789947509765625" lon="116.50244685821235179901123046875">
        <ele>35.40000152587890625</ele>
        <time>2026-08-20T11:20:32.000Z</time>
        <extensions>
          <ns3:TrackPointExtension>
            <ns3:hr>137</ns3:hr>
            <ns3:cad>83</ns3:cad>
          </ns3:TrackPointExtension>
        </extensions>
      </trkpt>
      <trkpt lat="39.98165776021778583526611328125" lon="116.502448283135890960693359375">
        <ele>35.40000152587890625</ele>
        <time>2026-08-20T11:20:33.000Z</time>
        <extensions>
          <ns3:TrackPointExtension>
            <ns3:hr>138</ns3:hr>
            <ns3:cad>82</ns3:cad>
          </ns3:TrackPointExtension>
        </extensions>
      </trkpt>
      <trkpt lat="39.98168173246085643768310546875" lon="116.50245063006877899169921875">
        <ele>35.40000152587890625</ele>
        <time>2026-08-20T11:20:34.000Z</time>
        <extensions>
          <ns3:TrackPointExtension>
            <ns3:hr>137</ns3:hr>
            <ns3:cad>82</ns3:cad>
          </ns3:TrackPointExtension>
        </extensions>
      </trkpt>
      <trkpt lat="39.98170285485684871673583984375" lon="116.50244099088013172149658203125">
        <ele>35.40000152587890625</ele>
        <time>2026-08-20T11:20:35.000Z</time>
        <extensions>
          <ns3:TrackPointExtension>
            <ns3:hr>137</ns3:hr>
            <ns3:cad>81</ns3:cad>
          </ns3:TrackPointExtension>
        </extensions>
      </trkpt>
      <trkpt lat="39.981724061071872711181640625" lon="116.50243763811886310577392578125">
        <ele>35.40000152587890625</ele>
        <time>2026-08-20T11:20:36.000Z</time>
        <extensions>
          <ns3:TrackPointExtension>
            <ns3:hr>138</ns3:hr>
            <ns3:cad>81</ns3:cad>
          </ns3:TrackPointExtension>
        </extensions>
      </trkpt>
      <trkpt lat="39.98174660839140415191650390625" lon="116.50244518183171749114990234375">
        <ele>35.40000152587890625</ele>
        <time>2026-08-20T11:20:37.000Z</time>
        <extensions>
          <ns3:TrackPointExtension>
            <ns3:hr>138</ns3:hr>
            <ns3:cad>81</ns3:cad>
          </ns3:TrackPointExtension>
        </extensions>
      </trkpt>
      <trkpt lat="39.98176404275000095367431640625" lon="116.50244434364140033721923828125">
        <ele>35.40000152587890625</ele>
        <time>2026-08-20T11:20:38.000Z</time>
        <extensions>
          <ns3:TrackPointExtension>
            <ns3:hr>139</ns3:hr>
            <ns3:cad>82</ns3:cad>
          </ns3:TrackPointExtension>
        </extensions>
      </trkpt>
      <trkpt lat="39.98179086484014987945556640625" lon="116.50244518183171749114990234375">
        <ele>35.40000152587890625</ele>
        <time>2026-08-20T11:20:39.000Z</time>
        <extensions>
          <ns3:TrackPointExtension>
            <ns3:hr>140</ns3:hr>
            <ns3:cad>83</ns3:cad>
          </ns3:TrackPointExtension>
        </extensions>
      </trkpt>
      <trkpt lat="39.98181098140776157379150390625" lon="116.5024477802217006683349609375">
        <ele>35.40000152587890625</ele>
        <time>2026-08-20T11:20:40.000Z</time>
        <extensions>
          <ns3:TrackPointExtension>
            <ns3:hr>141</ns3:hr>
            <ns3:cad>83</ns3:cad>
          </ns3:TrackPointExtension>
        </extensions>
      </trkpt>
      <trkpt lat="39.98182942159473896026611328125" lon="116.50244853459298610687255859375">
        <ele>35.40000152587890625</ele>
        <time>2026-08-20T11:20:41.000Z</time>
        <extensions>
          <ns3:TrackPointExtension>
            <ns3:hr>142</ns3:hr>
            <ns3:cad>83</ns3:cad>
          </ns3:TrackPointExtension>
        </extensions>
      </trkpt>
      <trkpt lat="39.981856159865856170654296875" lon="116.50244803167879581451416015625">
        <ele>35.40000152587890625</ele>
        <time>2026-08-20T11:20:42.000Z</time>
        <extensions>
          <ns3:TrackPointExtension>
            <ns3:hr>142</ns3:hr>
            <ns3:cad>83</ns3:cad>
          </ns3:TrackPointExtension>
        </extensions>
      </trkpt>
      <trkpt lat="39.9818774498999118804931640625" lon="116.5024393983185291290283203125">
        <ele>35.200000762939453125</ele>
        <time>2026-08-20T11:20:43.000Z</time>
        <extensions>
          <ns3:TrackPointExtension>
            <ns3:hr>143</ns3:hr>
            <ns3:cad>83</ns3:cad>
          </ns3:TrackPointExtension>
        </extensions>
      </trkpt>
      <trkpt lat="39.98189765028655529022216796875" lon="116.5024360455572605133056640625">
        <ele>35.200000762939453125</ele>
        <time>2026-08-20T11:20:44.000Z</time>
        <extensions>
          <ns3:TrackPointExtension>
            <ns3:hr>143</ns3:hr>
            <ns3:cad>82</ns3:cad>
          </ns3:TrackPointExtension>
        </extensions>
      </trkpt>
      <trkpt lat="39.98192422091960906982421875" lon="116.50244333781301975250244140625">
        <ele>35.40000152587890625</ele>
        <time>2026-08-20T11:20:45.000Z</time>
        <extensions>
          <ns3:TrackPointExtension>
            <ns3:hr>143</ns3:hr>
            <ns3:cad>82</ns3:cad>
          </ns3:TrackPointExtension>
        </extensions>
      </trkpt>
      <trkpt lat="39.98194375075399875640869140625" lon="116.50243646465241909027099609375">
        <ele>35.40000152587890625</ele>
        <time>2026-08-20T11:20:46.000Z</time>
        <extensions>
          <ns3:TrackPointExtension>
            <ns3:hr>143</ns3:hr>
            <ns3:cad>82</ns3:cad>
          </ns3:TrackPointExtension>
        </extensions>
      </trkpt>
      <trkpt lat="39.981966130435466766357421875" lon="116.5024340339004993438720703125">
        <ele>35.40000152587890625</ele>
        <time>2026-08-20T11:20:47.000Z</time>
        <extensions>
          <ns3:TrackPointExtension>
            <ns3:hr>143</ns3:hr>
            <ns3:cad>82</ns3:cad>
          </ns3:TrackPointExtension>
        </extensions>
      </trkpt>
      <trkpt lat="39.9819874204695224761962890625" lon="116.50243579410016536712646484375">
        <ele>35.40000152587890625</ele>
        <time>2026-08-20T11:20:48.000Z</time>
        <extensions>
          <ns3:TrackPointExtension>
            <ns3:hr>143</ns3:hr>
            <ns3:cad>82</ns3:cad>
          </ns3:TrackPointExtension>
        </extensions>
      </trkpt>
      <trkpt lat="39.98200527392327785491943359375" lon="116.50243579410016536712646484375">
        <ele>35.200000762939453125</ele>
        <time>2026-08-20T11:20:49.000Z</time>
        <extensions>
          <ns3:TrackPointExtension>
            <ns3:hr>143</ns3:hr>
            <ns3:cad>82</ns3:cad>
          </ns3:TrackPointExtension>
        </extensions>
      </trkpt>
      <trkpt lat="39.982030503451824188232421875" lon="116.50244367308914661407470703125">
        <ele>35.200000762939453125</ele>
        <time>2026-08-20T11:20:50.000Z</time>
        <extensions>
          <ns3:TrackPointExtension>
            <ns3:hr>143</ns3:hr>
            <ns3:cad>82</ns3:cad>
          </ns3:TrackPointExtension>
        </extensions>
      </trkpt>
      <trkpt lat="39.9820494465529918670654296875" lon="116.5024430863559246063232421875">
        <ele>35.200000762939453125</ele>
        <time>2026-08-20T11:20:51.000Z</time>
        <extensions>
          <ns3:TrackPointExtension>
            <ns3:hr>143</ns3:hr>
            <ns3:cad>82</ns3:cad>
          </ns3:TrackPointExtension>
        </extensions>
      </trkpt>
      <trkpt lat="39.98207467608153820037841796875" lon="116.5024417452514171600341796875">
        <ele>35.200000762939453125</ele>
        <time>2026-08-20T11:20:52.000Z</time>
        <extensions>
          <ns3:TrackPointExtension>
            <ns3:hr>143</ns3:hr>
            <ns3:cad>83</ns3:cad>
          </ns3:TrackPointExtension>
        </extensions>
      </trkpt>
      <trkpt lat="39.9820987321436405181884765625" lon="116.50245306082069873809814453125">
        <ele>35.200000762939453125</ele>
        <time>2026-08-20T11:20:53.000Z</time>
        <extensions>
          <ns3:TrackPointExtension>
            <ns3:hr>143</ns3:hr>
            <ns3:cad>83</ns3:cad>
          </ns3:TrackPointExtension>
        </extensions>
      </trkpt>
      <trkpt lat="39.98211524449288845062255859375" lon="116.502453982830047607421875">
        <ele>35.40000152587890625</ele>
        <time>2026-08-20T11:20:54.000Z</time>
        <extensions>
          <ns3:TrackPointExtension>
            <ns3:hr>142</ns3:hr>
            <ns3:cad>83</ns3:cad>
          </ns3:TrackPointExtension>
        </extensions>
      </trkpt>
      <trkpt lat="39.982142150402069091796875" lon="116.50245708413422107696533203125">
        <ele>35.200000762939453125</ele>
        <time>2026-08-20T11:20:55.000Z</time>
        <extensions>
          <ns3:TrackPointExtension>
            <ns3:hr>143</ns3:hr>
            <ns3:cad>83</ns3:cad>
          </ns3:TrackPointExtension>
        </extensions>
      </trkpt>
      <trkpt lat="39.98216159641742706298828125" lon="116.50245959870517253875732421875">
        <ele>35.200000762939453125</ele>
        <time>2026-08-20T11:20:56.000Z</time>
        <extensions>
          <ns3:TrackPointExtension>
            <ns3:hr>143</ns3:hr>
            <ns3:cad>82</ns3:cad>
          </ns3:TrackPointExtension>
        </extensions>
      </trkpt>
      <trkpt lat="39.98218213208019733428955078125" lon="116.50246161036193370819091796875">
        <ele>35.200000762939453125</ele>
        <time>2026-08-20T11:20:57.000Z</time>
        <extensions>
          <ns3:TrackPointExtension>
            <ns3:hr>143</ns3:hr>
            <ns3:cad>82</ns3:cad>
          </ns3:TrackPointExtension>
        </extensions>
      </trkpt>
      <trkpt lat="39.98221046291291713714599609375" lon="116.50246697477996349334716796875">
        <ele>35.200000762939453125</ele>
        <time>2026-08-20T11:20:58.000Z</time>
        <extensions>
          <ns3:TrackPointExtension>
            <ns3:hr>143</ns3:hr>
            <ns3:cad>82</ns3:cad>
          </ns3:TrackPointExtension>
        </extensions>
      </trkpt>
      <trkpt lat="39.9822278134524822235107421875" lon="116.5024695731699466705322265625">
        <ele>35.200000762939453125</ele>
        <time>2026-08-20T11:20:59.000Z</time>
        <extensions>
          <ns3:TrackPointExtension>
            <ns3:hr>142</ns3:hr>
            <ns3:cad>82</ns3:cad>
          </ns3:TrackPointExtension>
        </extensions>
      </trkpt>
      <trkpt lat="39.982250444591045379638671875" lon="116.50246546603739261627197265625">
        <ele>35.200000762939453125</ele>
        <time>2026-08-20T11:21:00.000Z</time>
        <extensions>
          <ns3:TrackPointExtension>
            <ns3:hr>143</ns3:hr>
            <ns3:cad>82</ns3:cad>
          </ns3:TrackPointExtension>
        </extensions>
      </trkpt>
      <trkpt lat="39.982277937233448028564453125" lon="116.50247300975024700164794921875">
        <ele>35.200000762939453125</ele>
        <time>2026-08-20T11:21:01.000Z</time>
        <extensions>
          <ns3:TrackPointExtension>
            <ns3:hr>143</ns3:hr>
            <ns3:cad>82</ns3:cad>
          </ns3:TrackPointExtension>
        </extensions>
      </trkpt>
      <trkpt lat="39.98229679651558399200439453125" lon="116.5024665556848049163818359375">
        <ele>35.200000762939453125</ele>
        <time>2026-08-20T11:21:02.000Z</time>
        <extensions>
          <ns3:TrackPointExtension>
            <ns3:hr>143</ns3:hr>
            <ns3:cad>82</ns3:cad>
          </ns3:TrackPointExtension>
        </extensions>
      </trkpt>
      <trkpt lat="39.9823163263499736785888671875" lon="116.50246378965675830841064453125">
        <ele>35.200000762939453125</ele>
        <time>2026-08-20T11:21:03.000Z</time>
        <extensions>
          <ns3:TrackPointExtension>
            <ns3:hr>143</ns3:hr>
            <ns3:cad>81</ns3:cad>
          </ns3:TrackPointExtension>
        </extensions>
      </trkpt>
      <trkpt lat="39.98233837075531482696533203125" lon="116.502466388046741485595703125">
        <ele>35.200000762939453125</ele>
        <time>2026-08-20T11:21:04.000Z</time>
        <extensions>
          <ns3:TrackPointExtension>
            <ns3:hr>144</ns3:hr>
            <ns3:cad>81</ns3:cad>
          </ns3:TrackPointExtension>
        </extensions>
      </trkpt>
      <trkpt lat="39.9823562242090702056884765625" lon="116.50246580131351947784423828125">
        <ele>35.40000152587890625</ele>
        <time>2026-08-20T11:21:05.000Z</time>
        <extensions>
          <ns3:TrackPointExtension>
            <ns3:hr>144</ns3:hr>
            <ns3:cad>81</ns3:cad>
          </ns3:TrackPointExtension>
        </extensions>
      </trkpt>
      <trkpt lat="39.98237810097634792327880859375" lon="116.5024662204086780548095703125">
        <ele>35.40000152587890625</ele>
        <time>2026-08-20T11:21:06.000Z</time>
        <extensions>
          <ns3:TrackPointExtension>
            <ns3:hr>145</ns3:hr>
            <ns3:cad>81</ns3:cad>
          </ns3:TrackPointExtension>
        </extensions>
      </trkpt>
      <trkpt lat="39.98239888809621334075927734375" lon="116.502466388046741485595703125">
        <ele>35.40000152587890625</ele>
        <time>2026-08-20T11:21:07.000Z</time>
        <extensions>
          <ns3:TrackPointExtension>
            <ns3:hr>146</ns3:hr>
            <ns3:cad>81</ns3:cad>
          </ns3:TrackPointExtension>
        </extensions>
      </trkpt>
      <trkpt lat="39.98242051340639591217041015625" lon="116.50246479548513889312744140625">
        <ele>35.200000762939453125</ele>
        <time>2026-08-20T11:21:08.000Z</time>
        <extensions>
          <ns3:TrackPointExtension>
            <ns3:hr>146</ns3:hr>
            <ns3:cad>81</ns3:cad>
          </ns3:TrackPointExtension>
        </extensions>
      </trkpt>
      <trkpt lat="39.98244750313460826873779296875" lon="116.50247133336961269378662109375">
        <ele>35.200000762939453125</ele>
        <time>2026-08-20T11:21:09.000Z</time>
        <extensions>
          <ns3:TrackPointExtension>
            <ns3:hr>146</ns3:hr>
            <ns3:cad>80</ns3:cad>
          </ns3:TrackPointExtension>
        </extensions>
      </trkpt>
      <trkpt lat="39.98246409930288791656494140625" lon="116.50246278382837772369384765625">
        <ele>35.200000762939453125</ele>
        <time>2026-08-20T11:21:10.000Z</time>
        <extensions>
          <ns3:TrackPointExtension>
            <ns3:hr>146</ns3:hr>
            <ns3:cad>81</ns3:cad>
          </ns3:TrackPointExtension>
        </extensions>
      </trkpt>
      <trkpt lat="39.9824866466224193572998046875" lon="116.50246001780033111572265625">
        <ele>35.200000762939453125</ele>
        <time>2026-08-20T11:21:11.000Z</time>
        <extensions>
          <ns3:TrackPointExtension>
            <ns3:hr>146</ns3:hr>
            <ns3:cad>82</ns3:cad>
          </ns3:TrackPointExtension>
        </extensions>
      </trkpt>
      <trkpt lat="39.98250852338969707489013671875" lon="116.50246378965675830841064453125">
        <ele>35.200000762939453125</ele>
        <time>2026-08-20T11:21:12.000Z</time>
        <extensions>
          <ns3:TrackPointExtension>
            <ns3:hr>146</ns3:hr>
            <ns3:cad>83</ns3:cad>
          </ns3:TrackPointExtension>
        </extensions>
      </trkpt>
      <trkpt lat="39.98252830468118190765380859375" lon="116.50245943106710910797119140625">
        <ele>35.200000762939453125</ele>
        <time>2026-08-20T11:21:13.000Z</time>
        <extensions>
          <ns3:TrackPointExtension>
            <ns3:hr>146</ns3:hr>
            <ns3:cad>83</ns3:cad>
          </ns3:TrackPointExtension>
        </extensions>
      </trkpt>
      <trkpt lat="39.98255546204745769500732421875" lon="116.50246110744774341583251953125">
        <ele>35.200000762939453125</ele>
        <time>2026-08-20T11:21:14.000Z</time>
        <extensions>
          <ns3:TrackPointExtension>
            <ns3:hr>146</ns3:hr>
            <ns3:cad>83</ns3:cad>
          </ns3:TrackPointExtension>
        </extensions>
      </trkpt>
      <trkpt lat="39.98257725499570369720458984375" lon="116.502463705837726593017578125">
        <ele>35.200000762939453125</ele>
        <time>2026-08-20T11:21:15.000Z</time>
        <extensions>
          <ns3:TrackPointExtension>
            <ns3:hr>146</ns3:hr>
            <ns3:cad>83</ns3:cad>
          </ns3:TrackPointExtension>
        </extensions>
      </trkpt>
      <trkpt lat="39.98259636573493480682373046875" lon="116.502464376389980316162109375">
        <ele>35.200000762939453125</ele>
        <time>2026-08-20T11:21:16.000Z</time>
        <extensions>
          <ns3:TrackPointExtension>
            <ns3:hr>146</ns3:hr>
            <ns3:cad>82</ns3:cad>
          </ns3:TrackPointExtension>
        </extensions>
      </trkpt>
      <trkpt lat="39.9826231040060520172119140625" lon="116.5024702437222003936767578125">
        <ele>35.200000762939453125</ele>
        <time>2026-08-20T11:21:17.000Z</time>
        <extensions>
          <ns3:TrackPointExtension>
            <ns3:hr>146</ns3:hr>
            <ns3:cad>82</ns3:cad>
          </ns3:TrackPointExtension>
        </extensions>
      </trkpt>
      <trkpt lat="39.9826415441930294036865234375" lon="116.502468399703502655029296875">
        <ele>35.200000762939453125</ele>
        <time>2026-08-20T11:21:18.000Z</time>
        <extensions>
          <ns3:TrackPointExtension>
            <ns3:hr>146</ns3:hr>
            <ns3:cad>82</ns3:cad>
          </ns3:TrackPointExtension>
        </extensions>
      </trkpt>
      <trkpt lat="39.982662163674831390380859375" lon="116.5024660527706146240234375">
        <ele>35.200000762939453125</ele>
        <time>2026-08-20T11:21:19.000Z</time>
        <extensions>
          <ns3:TrackPointExtension>
            <ns3:hr>146</ns3:hr>
            <ns3:cad>82</ns3:cad>
          </ns3:TrackPointExtension>
        </extensions>
      </trkpt>
      <trkpt lat="39.98268286697566509246826171875" lon="116.5024648793041706085205078125">
        <ele>35.200000762939453125</ele>
        <time>2026-08-20T11:21:20.000Z</time>
        <extensions>
          <ns3:TrackPointExtension>
            <ns3:hr>146</ns3:hr>
            <ns3:cad>83</ns3:cad>
          </ns3:TrackPointExtension>
        </extensions>
      </trkpt>
      <trkpt lat="39.9827012233436107635498046875" lon="116.502459347248077392578125">
        <ele>35.200000762939453125</ele>
        <time>2026-08-20T11:21:21.000Z</time>
        <extensions>
          <ns3:TrackPointExtension>
            <ns3:hr>146</ns3:hr>
            <ns3:cad>83</ns3:cad>
          </ns3:TrackPointExtension>
        </extensions>
      </trkpt>
      <trkpt lat="39.98272913508117198944091796875" lon="116.50245926342904567718505859375">
        <ele>35.200000762939453125</ele>
        <time>2026-08-20T11:21:22.000Z</time>
        <extensions>
          <ns3:TrackPointExtension>
            <ns3:hr>146</ns3:hr>
            <ns3:cad>82</ns3:cad>
          </ns3:TrackPointExtension>
        </extensions>
      </trkpt>
      <trkpt lat="39.9827474914491176605224609375" lon="116.5024561621248722076416015625">
        <ele>35.200000762939453125</ele>
        <time>2026-08-20T11:21:23.000Z</time>
        <extensions>
          <ns3:TrackPointExtension>
            <ns3:hr>146</ns3:hr>
            <ns3:cad>82</ns3:cad>
          </ns3:TrackPointExtension>
        </extensions>
      </trkpt>
      <trkpt lat="39.98276936821639537811279296875" lon="116.50245356373488903045654296875">
        <ele>35.200000762939453125</ele>
        <time>2026-08-20T11:21:24.000Z</time>
        <extensions>
          <ns3:TrackPointExtension>
            <ns3:hr>146</ns3:hr>
            <ns3:cad>82</ns3:cad>
          </ns3:TrackPointExtension>
        </extensions>
      </trkpt>
      <trkpt lat="39.9827937595546245574951171875" lon="116.50245867669582366943359375">
        <ele>35.200000762939453125</ele>
        <time>2026-08-20T11:21:25.000Z</time>
        <extensions>
          <ns3:TrackPointExtension>
            <ns3:hr>146</ns3:hr>
            <ns3:cad>83</ns3:cad>
          </ns3:TrackPointExtension>
        </extensions>
      </trkpt>
      <trkpt lat="39.98281194828450679779052734375" lon="116.50245171971619129180908203125">
        <ele>35.200000762939453125</ele>
        <time>2026-08-20T11:21:26.000Z</time>
        <extensions>
          <ns3:TrackPointExtension>
            <ns3:hr>146</ns3:hr>
            <ns3:cad>84</ns3:cad>
          </ns3:TrackPointExtension>
        </extensions>
      </trkpt>
      <trkpt lat="39.98283340595662593841552734375" lon="116.502446942031383514404296875">
        <ele>35.200000762939453125</ele>
        <time>2026-08-20T11:21:27.000Z</time>
        <extensions>
          <ns3:TrackPointExtension>
            <ns3:hr>146</ns3:hr>
            <ns3:cad>84</ns3:cad>
          </ns3:TrackPointExtension>
        </extensions>
      </trkpt>
      <trkpt lat="39.98285771347582340240478515625" lon="116.5024487860500812530517578125">
        <ele>35.200000762939453125</ele>
        <time>2026-08-20T11:21:28.000Z</time>
        <extensions>
          <ns3:TrackPointExtension>
            <ns3:hr>146</ns3:hr>
            <ns3:cad>84</ns3:cad>
          </ns3:TrackPointExtension>
        </extensions>
      </trkpt>
      <trkpt lat="39.98287816531956195831298828125" lon="116.5024511329829692840576171875">
        <ele>35.200000762939453125</ele>
        <time>2026-08-20T11:21:29.000Z</time>
        <extensions>
          <ns3:TrackPointExtension>
            <ns3:hr>146</ns3:hr>
            <ns3:cad>83</ns3:cad>
          </ns3:TrackPointExtension>
        </extensions>
      </trkpt>
      <trkpt lat="39.98290280811488628387451171875" lon="116.50245658122003078460693359375">
        <ele>35.200000762939453125</ele>
        <time>2026-08-20T11:21:30.000Z</time>
        <extensions>
          <ns3:TrackPointExtension>
            <ns3:hr>146</ns3:hr>
            <ns3:cad>82</ns3:cad>
          </ns3:TrackPointExtension>
        </extensions>
      </trkpt>
      <trkpt lat="39.98292141593992710113525390625" lon="116.5024606883525848388671875">
        <ele>35.200000762939453125</ele>
        <time>2026-08-20T11:21:31.000Z</time>
        <extensions>
          <ns3:TrackPointExtension>
            <ns3:hr>146</ns3:hr>
            <ns3:cad>82</ns3:cad>
          </ns3:TrackPointExtension>
        </extensions>
      </trkpt>
      <trkpt lat="39.9829389341175556182861328125" lon="116.5024608559906482696533203125">
        <ele>35.200000762939453125</ele>
        <time>2026-08-20T11:21:32.000Z</time>
        <extensions>
          <ns3:TrackPointExtension>
            <ns3:hr>146</ns3:hr>
            <ns3:cad>82</ns3:cad>
          </ns3:TrackPointExtension>
        </extensions>
      </trkpt>
      <trkpt lat="39.98295946978032588958740234375" lon="116.502475105226039886474609375">
        <ele>35.200000762939453125</ele>
        <time>2026-08-20T11:21:33.000Z</time>
        <extensions>
          <ns3:TrackPointExtension>
            <ns3:hr>146</ns3:hr>
            <ns3:cad>82</ns3:cad>
          </ns3:TrackPointExtension>
        </extensions>
      </trkpt>
      <trkpt lat="39.98297296464443206787109375" lon="116.5024856664240360260009765625">
        <ele>35.200000762939453125</ele>
        <time>2026-08-20T11:21:34.000Z</time>
        <extensions>
          <ns3:TrackPointExtension>
            <ns3:hr>146</ns3:hr>
            <ns3:cad>82</ns3:cad>
          </ns3:TrackPointExtension>
        </extensions>
      </trkpt>
      <trkpt lat="39.98299308121204376220703125" lon="116.5024970658123493194580078125">
        <ele>35.200000762939453125</ele>
        <time>2026-08-20T11:21:35.000Z</time>
        <extensions>
          <ns3:TrackPointExtension>
            <ns3:hr>145</ns3:hr>
            <ns3:cad>82</ns3:cad>
          </ns3:TrackPointExtension>
        </extensions>
      </trkpt>
      <trkpt lat="39.983011186122894287109375" lon="116.50251408107578754425048828125">
        <ele>35.200000762939453125</ele>
        <time>2026-08-20T11:21:36.000Z</time>
        <extensions>
          <ns3:TrackPointExtension>
            <ns3:hr>145</ns3:hr>
            <ns3:cad>81</ns3:cad>
          </ns3:TrackPointExtension>
        </extensions>
      </trkpt>
      <trkpt lat="39.98302602209150791168212890625" lon="116.502524055540561676025390625">
        <ele>35.200000762939453125</ele>
        <time>2026-08-20T11:21:37.000Z</time>
        <extensions>
          <ns3:TrackPointExtension>
            <ns3:hr>145</ns3:hr>
            <ns3:cad>81</ns3:cad>
          </ns3:TrackPointExtension>
        </extensions>
      </trkpt>
      <trkpt lat="39.98304940760135650634765625" lon="116.5025322698056697845458984375">
        <ele>35.40000152587890625</ele>
        <time>2026-08-20T11:21:38.000Z</time>
        <extensions>
          <ns3:TrackPointExtension>
            <ns3:hr>145</ns3:hr>
            <ns3:cad>82</ns3:cad>
          </ns3:TrackPointExtension>
        </extensions>
      </trkpt>
      <trkpt lat="39.98307061381638050079345703125" lon="116.50253914296627044677734375">
        <ele>35.40000152587890625</ele>
        <time>2026-08-20T11:21:39.000Z</time>
        <extensions>
          <ns3:TrackPointExtension>
            <ns3:hr>145</ns3:hr>
            <ns3:cad>82</ns3:cad>
          </ns3:TrackPointExtension>
        </extensions>
      </trkpt>
      <trkpt lat="39.98309240676462650299072265625" lon="116.5025399811565876007080078125">
        <ele>35.40000152587890625</ele>
        <time>2026-08-20T11:21:40.000Z</time>
        <extensions>
          <ns3:TrackPointExtension>
            <ns3:hr>145</ns3:hr>
            <ns3:cad>82</ns3:cad>
          </ns3:TrackPointExtension>
        </extensions>
      </trkpt>
      <trkpt lat="39.98311637900769710540771484375" lon="116.5025550685822963714599609375">
        <ele>35.40000152587890625</ele>
        <time>2026-08-20T11:21:41.000Z</time>
        <extensions>
          <ns3:TrackPointExtension>
            <ns3:hr>145</ns3:hr>
            <ns3:cad>82</ns3:cad>
          </ns3:TrackPointExtension>
        </extensions>
      </trkpt>
      <trkpt lat="39.983132891356945037841796875" lon="116.5025587566196918487548828125">
        <ele>35.200000762939453125</ele>
        <time>2026-08-20T11:21:42.000Z</time>
        <extensions>
          <ns3:TrackPointExtension>
            <ns3:hr>145</ns3:hr>
            <ns3:cad>82</ns3:cad>
          </ns3:TrackPointExtension>
        </extensions>
      </trkpt>
      <trkpt lat="39.98315535485744476318359375" lon="116.50256353430449962615966796875">
        <ele>35.200000762939453125</ele>
        <time>2026-08-20T11:21:43.000Z</time>
        <extensions>
          <ns3:TrackPointExtension>
            <ns3:hr>145</ns3:hr>
            <ns3:cad>82</ns3:cad>
          </ns3:TrackPointExtension>
        </extensions>
      </trkpt>
      <trkpt lat="39.983173795044422149658203125" lon="116.502577029168605804443359375">
        <ele>35.200000762939453125</ele>
        <time>2026-08-20T11:21:44.000Z</time>
        <extensions>
          <ns3:TrackPointExtension>
            <ns3:hr>145</ns3:hr>
            <ns3:cad>82</ns3:cad>
          </ns3:TrackPointExtension>
        </extensions>
      </trkpt>
      <trkpt lat="39.98319164849817752838134765625" lon="116.5025768615305423736572265625">
        <ele>35.200000762939453125</ele>
        <time>2026-08-20T11:21:45.000Z</time>
        <extensions>
          <ns3:TrackPointExtension>
            <ns3:hr>145</ns3:hr>
            <ns3:cad>82</ns3:cad>
          </ns3:TrackPointExtension>
        </extensions>
      </trkpt>
      <trkpt lat="39.9832168780267238616943359375" lon="116.50257996283471584320068359375">
        <ele>35.200000762939453125</ele>
        <time>2026-08-20T11:21:46.000Z</time>
        <extensions>
          <ns3:TrackPointExtension>
            <ns3:hr>144</ns3:hr>
            <ns3:cad>83</ns3:cad>
          </ns3:TrackPointExtension>
        </extensions>
      </trkpt>
      <trkpt lat="39.98323624022305011749267578125" lon="116.50258046574890613555908203125">
        <ele>35.200000762939453125</ele>
        <time>2026-08-20T11:21:47.000Z</time>
        <extensions>
          <ns3:TrackPointExtension>
            <ns3:hr>145</ns3:hr>
            <ns3:cad>83</ns3:cad>
          </ns3:TrackPointExtension>
        </extensions>
      </trkpt>
      <trkpt lat="39.983257614076137542724609375" lon="116.50257610715925693511962890625">
        <ele>35.200000762939453125</ele>
        <time>2026-08-20T11:21:48.000Z</time>
        <extensions>
          <ns3:TrackPointExtension>
            <ns3:hr>145</ns3:hr>
            <ns3:cad>83</ns3:cad>
          </ns3:TrackPointExtension>
        </extensions>
      </trkpt>
      <trkpt lat="39.98328183777630329132080078125" lon="116.50258080102503299713134765625">
        <ele>35.200000762939453125</ele>
        <time>2026-08-20T11:21:49.000Z</time>
        <extensions>
          <ns3:TrackPointExtension>
            <ns3:hr>144</ns3:hr>
            <ns3:cad>82</ns3:cad>
          </ns3:TrackPointExtension>
        </extensions>
      </trkpt>
      <trkpt lat="39.983297847211360931396484375" lon="116.5025748498737812042236328125">
        <ele>35.200000762939453125</ele>
        <time>2026-08-20T11:21:50.000Z</time>
        <extensions>
          <ns3:TrackPointExtension>
            <ns3:hr>145</ns3:hr>
            <ns3:cad>82</ns3:cad>
          </ns3:TrackPointExtension>
        </extensions>
      </trkpt>
      <trkpt lat="39.98331787995994091033935546875" lon="116.5025711618363857269287109375">
        <ele>35.200000762939453125</ele>
        <time>2026-08-20T11:21:51.000Z</time>
        <extensions>
          <ns3:TrackPointExtension>
            <ns3:hr>145</ns3:hr>
            <ns3:cad>83</ns3:cad>
          </ns3:TrackPointExtension>
        </extensions>
      </trkpt>
      <trkpt lat="39.98334176838397979736328125" lon="116.50257308967411518096923828125">
        <ele>35.200000762939453125</ele>
        <time>2026-08-20T11:21:52.000Z</time>
        <extensions>
          <ns3:TrackPointExtension>
            <ns3:hr>144</ns3:hr>
            <ns3:cad>83</ns3:cad>
          </ns3:TrackPointExtension>
        </extensions>
      </trkpt>
      <trkpt lat="39.98336381278932094573974609375" lon="116.50257124565541744232177734375">
        <ele>35.200000762939453125</ele>
        <time>2026-08-20T11:21:53.000Z</time>
        <extensions>
          <ns3:TrackPointExtension>
            <ns3:hr>145</ns3:hr>
            <ns3:cad>83</ns3:cad>
          </ns3:TrackPointExtension>
        </extensions>
      </trkpt>
      <trkpt lat="39.98338870704174041748046875" lon="116.5025661326944828033447265625">
        <ele>35.200000762939453125</ele>
        <time>2026-08-20T11:21:54.000Z</time>
        <extensions>
          <ns3:TrackPointExtension>
            <ns3:hr>144</ns3:hr>
            <ns3:cad>83</ns3:cad>
          </ns3:TrackPointExtension>
        </extensions>
      </trkpt>
      <trkpt lat="39.9834113381803035736083984375" lon="116.50257158093154430389404296875">
        <ele>35.200000762939453125</ele>
        <time>2026-08-20T11:21:55.000Z</time>
        <extensions>
          <ns3:TrackPointExtension>
            <ns3:hr>144</ns3:hr>
            <ns3:cad>83</ns3:cad>
          </ns3:TrackPointExtension>
        </extensions>
      </trkpt>
      <trkpt lat="39.98343204148113727569580078125" lon="116.50256822817027568817138671875">
        <ele>35.200000762939453125</ele>
        <time>2026-08-20T11:21:56.000Z</time>
        <extensions>
          <ns3:TrackPointExtension>
            <ns3:hr>144</ns3:hr>
            <ns3:cad>82</ns3:cad>
          </ns3:TrackPointExtension>
        </extensions>
      </trkpt>
      <trkpt lat="39.98345584608614444732666015625" lon="116.5025644563138484954833984375">
        <ele>35.200000762939453125</ele>
        <time>2026-08-20T11:21:57.000Z</time>
        <extensions>
          <ns3:TrackPointExtension>
            <ns3:hr>145</ns3:hr>
            <ns3:cad>82</ns3:cad>
          </ns3:TrackPointExtension>
        </extensions>
      </trkpt>
      <trkpt lat="39.98347453773021697998046875" lon="116.5025590918958187103271484375">
        <ele>35.200000762939453125</ele>
        <time>2026-08-20T11:21:58.000Z</time>
        <extensions>
          <ns3:TrackPointExtension>
            <ns3:hr>145</ns3:hr>
            <ns3:cad>82</ns3:cad>
          </ns3:TrackPointExtension>
        </extensions>
      </trkpt>
      <trkpt lat="39.9834941513836383819580078125" lon="116.502552218735218048095703125">
        <ele>35.40000152587890625</ele>
        <time>2026-08-20T11:21:59.000Z</time>
        <extensions>
          <ns3:TrackPointExtension>
            <ns3:hr>145</ns3:hr>
            <ns3:cad>82</ns3:cad>
          </ns3:TrackPointExtension>
        </extensions>
      </trkpt>
      <trkpt lat="39.98351854272186756134033203125" lon="116.50255464948713779449462890625">
        <ele>35.40000152587890625</ele>
        <time>2026-08-20T11:22:00.000Z</time>
        <extensions>
          <ns3:TrackPointExtension>
            <ns3:hr>146</ns3:hr>
            <ns3:cad>82</ns3:cad>
          </ns3:TrackPointExtension>
        </extensions>
      </trkpt>
      <trkpt lat="39.98353798873722553253173828125" lon="116.50255464948713779449462890625">
        <ele>35.40000152587890625</ele>
        <time>2026-08-20T11:22:01.000Z</time>
        <extensions>
          <ns3:TrackPointExtension>
            <ns3:hr>146</ns3:hr>
            <ns3:cad>82</ns3:cad>
          </ns3:TrackPointExtension>
        </extensions>
      </trkpt>
      <trkpt lat="39.98355978168547153472900390625" lon="116.50255431421101093292236328125">
        <ele>35.40000152587890625</ele>
        <time>2026-08-20T11:22:02.000Z</time>
        <extensions>
          <ns3:TrackPointExtension>
            <ns3:hr>146</ns3:hr>
            <ns3:cad>82</ns3:cad>
          </ns3:TrackPointExtension>
        </extensions>
      </trkpt>
      <trkpt lat="39.98358610086143016815185546875" lon="116.50255925953388214111328125">
        <ele>35.200000762939453125</ele>
        <time>2026-08-20T11:22:03.000Z</time>
        <extensions>
          <ns3:TrackPointExtension>
            <ns3:hr>146</ns3:hr>
            <ns3:cad>81</ns3:cad>
          </ns3:TrackPointExtension>
        </extensions>
      </trkpt>
      <trkpt lat="39.983603954315185546875" lon="116.50255649350583553314208984375">
        <ele>35.200000762939453125</ele>
        <time>2026-08-20T11:22:04.000Z</time>
        <extensions>
          <ns3:TrackPointExtension>
            <ns3:hr>146</ns3:hr>
            <ns3:cad>81</ns3:cad>
          </ns3:TrackPointExtension>
        </extensions>
      </trkpt>
      <trkpt lat="39.98362767510116100311279296875" lon="116.50255699642002582550048828125">
        <ele>35.200000762939453125</ele>
        <time>2026-08-20T11:22:05.000Z</time>
        <extensions>
          <ns3:TrackPointExtension>
            <ns3:hr>146</ns3:hr>
            <ns3:cad>81</ns3:cad>
          </ns3:TrackPointExtension>
        </extensions>
      </trkpt>
      <trkpt lat="39.98365147970616817474365234375" lon="116.5025626122951507568359375">
        <ele>35.200000762939453125</ele>
        <time>2026-08-20T11:22:06.000Z</time>
        <extensions>
          <ns3:TrackPointExtension>
            <ns3:hr>146</ns3:hr>
            <ns3:cad>81</ns3:cad>
          </ns3:TrackPointExtension>
        </extensions>
      </trkpt>
      <trkpt lat="39.98367260210216045379638671875" lon="116.5025599300861358642578125">
        <ele>35.200000762939453125</ele>
        <time>2026-08-20T11:22:07.000Z</time>
        <extensions>
          <ns3:TrackPointExtension>
            <ns3:hr>146</ns3:hr>
            <ns3:cad>82</ns3:cad>
          </ns3:TrackPointExtension>
        </extensions>
      </trkpt>
      <trkpt lat="39.98369707725942134857177734375" lon="116.50256671942770481109619140625">
        <ele>35.200000762939453125</ele>
        <time>2026-08-20T11:22:08.000Z</time>
        <extensions>
          <ns3:TrackPointExtension>
            <ns3:hr>146</ns3:hr>
            <ns3:cad>82</ns3:cad>
          </ns3:TrackPointExtension>
        </extensions>
      </trkpt>
      <trkpt lat="39.98371685855090618133544921875" lon="116.50256328284740447998046875">
        <ele>35.40000152587890625</ele>
        <time>2026-08-20T11:22:09.000Z</time>
        <extensions>
          <ns3:TrackPointExtension>
            <ns3:hr>146</ns3:hr>
            <ns3:cad>82</ns3:cad>
          </ns3:TrackPointExtension>
        </extensions>
      </trkpt>
      <trkpt lat="39.98374267481267452239990234375" lon="116.50256596505641937255859375">
        <ele>35.40000152587890625</ele>
        <time>2026-08-20T11:22:10.000Z</time>
        <extensions>
          <ns3:TrackPointExtension>
            <ns3:hr>146</ns3:hr>
            <ns3:cad>82</ns3:cad>
          </ns3:TrackPointExtension>
        </extensions>
      </trkpt>
      <trkpt lat="39.98376782052218914031982421875" lon="116.50257007218897342681884765625">
        <ele>35.40000152587890625</ele>
        <time>2026-08-20T11:22:11.000Z</time>
        <extensions>
          <ns3:TrackPointExtension>
            <ns3:hr>146</ns3:hr>
            <ns3:cad>81</ns3:cad>
          </ns3:TrackPointExtension>
        </extensions>
      </trkpt>
      <trkpt lat="39.983789362013339996337890625" lon="116.50256889872252941131591796875">
        <ele>35.40000152587890625</ele>
        <time>2026-08-20T11:22:12.000Z</time>
        <extensions>
          <ns3:TrackPointExtension>
            <ns3:hr>145</ns3:hr>
            <ns3:cad>82</ns3:cad>
          </ns3:TrackPointExtension>
        </extensions>
      </trkpt>
      <trkpt lat="39.98381274752318859100341796875" lon="116.502570994198322296142578125">
        <ele>35.40000152587890625</ele>
        <time>2026-08-20T11:22:13.000Z</time>
        <extensions>
          <ns3:TrackPointExtension>
            <ns3:hr>146</ns3:hr>
            <ns3:cad>83</ns3:cad>
          </ns3:TrackPointExtension>
        </extensions>
      </trkpt>
      <trkpt lat="39.98383269645273685455322265625" lon="116.502575017511844635009765625">
        <ele>35.200000762939453125</ele>
        <time>2026-08-20T11:22:14.000Z</time>
        <extensions>
          <ns3:TrackPointExtension>
            <ns3:hr>146</ns3:hr>
            <ns3:cad>83</ns3:cad>
          </ns3:TrackPointExtension>
        </extensions>
      </trkpt>
      <trkpt lat="39.983853735029697418212890625" lon="116.5025711618363857269287109375">
        <ele>35.200000762939453125</ele>
        <time>2026-08-20T11:22:15.000Z</time>
        <extensions>
          <ns3:TrackPointExtension>
            <ns3:hr>146</ns3:hr>
            <ns3:cad>83</ns3:cad>
          </ns3:TrackPointExtension>
        </extensions>
      </trkpt>
      <trkpt lat="39.98388080857694149017333984375" lon="116.50258013047277927398681640625">
        <ele>35.200000762939453125</ele>
        <time>2026-08-20T11:22:16.000Z</time>
        <extensions>
          <ns3:TrackPointExtension>
            <ns3:hr>145</ns3:hr>
            <ns3:cad>82</ns3:cad>
          </ns3:TrackPointExtension>
        </extensions>
      </trkpt>
      <trkpt lat="39.983901344239711761474609375" lon="116.5025725029408931732177734375">
        <ele>35.40000152587890625</ele>
        <time>2026-08-20T11:22:17.000Z</time>
        <extensions>
          <ns3:TrackPointExtension>
            <ns3:hr>146</ns3:hr>
            <ns3:cad>81</ns3:cad>
          </ns3:TrackPointExtension>
        </extensions>
      </trkpt>
      <trkpt lat="39.98392355628311634063720703125" lon="116.502570994198322296142578125">
        <ele>35.40000152587890625</ele>
        <time>2026-08-20T11:22:18.000Z</time>
        <extensions>
          <ns3:TrackPointExtension>
            <ns3:hr>145</ns3:hr>
            <ns3:cad>81</ns3:cad>
          </ns3:TrackPointExtension>
        </extensions>
      </trkpt>
      <trkpt lat="39.9839459359645843505859375" lon="116.50257392786443233489990234375">
        <ele>35.40000152587890625</ele>
        <time>2026-08-20T11:22:19.000Z</time>
        <extensions>
          <ns3:TrackPointExtension>
            <ns3:hr>145</ns3:hr>
            <ns3:cad>81</ns3:cad>
          </ns3:TrackPointExtension>
        </extensions>
      </trkpt>
      <trkpt lat="39.98396806418895721435546875" lon="116.50257023982703685760498046875">
        <ele>35.59999847412109375</ele>
        <time>2026-08-20T11:22:20.000Z</time>
        <extensions>
          <ns3:TrackPointExtension>
            <ns3:hr>145</ns3:hr>
            <ns3:cad>83</ns3:cad>
          </ns3:TrackPointExtension>
        </extensions>
      </trkpt>
      <trkpt lat="39.9839930422604084014892578125" lon="116.50256864726543426513671875">
        <ele>35.59999847412109375</ele>
        <time>2026-08-20T11:22:21.000Z</time>
        <extensions>
          <ns3:TrackPointExtension>
            <ns3:hr>145</ns3:hr>
            <ns3:cad>83</ns3:cad>
          </ns3:TrackPointExtension>
        </extensions>
      </trkpt>
      <trkpt lat="39.98401558957993984222412109375" lon="116.50256722234189510345458984375">
        <ele>35.40000152587890625</ele>
        <time>2026-08-20T11:22:22.000Z</time>
        <extensions>
          <ns3:TrackPointExtension>
            <ns3:hr>145</ns3:hr>
            <ns3:cad>83</ns3:cad>
          </ns3:TrackPointExtension>
        </extensions>
      </trkpt>
      <trkpt lat="39.98403872363269329071044921875" lon="116.502560265362262725830078125">
        <ele>35.40000152587890625</ele>
        <time>2026-08-20T11:22:23.000Z</time>
        <extensions>
          <ns3:TrackPointExtension>
            <ns3:hr>146</ns3:hr>
            <ns3:cad>83</ns3:cad>
          </ns3:TrackPointExtension>
        </extensions>
      </trkpt>
      <trkpt lat="39.9840652942657470703125" lon="116.50256730616092681884765625">
        <ele>35.40000152587890625</ele>
        <time>2026-08-20T11:22:24.000Z</time>
        <extensions>
          <ns3:TrackPointExtension>
            <ns3:hr>145</ns3:hr>
            <ns3:cad>82</ns3:cad>
          </ns3:TrackPointExtension>
        </extensions>
      </trkpt>
      <trkpt lat="39.9840854108333587646484375" lon="116.5025614388287067413330078125">
        <ele>35.40000152587890625</ele>
        <time>2026-08-20T11:22:25.000Z</time>
        <extensions>
          <ns3:TrackPointExtension>
            <ns3:hr>146</ns3:hr>
            <ns3:cad>83</ns3:cad>
          </ns3:TrackPointExtension>
        </extensions>
      </trkpt>
      <trkpt lat="39.98410644941031932830810546875" lon="116.50255951099097728729248046875">
        <ele>35.40000152587890625</ele>
        <time>2026-08-20T11:22:26.000Z</time>
        <extensions>
          <ns3:TrackPointExtension>
            <ns3:hr>146</ns3:hr>
            <ns3:cad>83</ns3:cad>
          </ns3:TrackPointExtension>
        </extensions>
      </trkpt>
      <trkpt lat="39.9841288290917873382568359375" lon="116.50257275439798831939697265625">
        <ele>35.40000152587890625</ele>
        <time>2026-08-20T11:22:27.000Z</time>
        <extensions>
          <ns3:TrackPointExtension>
            <ns3:hr>146</ns3:hr>
            <ns3:cad>83</ns3:cad>
          </ns3:TrackPointExtension>
        </extensions>
      </trkpt>
      <trkpt lat="39.98414852656424045562744140625" lon="116.50257510133087635040283203125">
        <ele>35.40000152587890625</ele>
        <time>2026-08-20T11:22:28.000Z</time>
        <extensions>
          <ns3:TrackPointExtension>
            <ns3:hr>147</ns3:hr>
            <ns3:cad>83</ns3:cad>
          </ns3:TrackPointExtension>
        </extensions>
      </trkpt>
      <trkpt lat="39.984174929559230804443359375" lon="116.5025765262544155120849609375">
        <ele>35.40000152587890625</ele>
        <time>2026-08-20T11:22:29.000Z</time>
        <extensions>
          <ns3:TrackPointExtension>
            <ns3:hr>147</ns3:hr>
            <ns3:cad>81</ns3:cad>
          </ns3:TrackPointExtension>
        </extensions>
      </trkpt>
      <trkpt lat="39.98419965617358684539794921875" lon="116.5025802142918109893798828125">
        <ele>35.40000152587890625</ele>
        <time>2026-08-20T11:22:30.000Z</time>
        <extensions>
          <ns3:TrackPointExtension>
            <ns3:hr>147</ns3:hr>
            <ns3:cad>80</ns3:cad>
          </ns3:TrackPointExtension>
        </extensions>
      </trkpt>
      <trkpt lat="39.98422421514987945556640625" lon="116.5025775320827960968017578125">
        <ele>35.40000152587890625</ele>
        <time>2026-08-20T11:22:31.000Z</time>
        <extensions>
          <ns3:TrackPointExtension>
            <ns3:hr>148</ns3:hr>
            <ns3:cad>80</ns3:cad>
          </ns3:TrackPointExtension>
        </extensions>
      </trkpt>
      <trkpt lat="39.98425103724002838134765625" lon="116.50257895700633525848388671875">
        <ele>35.40000152587890625</ele>
        <time>2026-08-20T11:22:32.000Z</time>
        <extensions>
          <ns3:TrackPointExtension>
            <ns3:hr>148</ns3:hr>
            <ns3:cad>84</ns3:cad>
          </ns3:TrackPointExtension>
        </extensions>
      </trkpt>
      <trkpt lat="39.984272830188274383544921875" lon="116.50257443077862262725830078125">
        <ele>35.40000152587890625</ele>
        <time>2026-08-20T11:22:33.000Z</time>
        <extensions>
          <ns3:TrackPointExtension>
            <ns3:hr>149</ns3:hr>
            <ns3:cad>84</ns3:cad>
          </ns3:TrackPointExtension>
        </extensions>
      </trkpt>
      <trkpt lat="39.984295628964900970458984375" lon="116.50256956927478313446044921875">
        <ele>35.40000152587890625</ele>
        <time>2026-08-20T11:22:34.000Z</time>
        <extensions>
          <ns3:TrackPointExtension>
            <ns3:hr>149</ns3:hr>
            <ns3:cad>83</ns3:cad>
          </ns3:TrackPointExtension>
        </extensions>
      </trkpt>
      <trkpt lat="39.98432186432182788848876953125" lon="116.5025755204260349273681640625">
        <ele>35.40000152587890625</ele>
        <time>2026-08-20T11:22:35.000Z</time>
        <extensions>
          <ns3:TrackPointExtension>
            <ns3:hr>149</ns3:hr>
            <ns3:cad>83</ns3:cad>
          </ns3:TrackPointExtension>
        </extensions>
      </trkpt>
      <trkpt lat="39.984341561794281005859375" lon="116.50257359258830547332763671875">
        <ele>35.59999847412109375</ele>
        <time>2026-08-20T11:22:36.000Z</time>
        <extensions>
          <ns3:TrackPointExtension>
            <ns3:hr>149</ns3:hr>
            <ns3:cad>82</ns3:cad>
          </ns3:TrackPointExtension>
        </extensions>
      </trkpt>
      <trkpt lat="39.9843641929328441619873046875" lon="116.5025745145976543426513671875">
        <ele>35.59999847412109375</ele>
        <time>2026-08-20T11:22:37.000Z</time>
        <extensions>
          <ns3:TrackPointExtension>
            <ns3:hr>149</ns3:hr>
            <ns3:cad>82</ns3:cad>
          </ns3:TrackPointExtension>
        </extensions>
      </trkpt>
      <trkpt lat="39.9843883328139781951904296875" lon="116.50257694534957408905029296875">
        <ele>35.59999847412109375</ele>
        <time>2026-08-20T11:22:38.000Z</time>
        <extensions>
          <ns3:TrackPointExtension>
            <ns3:hr>150</ns3:hr>
            <ns3:cad>82</ns3:cad>
          </ns3:TrackPointExtension>
        </extensions>
      </trkpt>
      <trkpt lat="39.98440903611481189727783203125" lon="116.5025765262544155120849609375">
        <ele>35.59999847412109375</ele>
        <time>2026-08-20T11:22:39.000Z</time>
        <extensions>
          <ns3:TrackPointExtension>
            <ns3:hr>150</ns3:hr>
            <ns3:cad>81</ns3:cad>
          </ns3:TrackPointExtension>
        </extensions>
      </trkpt>
      <trkpt lat="39.984434433281421661376953125" lon="116.50257644243538379669189453125">
        <ele>35.59999847412109375</ele>
        <time>2026-08-20T11:22:40.000Z</time>
        <extensions>
          <ns3:TrackPointExtension>
            <ns3:hr>150</ns3:hr>
            <ns3:cad>81</ns3:cad>
          </ns3:TrackPointExtension>
        </extensions>
      </trkpt>
      <trkpt lat="39.9844550527632236480712890625" lon="116.50257661007344722747802734375">
        <ele>35.40000152587890625</ele>
        <time>2026-08-20T11:22:41.000Z</time>
        <extensions>
          <ns3:TrackPointExtension>
            <ns3:hr>150</ns3:hr>
            <ns3:cad>81</ns3:cad>
          </ns3:TrackPointExtension>
        </extensions>
      </trkpt>
      <trkpt lat="39.9844765104353427886962890625" lon="116.50256990455090999603271484375">
        <ele>35.40000152587890625</ele>
        <time>2026-08-20T11:22:42.000Z</time>
        <extensions>
          <ns3:TrackPointExtension>
            <ns3:hr>150</ns3:hr>
            <ns3:cad>81</ns3:cad>
          </ns3:TrackPointExtension>
        </extensions>
      </trkpt>
      <trkpt lat="39.98450425453484058380126953125" lon="116.50257761590182781219482421875">
        <ele>35.59999847412109375</ele>
        <time>2026-08-20T11:22:43.000Z</time>
        <extensions>
          <ns3:TrackPointExtension>
            <ns3:hr>150</ns3:hr>
            <ns3:cad>81</ns3:cad>
          </ns3:TrackPointExtension>
        </extensions>
      </trkpt>
      <trkpt lat="39.9845251254737377166748046875" lon="116.5025782026350498199462890625">
        <ele>35.59999847412109375</ele>
        <time>2026-08-20T11:22:44.000Z</time>
        <extensions>
          <ns3:TrackPointExtension>
            <ns3:hr>150</ns3:hr>
            <ns3:cad>81</ns3:cad>
          </ns3:TrackPointExtension>
        </extensions>
      </trkpt>
      <trkpt lat="39.9845469184219837188720703125" lon="116.50257535278797149658203125">
        <ele>35.59999847412109375</ele>
        <time>2026-08-20T11:22:45.000Z</time>
        <extensions>
          <ns3:TrackPointExtension>
            <ns3:hr>150</ns3:hr>
            <ns3:cad>81</ns3:cad>
          </ns3:TrackPointExtension>
        </extensions>
      </trkpt>
      <trkpt lat="39.984569214284420013427734375" lon="116.50257124565541744232177734375">
        <ele>35.799999237060546875</ele>
        <time>2026-08-20T11:22:46.000Z</time>
        <extensions>
          <ns3:TrackPointExtension>
            <ns3:hr>150</ns3:hr>
            <ns3:cad>81</ns3:cad>
          </ns3:TrackPointExtension>
        </extensions>
      </trkpt>
      <trkpt lat="39.9845881573855876922607421875" lon="116.5025706589221954345703125">
        <ele>35.799999237060546875</ele>
        <time>2026-08-20T11:22:47.000Z</time>
        <extensions>
          <ns3:TrackPointExtension>
            <ns3:hr>149</ns3:hr>
            <ns3:cad>81</ns3:cad>
          </ns3:TrackPointExtension>
        </extensions>
      </trkpt>
      <trkpt lat="39.9846076034009456634521484375" lon="116.502569653093814849853515625">
        <ele>36</ele>
        <time>2026-08-20T11:22:48.000Z</time>
        <extensions>
          <ns3:TrackPointExtension>
            <ns3:hr>149</ns3:hr>
            <ns3:cad>81</ns3:cad>
          </ns3:TrackPointExtension>
        </extensions>
      </trkpt>
      <trkpt lat="39.98462948016822338104248046875" lon="116.50257376022636890411376953125">
        <ele>35.799999237060546875</ele>
        <time>2026-08-20T11:22:49.000Z</time>
        <extensions>
          <ns3:TrackPointExtension>
            <ns3:hr>149</ns3:hr>
            <ns3:cad>81</ns3:cad>
          </ns3:TrackPointExtension>
        </extensions>
      </trkpt>
      <trkpt lat="39.98464875854551792144775390625" lon="116.5025701560080051422119140625">
        <ele>35.799999237060546875</ele>
        <time>2026-08-20T11:22:50.000Z</time>
        <extensions>
          <ns3:TrackPointExtension>
            <ns3:hr>149</ns3:hr>
            <ns3:cad>81</ns3:cad>
          </ns3:TrackPointExtension>
        </extensions>
      </trkpt>
      <trkpt lat="39.98467423953115940093994140625" lon="116.50257359258830547332763671875">
        <ele>35.799999237060546875</ele>
        <time>2026-08-20T11:22:51.000Z</time>
        <extensions>
          <ns3:TrackPointExtension>
            <ns3:hr>149</ns3:hr>
            <ns3:cad>81</ns3:cad>
          </ns3:TrackPointExtension>
        </extensions>
      </trkpt>
      <trkpt lat="39.9846951104700565338134765625" lon="116.50257694534957408905029296875">
        <ele>35.59999847412109375</ele>
        <time>2026-08-20T11:22:52.000Z</time>
        <extensions>
          <ns3:TrackPointExtension>
            <ns3:hr>148</ns3:hr>
            <ns3:cad>81</ns3:cad>
          </ns3:TrackPointExtension>
        </extensions>
      </trkpt>
      <trkpt lat="39.984715394675731658935546875" lon="116.50257409550249576568603515625">
        <ele>35.59999847412109375</ele>
        <time>2026-08-20T11:22:53.000Z</time>
        <extensions>
          <ns3:TrackPointExtension>
            <ns3:hr>148</ns3:hr>
            <ns3:cad>81</ns3:cad>
          </ns3:TrackPointExtension>
        </extensions>
      </trkpt>
      <trkpt lat="39.98474062420427799224853515625" lon="116.50258197449147701263427734375">
        <ele>35.59999847412109375</ele>
        <time>2026-08-20T11:22:54.000Z</time>
        <extensions>
          <ns3:TrackPointExtension>
            <ns3:hr>148</ns3:hr>
            <ns3:cad>82</ns3:cad>
          </ns3:TrackPointExtension>
        </extensions>
      </trkpt>
      <trkpt lat="39.98475990258157253265380859375" lon="116.5025785379111766815185546875">
        <ele>35.59999847412109375</ele>
        <time>2026-08-20T11:22:55.000Z</time>
        <extensions>
          <ns3:TrackPointExtension>
            <ns3:hr>148</ns3:hr>
            <ns3:cad>82</ns3:cad>
          </ns3:TrackPointExtension>
        </extensions>
      </trkpt>
      <trkpt lat="39.984781444072723388671875" lon="116.50258113630115985870361328125">
        <ele>35.799999237060546875</ele>
        <time>2026-08-20T11:22:56.000Z</time>
        <extensions>
          <ns3:TrackPointExtension>
            <ns3:hr>149</ns3:hr>
            <ns3:cad>82</ns3:cad>
          </ns3:TrackPointExtension>
        </extensions>
      </trkpt>
      <trkpt lat="39.98480357229709625244140625" lon="116.50258918292820453643798828125">
        <ele>35.799999237060546875</ele>
        <time>2026-08-20T11:22:57.000Z</time>
        <extensions>
          <ns3:TrackPointExtension>
            <ns3:hr>148</ns3:hr>
            <ns3:cad>81</ns3:cad>
          </ns3:TrackPointExtension>
        </extensions>
      </trkpt>
      <trkpt lat="39.9848231859505176544189453125" lon="116.50258549489080905914306640625">
        <ele>35.799999237060546875</ele>
        <time>2026-08-20T11:22:58.000Z</time>
        <extensions>
          <ns3:TrackPointExtension>
            <ns3:hr>148</ns3:hr>
            <ns3:cad>81</ns3:cad>
          </ns3:TrackPointExtension>
        </extensions>
      </trkpt>
      <trkpt lat="39.98485176824033260345458984375" lon="116.502586416900157928466796875">
        <ele>35.799999237060546875</ele>
        <time>2026-08-20T11:22:59.000Z</time>
        <extensions>
          <ns3:TrackPointExtension>
            <ns3:hr>148</ns3:hr>
            <ns3:cad>82</ns3:cad>
          </ns3:TrackPointExtension>
        </extensions>
      </trkpt>
      <trkpt lat="39.9848721362650394439697265625" lon="116.502584405243396759033203125">
        <ele>35.799999237060546875</ele>
        <time>2026-08-20T11:23:00.000Z</time>
        <extensions>
          <ns3:TrackPointExtension>
            <ns3:hr>149</ns3:hr>
            <ns3:cad>82</ns3:cad>
          </ns3:TrackPointExtension>
        </extensions>
      </trkpt>
      <trkpt lat="39.98489384539425373077392578125" lon="116.502582393586635589599609375">
        <ele>35.799999237060546875</ele>
        <time>2026-08-20T11:23:01.000Z</time>
        <extensions>
          <ns3:TrackPointExtension>
            <ns3:hr>148</ns3:hr>
            <ns3:cad>82</ns3:cad>
          </ns3:TrackPointExtension>
        </extensions>
      </trkpt>
      <trkpt lat="39.98492167331278324127197265625" lon="116.5025896020233631134033203125">
        <ele>35.799999237060546875</ele>
        <time>2026-08-20T11:23:02.000Z</time>
        <extensions>
          <ns3:TrackPointExtension>
            <ns3:hr>148</ns3:hr>
            <ns3:cad>82</ns3:cad>
          </ns3:TrackPointExtension>
        </extensions>
      </trkpt>
      <trkpt lat="39.98493768274784088134765625" lon="116.50258968584239482879638671875">
        <ele>35.799999237060546875</ele>
        <time>2026-08-20T11:23:03.000Z</time>
        <extensions>
          <ns3:TrackPointExtension>
            <ns3:hr>147</ns3:hr>
            <ns3:cad>82</ns3:cad>
          </ns3:TrackPointExtension>
        </extensions>
      </trkpt>
      <trkpt lat="39.9849596433341503143310546875" lon="116.50258901529014110565185546875">
        <ele>35.799999237060546875</ele>
        <time>2026-08-20T11:23:04.000Z</time>
        <extensions>
          <ns3:TrackPointExtension>
            <ns3:hr>147</ns3:hr>
            <ns3:cad>82</ns3:cad>
          </ns3:TrackPointExtension>
        </extensions>
      </trkpt>
      <trkpt lat="39.9849837832152843475341796875" lon="116.5025939606130123138427734375">
        <ele>35.799999237060546875</ele>
        <time>2026-08-20T11:23:05.000Z</time>
        <extensions>
          <ns3:TrackPointExtension>
            <ns3:hr>147</ns3:hr>
            <ns3:cad>82</ns3:cad>
          </ns3:TrackPointExtension>
        </extensions>
      </trkpt>
      <trkpt lat="39.98500071465969085693359375" lon="116.50258817709982395172119140625">
        <ele>35.799999237060546875</ele>
        <time>2026-08-20T11:23:06.000Z</time>
        <extensions>
          <ns3:TrackPointExtension>
            <ns3:hr>147</ns3:hr>
            <ns3:cad>82</ns3:cad>
          </ns3:TrackPointExtension>
        </extensions>
      </trkpt>
      <trkpt lat="39.985021837055683135986328125" lon="116.502585075795650482177734375">
        <ele>35.799999237060546875</ele>
        <time>2026-08-20T11:23:07.000Z</time>
        <extensions>
          <ns3:TrackPointExtension>
            <ns3:hr>147</ns3:hr>
            <ns3:cad>82</ns3:cad>
          </ns3:TrackPointExtension>
        </extensions>
      </trkpt>
      <trkpt lat="39.985042624175548553466796875" lon="116.50258750654757022857666015625">
        <ele>35.59999847412109375</ele>
        <time>2026-08-20T11:23:08.000Z</time>
        <extensions>
          <ns3:TrackPointExtension>
            <ns3:hr>146</ns3:hr>
            <ns3:cad>82</ns3:cad>
          </ns3:TrackPointExtension>
        </extensions>
      </trkpt>
      <trkpt lat="39.9850619025528430938720703125" lon="116.50258583016693592071533203125">
        <ele>35.59999847412109375</ele>
        <time>2026-08-20T11:23:09.000Z</time>
        <extensions>
          <ns3:TrackPointExtension>
            <ns3:hr>146</ns3:hr>
            <ns3:cad>82</ns3:cad>
          </ns3:TrackPointExtension>
        </extensions>
      </trkpt>
      <trkpt lat="39.98508386313915252685546875" lon="116.50259119458496570587158203125">
        <ele>35.59999847412109375</ele>
        <time>2026-08-20T11:23:10.000Z</time>
        <extensions>
          <ns3:TrackPointExtension>
            <ns3:hr>147</ns3:hr>
            <ns3:cad>81</ns3:cad>
          </ns3:TrackPointExtension>
        </extensions>
      </trkpt>
      <trkpt lat="39.98510255478322505950927734375" lon="116.5025906078517436981201171875">
        <ele>35.59999847412109375</ele>
        <time>2026-08-20T11:23:11.000Z</time>
        <extensions>
          <ns3:TrackPointExtension>
            <ns3:hr>147</ns3:hr>
            <ns3:cad>81</ns3:cad>
          </ns3:TrackPointExtension>
        </extensions>
      </trkpt>
      <trkpt lat="39.98512275516986846923828125" lon="116.502586416900157928466796875">
        <ele>35.59999847412109375</ele>
        <time>2026-08-20T11:23:12.000Z</time>
        <extensions>
          <ns3:TrackPointExtension>
            <ns3:hr>147</ns3:hr>
            <ns3:cad>82</ns3:cad>
          </ns3:TrackPointExtension>
        </extensions>
      </trkpt>
      <trkpt lat="39.9851473979651927947998046875" lon="116.50258985348045825958251953125">
        <ele>35.59999847412109375</ele>
        <time>2026-08-20T11:23:13.000Z</time>
        <extensions>
          <ns3:TrackPointExtension>
            <ns3:hr>147</ns3:hr>
            <ns3:cad>82</ns3:cad>
          </ns3:TrackPointExtension>
        </extensions>
      </trkpt>
      <trkpt lat="39.98516793362796306610107421875" lon="116.50258742272853851318359375">
        <ele>35.59999847412109375</ele>
        <time>2026-08-20T11:23:14.000Z</time>
        <extensions>
          <ns3:TrackPointExtension>
            <ns3:hr>148</ns3:hr>
            <ns3:cad>82</ns3:cad>
          </ns3:TrackPointExtension>
        </extensions>
      </trkpt>
      <trkpt lat="39.98519056476652622222900390625" lon="116.50258247740566730499267578125">
        <ele>35.59999847412109375</ele>
        <time>2026-08-20T11:23:15.000Z</time>
        <extensions>
          <ns3:TrackPointExtension>
            <ns3:hr>148</ns3:hr>
            <ns3:cad>82</ns3:cad>
          </ns3:TrackPointExtension>
        </extensions>
      </trkpt>
      <trkpt lat="39.98521386645734310150146484375" lon="116.50259077548980712890625">
        <ele>35.59999847412109375</ele>
        <time>2026-08-20T11:23:16.000Z</time>
        <extensions>
          <ns3:TrackPointExtension>
            <ns3:hr>149</ns3:hr>
            <ns3:cad>82</ns3:cad>
          </ns3:TrackPointExtension>
        </extensions>
      </trkpt>
      <trkpt lat="39.98523297719657421112060546875" lon="116.50258448906242847442626953125">
        <ele>35.59999847412109375</ele>
        <time>2026-08-20T11:23:17.000Z</time>
        <extensions>
          <ns3:TrackPointExtension>
            <ns3:hr>149</ns3:hr>
            <ns3:cad>82</ns3:cad>
          </ns3:TrackPointExtension>
        </extensions>
      </trkpt>
      <trkpt lat="39.98525963164865970611572265625" lon="116.50258096866309642791748046875">
        <ele>35.59999847412109375</ele>
        <time>2026-08-20T11:23:18.000Z</time>
        <extensions>
          <ns3:TrackPointExtension>
            <ns3:hr>149</ns3:hr>
            <ns3:cad>82</ns3:cad>
          </ns3:TrackPointExtension>
        </extensions>
      </trkpt>
      <trkpt lat="39.9852811731398105621337890625" lon="116.5025812201201915740966796875">
        <ele>35.59999847412109375</ele>
        <time>2026-08-20T11:23:19.000Z</time>
        <extensions>
          <ns3:TrackPointExtension>
            <ns3:hr>149</ns3:hr>
            <ns3:cad>82</ns3:cad>
          </ns3:TrackPointExtension>
        </extensions>
      </trkpt>
      <trkpt lat="39.9853046424686908721923828125" lon="116.5025765262544155120849609375">
        <ele>35.799999237060546875</ele>
        <time>2026-08-20T11:23:20.000Z</time>
        <extensions>
          <ns3:TrackPointExtension>
            <ns3:hr>149</ns3:hr>
            <ns3:cad>82</ns3:cad>
          </ns3:TrackPointExtension>
        </extensions>
      </trkpt>
      <trkpt lat="39.9853271059691905975341796875" lon="116.50258666835725307464599609375">
        <ele>35.799999237060546875</ele>
        <time>2026-08-20T11:23:21.000Z</time>
        <extensions>
          <ns3:TrackPointExtension>
            <ns3:hr>149</ns3:hr>
            <ns3:cad>82</ns3:cad>
          </ns3:TrackPointExtension>
        </extensions>
      </trkpt>
      <trkpt lat="39.985346384346485137939453125" lon="116.5025845728814601898193359375">
        <ele>35.799999237060546875</ele>
        <time>2026-08-20T11:23:22.000Z</time>
        <extensions>
          <ns3:TrackPointExtension>
            <ns3:hr>149</ns3:hr>
            <ns3:cad>82</ns3:cad>
          </ns3:TrackPointExtension>
        </extensions>
      </trkpt>
      <trkpt lat="39.9853701889514923095703125" lon="116.50258230976760387420654296875">
        <ele>35.59999847412109375</ele>
        <time>2026-08-20T11:23:23.000Z</time>
        <extensions>
          <ns3:TrackPointExtension>
            <ns3:hr>149</ns3:hr>
            <ns3:cad>82</ns3:cad>
          </ns3:TrackPointExtension>
        </extensions>
      </trkpt>
      <trkpt lat="39.98539097607135772705078125" lon="116.50258398614823818206787109375">
        <ele>35.59999847412109375</ele>
        <time>2026-08-20T11:23:24.000Z</time>
        <extensions>
          <ns3:TrackPointExtension>
            <ns3:hr>149</ns3:hr>
            <ns3:cad>82</ns3:cad>
          </ns3:TrackPointExtension>
        </extensions>
      </trkpt>
      <trkpt lat="39.98540832661092281341552734375" lon="116.50257945992052555084228515625">
        <ele>35.59999847412109375</ele>
        <time>2026-08-20T11:23:25.000Z</time>
        <extensions>
          <ns3:TrackPointExtension>
            <ns3:hr>149</ns3:hr>
            <ns3:cad>82</ns3:cad>
          </ns3:TrackPointExtension>
        </extensions>
      </trkpt>
      <trkpt lat="39.98543229885399341583251953125" lon="116.50257996283471584320068359375">
        <ele>35.59999847412109375</ele>
        <time>2026-08-20T11:23:26.000Z</time>
        <extensions>
          <ns3:TrackPointExtension>
            <ns3:hr>149</ns3:hr>
            <ns3:cad>82</ns3:cad>
          </ns3:TrackPointExtension>
        </extensions>
      </trkpt>
      <trkpt lat="39.9854511581361293792724609375" lon="116.502578370273113250732421875">
        <ele>35.59999847412109375</ele>
        <time>2026-08-20T11:23:27.000Z</time>
        <extensions>
          <ns3:TrackPointExtension>
            <ns3:hr>149</ns3:hr>
            <ns3:cad>82</ns3:cad>
          </ns3:TrackPointExtension>
        </extensions>
      </trkpt>
      <trkpt lat="39.98547077178955078125" lon="116.50257744826376438140869140625">
        <ele>35.59999847412109375</ele>
        <time>2026-08-20T11:23:28.000Z</time>
        <extensions>
          <ns3:TrackPointExtension>
            <ns3:hr>148</ns3:hr>
            <ns3:cad>82</ns3:cad>
          </ns3:TrackPointExtension>
        </extensions>
      </trkpt>
      <trkpt lat="39.985493905842304229736328125" lon="116.50258080102503299713134765625">
        <ele>35.59999847412109375</ele>
        <time>2026-08-20T11:23:29.000Z</time>
        <extensions>
          <ns3:TrackPointExtension>
            <ns3:hr>148</ns3:hr>
            <ns3:cad>82</ns3:cad>
          </ns3:TrackPointExtension>
        </extensions>
      </trkpt>
      <trkpt lat="39.98550807125866413116455078125" lon="116.50257778353989124298095703125">
        <ele>35.59999847412109375</ele>
        <time>2026-08-20T11:23:30.000Z</time>
        <extensions>
          <ns3:TrackPointExtension>
            <ns3:hr>148</ns3:hr>
            <ns3:cad>82</ns3:cad>
          </ns3:TrackPointExtension>
        </extensions>
      </trkpt>
      <trkpt lat="39.9855311214923858642578125" lon="116.50257862173020839691162109375">
        <ele>35.59999847412109375</ele>
        <time>2026-08-20T11:23:31.000Z</time>
        <extensions>
          <ns3:TrackPointExtension>
            <ns3:hr>148</ns3:hr>
            <ns3:cad>82</ns3:cad>
          </ns3:TrackPointExtension>
        </extensions>
      </trkpt>
      <trkpt lat="39.985553584992885589599609375" lon="116.502581723034381866455078125">
        <ele>35.59999847412109375</ele>
        <time>2026-08-20T11:23:32.000Z</time>
        <extensions>
          <ns3:TrackPointExtension>
            <ns3:hr>149</ns3:hr>
            <ns3:cad>83</ns3:cad>
          </ns3:TrackPointExtension>
        </extensions>
      </trkpt>
      <trkpt lat="39.9855738691985607147216796875" lon="116.50257803499698638916015625">
        <ele>35.59999847412109375</ele>
        <time>2026-08-20T11:23:33.000Z</time>
        <extensions>
          <ns3:TrackPointExtension>
            <ns3:hr>149</ns3:hr>
            <ns3:cad>83</ns3:cad>
          </ns3:TrackPointExtension>
        </extensions>
      </trkpt>
      <trkpt lat="39.98560077510774135589599609375" lon="116.502582393586635589599609375">
        <ele>35.59999847412109375</ele>
        <time>2026-08-20T11:23:34.000Z</time>
        <extensions>
          <ns3:TrackPointExtension>
            <ns3:hr>149</ns3:hr>
            <ns3:cad>83</ns3:cad>
          </ns3:TrackPointExtension>
        </extensions>
      </trkpt>
      <trkpt lat="39.9856211431324481964111328125" lon="116.5025782026350498199462890625">
        <ele>35.59999847412109375</ele>
        <time>2026-08-20T11:23:35.000Z</time>
        <extensions>
          <ns3:TrackPointExtension>
            <ns3:hr>148</ns3:hr>
            <ns3:cad>83</ns3:cad>
          </ns3:TrackPointExtension>
        </extensions>
      </trkpt>
      <trkpt lat="39.98564503155648708343505859375" lon="116.50257593952119350433349609375">
        <ele>35.59999847412109375</ele>
        <time>2026-08-20T11:23:36.000Z</time>
        <extensions>
          <ns3:TrackPointExtension>
            <ns3:hr>149</ns3:hr>
            <ns3:cad>82</ns3:cad>
          </ns3:TrackPointExtension>
        </extensions>
      </trkpt>
      <trkpt lat="39.985671602189540863037109375" lon="116.50258549489080905914306640625">
        <ele>35.59999847412109375</ele>
        <time>2026-08-20T11:23:37.000Z</time>
        <extensions>
          <ns3:TrackPointExtension>
            <ns3:hr>149</ns3:hr>
            <ns3:cad>81</ns3:cad>
          </ns3:TrackPointExtension>
        </extensions>
      </trkpt>
      <trkpt lat="39.985694400966167449951171875" lon="116.5025855787098407745361328125">
        <ele>35.59999847412109375</ele>
        <time>2026-08-20T11:23:38.000Z</time>
        <extensions>
          <ns3:TrackPointExtension>
            <ns3:hr>148</ns3:hr>
            <ns3:cad>81</ns3:cad>
          </ns3:TrackPointExtension>
        </extensions>
      </trkpt>
      <trkpt lat="39.98571929521858692169189453125" lon="116.5025862492620944976806640625">
        <ele>35.59999847412109375</ele>
        <time>2026-08-20T11:23:39.000Z</time>
        <extensions>
          <ns3:TrackPointExtension>
            <ns3:hr>148</ns3:hr>
            <ns3:cad>81</ns3:cad>
          </ns3:TrackPointExtension>
        </extensions>
      </trkpt>
      <trkpt lat="39.985742010176181793212890625" lon="116.50258901529014110565185546875">
        <ele>35.59999847412109375</ele>
        <time>2026-08-20T11:23:40.000Z</time>
        <extensions>
          <ns3:TrackPointExtension>
            <ns3:hr>148</ns3:hr>
            <ns3:cad>81</ns3:cad>
          </ns3:TrackPointExtension>
        </extensions>
      </trkpt>
      <trkpt lat="39.985765479505062103271484375" lon="116.50258608162403106689453125">
        <ele>35.59999847412109375</ele>
        <time>2026-08-20T11:23:41.000Z</time>
        <extensions>
          <ns3:TrackPointExtension>
            <ns3:hr>148</ns3:hr>
            <ns3:cad>81</ns3:cad>
          </ns3:TrackPointExtension>
        </extensions>
      </trkpt>
      <trkpt lat="39.9857941456139087677001953125" lon="116.50259144604206085205078125">
        <ele>35.59999847412109375</ele>
        <time>2026-08-20T11:23:42.000Z</time>
        <extensions>
          <ns3:TrackPointExtension>
            <ns3:hr>149</ns3:hr>
            <ns3:cad>81</ns3:cad>
          </ns3:TrackPointExtension>
        </extensions>
      </trkpt>
      <trkpt lat="39.98581535182893276214599609375" lon="116.5025932900607585906982421875">
        <ele>35.59999847412109375</ele>
        <time>2026-08-20T11:23:43.000Z</time>
        <extensions>
          <ns3:TrackPointExtension>
            <ns3:hr>148</ns3:hr>
            <ns3:cad>81</ns3:cad>
          </ns3:TrackPointExtension>
        </extensions>
      </trkpt>
      <trkpt lat="39.9858400784432888031005859375" lon="116.502592451870441436767578125">
        <ele>35.40000152587890625</ele>
        <time>2026-08-20T11:23:44.000Z</time>
        <extensions>
          <ns3:TrackPointExtension>
            <ns3:hr>148</ns3:hr>
            <ns3:cad>81</ns3:cad>
          </ns3:TrackPointExtension>
        </extensions>
      </trkpt>
      <trkpt lat="39.985865391790866851806640625" lon="116.502593122422695159912109375">
        <ele>35.40000152587890625</ele>
        <time>2026-08-20T11:23:45.000Z</time>
        <extensions>
          <ns3:TrackPointExtension>
            <ns3:hr>149</ns3:hr>
            <ns3:cad>82</ns3:cad>
          </ns3:TrackPointExtension>
        </extensions>
      </trkpt>
      <trkpt lat="39.98588643036782741546630859375" lon="116.50258700363337993621826171875">
        <ele>35.40000152587890625</ele>
        <time>2026-08-20T11:23:46.000Z</time>
        <extensions>
          <ns3:TrackPointExtension>
            <ns3:hr>148</ns3:hr>
            <ns3:cad>83</ns3:cad>
          </ns3:TrackPointExtension>
        </extensions>
      </trkpt>
      <trkpt lat="39.98591157607734203338623046875" lon="116.5025840699672698974609375">
        <ele>35.40000152587890625</ele>
        <time>2026-08-20T11:23:47.000Z</time>
        <extensions>
          <ns3:TrackPointExtension>
            <ns3:hr>148</ns3:hr>
            <ns3:cad>83</ns3:cad>
          </ns3:TrackPointExtension>
        </extensions>
      </trkpt>
      <trkpt lat="39.98593152500689029693603515625" lon="116.502574346959590911865234375">
        <ele>35.40000152587890625</ele>
        <time>2026-08-20T11:23:48.000Z</time>
        <extensions>
          <ns3:TrackPointExtension>
            <ns3:hr>149</ns3:hr>
            <ns3:cad>83</ns3:cad>
          </ns3:TrackPointExtension>
        </extensions>
      </trkpt>
      <trkpt lat="39.98595214448869228363037109375" lon="116.5025651268661022186279296875">
        <ele>35.40000152587890625</ele>
        <time>2026-08-20T11:23:49.000Z</time>
        <extensions>
          <ns3:TrackPointExtension>
            <ns3:hr>148</ns3:hr>
            <ns3:cad>83</ns3:cad>
          </ns3:TrackPointExtension>
        </extensions>
      </trkpt>
      <trkpt lat="39.98597544617950916290283203125" lon="116.50255498476326465606689453125">
        <ele>35.59999847412109375</ele>
        <time>2026-08-20T11:23:50.000Z</time>
        <extensions>
          <ns3:TrackPointExtension>
            <ns3:hr>148</ns3:hr>
            <ns3:cad>83</ns3:cad>
          </ns3:TrackPointExtension>
        </extensions>
      </trkpt>
      <trkpt lat="39.9859859235584735870361328125" lon="116.5025379694998264312744140625">
        <ele>35.59999847412109375</ele>
        <time>2026-08-20T11:23:51.000Z</time>
        <extensions>
          <ns3:TrackPointExtension>
            <ns3:hr>149</ns3:hr>
            <ns3:cad>83</ns3:cad>
          </ns3:TrackPointExtension>
        </extensions>
      </trkpt>
      <trkpt lat="39.98600193299353122711181640625" lon="116.50251810438930988311767578125">
        <ele>35.59999847412109375</ele>
        <time>2026-08-20T11:23:52.000Z</time>
        <extensions>
          <ns3:TrackPointExtension>
            <ns3:hr>148</ns3:hr>
            <ns3:cad>84</ns3:cad>
          </ns3:TrackPointExtension>
        </extensions>
      </trkpt>
      <trkpt lat="39.986017607152462005615234375" lon="116.50250469334423542022705078125">
        <ele>35.40000152587890625</ele>
        <time>2026-08-20T11:23:53.000Z</time>
        <extensions>
          <ns3:TrackPointExtension>
            <ns3:hr>148</ns3:hr>
            <ns3:cad>84</ns3:cad>
          </ns3:TrackPointExtension>
        </extensions>
      </trkpt>
      <trkpt lat="39.986030347645282745361328125" lon="116.50248952209949493408203125">
        <ele>35.40000152587890625</ele>
        <time>2026-08-20T11:23:54.000Z</time>
        <extensions>
          <ns3:TrackPointExtension>
            <ns3:hr>149</ns3:hr>
            <ns3:cad>84</ns3:cad>
          </ns3:TrackPointExtension>
        </extensions>
      </trkpt>
      <trkpt lat="39.98605079948902130126953125" lon="116.5024672262370586395263671875">
        <ele>35.40000152587890625</ele>
        <time>2026-08-20T11:23:55.000Z</time>
        <extensions>
          <ns3:TrackPointExtension>
            <ns3:hr>148</ns3:hr>
            <ns3:cad>84</ns3:cad>
          </ns3:TrackPointExtension>
        </extensions>
      </trkpt>
      <trkpt lat="39.98606530018150806427001953125" lon="116.50244954042136669158935546875">
        <ele>35.59999847412109375</ele>
        <time>2026-08-20T11:23:56.000Z</time>
        <extensions>
          <ns3:TrackPointExtension>
            <ns3:hr>148</ns3:hr>
            <ns3:cad>83</ns3:cad>
          </ns3:TrackPointExtension>
        </extensions>
      </trkpt>
      <trkpt lat="39.98608139343559741973876953125" lon="116.502427496016025543212890625">
        <ele>35.59999847412109375</ele>
        <time>2026-08-20T11:23:57.000Z</time>
        <extensions>
          <ns3:TrackPointExtension>
            <ns3:hr>149</ns3:hr>
            <ns3:cad>82</ns3:cad>
          </ns3:TrackPointExtension>
        </extensions>
      </trkpt>
      <trkpt lat="39.98609597794711589813232421875" lon="116.50240369141101837158203125">
        <ele>35.59999847412109375</ele>
        <time>2026-08-20T11:23:58.000Z</time>
        <extensions>
          <ns3:TrackPointExtension>
            <ns3:hr>148</ns3:hr>
            <ns3:cad>81</ns3:cad>
          </ns3:TrackPointExtension>
        </extensions>
      </trkpt>
      <trkpt lat="39.986106790602207183837890625" lon="116.50238399393856525421142578125">
        <ele>35.59999847412109375</ele>
        <time>2026-08-20T11:23:59.000Z</time>
        <extensions>
          <ns3:TrackPointExtension>
            <ns3:hr>148</ns3:hr>
            <ns3:cad>82</ns3:cad>
          </ns3:TrackPointExtension>
        </extensions>
      </trkpt>
      <trkpt lat="39.9861203692853450775146484375" lon="116.5023560822010040283203125">
        <ele>35.59999847412109375</ele>
        <time>2026-08-20T11:24:00.000Z</time>
        <extensions>
          <ns3:TrackPointExtension>
            <ns3:hr>149</ns3:hr>
            <ns3:cad>83</ns3:cad>
          </ns3:TrackPointExtension>
        </extensions>
      </trkpt>
      <trkpt lat="39.9861324392259120941162109375" lon="116.5023361332714557647705078125">
        <ele>35.59999847412109375</ele>
        <time>2026-08-20T11:24:01.000Z</time>
        <extensions>
          <ns3:TrackPointExtension>
            <ns3:hr>148</ns3:hr>
            <ns3:cad>83</ns3:cad>
          </ns3:TrackPointExtension>
        </extensions>
      </trkpt>
      <trkpt lat="39.98614467680454254150390625" lon="116.5023160167038440704345703125">
        <ele>35.59999847412109375</ele>
        <time>2026-08-20T11:24:02.000Z</time>
        <extensions>
          <ns3:TrackPointExtension>
            <ns3:hr>148</ns3:hr>
            <ns3:cad>83</ns3:cad>
          </ns3:TrackPointExtension>
        </extensions>
      </trkpt>
      <trkpt lat="39.9861639551818370819091796875" lon="116.5022938884794712066650390625">
        <ele>35.59999847412109375</ele>
        <time>2026-08-20T11:24:03.000Z</time>
        <extensions>
          <ns3:TrackPointExtension>
            <ns3:hr>149</ns3:hr>
            <ns3:cad>82</ns3:cad>
          </ns3:TrackPointExtension>
        </extensions>
      </trkpt>
      <trkpt lat="39.9861740134656429290771484375" lon="116.50227335281670093536376953125">
        <ele>35.59999847412109375</ele>
        <time>2026-08-20T11:24:04.000Z</time>
        <extensions>
          <ns3:TrackPointExtension>
            <ns3:hr>148</ns3:hr>
            <ns3:cad>82</ns3:cad>
          </ns3:TrackPointExtension>
        </extensions>
      </trkpt>
      <trkpt lat="39.986186586320400238037109375" lon="116.50225290097296237945556640625">
        <ele>35.59999847412109375</ele>
        <time>2026-08-20T11:24:05.000Z</time>
        <extensions>
          <ns3:TrackPointExtension>
            <ns3:hr>148</ns3:hr>
            <ns3:cad>82</ns3:cad>
          </ns3:TrackPointExtension>
        </extensions>
      </trkpt>
      <trkpt lat="39.98619773425161838531494140625" lon="116.50223094038665294647216796875">
        <ele>35.59999847412109375</ele>
        <time>2026-08-20T11:24:06.000Z</time>
        <extensions>
          <ns3:TrackPointExtension>
            <ns3:hr>149</ns3:hr>
            <ns3:cad>82</ns3:cad>
          </ns3:TrackPointExtension>
        </extensions>
      </trkpt>
      <trkpt lat="39.98620770871639251708984375" lon="116.5022112429141998291015625">
        <ele>35.40000152587890625</ele>
        <time>2026-08-20T11:24:07.000Z</time>
        <extensions>
          <ns3:TrackPointExtension>
            <ns3:hr>149</ns3:hr>
            <ns3:cad>82</ns3:cad>
          </ns3:TrackPointExtension>
        </extensions>
      </trkpt>
      <trkpt lat="39.9862202815711498260498046875" lon="116.5021869353950023651123046875">
        <ele>35.40000152587890625</ele>
        <time>2026-08-20T11:24:08.000Z</time>
        <extensions>
          <ns3:TrackPointExtension>
            <ns3:hr>149</ns3:hr>
            <ns3:cad>82</ns3:cad>
          </ns3:TrackPointExtension>
        </extensions>
      </trkpt>
      <trkpt lat="39.9862336926162242889404296875" lon="116.5021669864654541015625">
        <ele>35.40000152587890625</ele>
        <time>2026-08-20T11:24:09.000Z</time>
        <extensions>
          <ns3:TrackPointExtension>
            <ns3:hr>149</ns3:hr>
            <ns3:cad>82</ns3:cad>
          </ns3:TrackPointExtension>
        </extensions>
      </trkpt>
      <trkpt lat="39.986242912709712982177734375" lon="116.5021483786404132843017578125">
        <ele>35.40000152587890625</ele>
        <time>2026-08-20T11:24:10.000Z</time>
        <extensions>
          <ns3:TrackPointExtension>
            <ns3:hr>148</ns3:hr>
            <ns3:cad>82</ns3:cad>
          </ns3:TrackPointExtension>
        </extensions>
      </trkpt>
      <trkpt lat="39.98625640757381916046142578125" lon="116.50212046690285205841064453125">
        <ele>35.59999847412109375</ele>
        <time>2026-08-20T11:24:11.000Z</time>
        <extensions>
          <ns3:TrackPointExtension>
            <ns3:hr>149</ns3:hr>
            <ns3:cad>81</ns3:cad>
          </ns3:TrackPointExtension>
        </extensions>
      </trkpt>
      <trkpt lat="39.9862658791244029998779296875" lon="116.50209733285009860992431640625">
        <ele>35.59999847412109375</ele>
        <time>2026-08-20T11:24:12.000Z</time>
        <extensions>
          <ns3:TrackPointExtension>
            <ns3:hr>148</ns3:hr>
            <ns3:cad>81</ns3:cad>
          </ns3:TrackPointExtension>
        </extensions>
      </trkpt>
      <trkpt lat="39.98627685941755771636962890625" lon="116.5020736120641231536865234375">
        <ele>35.59999847412109375</ele>
        <time>2026-08-20T11:24:13.000Z</time>
        <extensions>
          <ns3:TrackPointExtension>
            <ns3:hr>148</ns3:hr>
            <ns3:cad>81</ns3:cad>
          </ns3:TrackPointExtension>
        </extensions>
      </trkpt>
      <trkpt lat="39.98628859408199787139892578125" lon="116.5020414255559444427490234375">
        <ele>35.59999847412109375</ele>
        <time>2026-08-20T11:24:14.000Z</time>
        <extensions>
          <ns3:TrackPointExtension>
            <ns3:hr>148</ns3:hr>
            <ns3:cad>81</ns3:cad>
          </ns3:TrackPointExtension>
        </extensions>
      </trkpt>
      <trkpt lat="39.98629513196647167205810546875" lon="116.502012424170970916748046875">
        <ele>35.59999847412109375</ele>
        <time>2026-08-20T11:24:15.000Z</time>
        <extensions>
          <ns3:TrackPointExtension>
            <ns3:hr>149</ns3:hr>
            <ns3:cad>81</ns3:cad>
          </ns3:TrackPointExtension>
        </extensions>
      </trkpt>
      <trkpt lat="39.9862953834235668182373046875" lon="116.50198468007147312164306640625">
        <ele>35.59999847412109375</ele>
        <time>2026-08-20T11:24:16.000Z</time>
        <extensions>
          <ns3:TrackPointExtension>
            <ns3:hr>148</ns3:hr>
            <ns3:cad>81</ns3:cad>
          </ns3:TrackPointExtension>
        </extensions>
      </trkpt>
      <trkpt lat="39.986285157501697540283203125" lon="116.5019763819873332977294921875">
        <ele>35.59999847412109375</ele>
        <time>2026-08-20T11:24:17.000Z</time>
        <extensions>
          <ns3:TrackPointExtension>
            <ns3:hr>148</ns3:hr>
            <ns3:cad>82</ns3:cad>
          </ns3:TrackPointExtension>
        </extensions>
      </trkpt>
      <trkpt lat="39.9862705729901790618896484375" lon="116.50198585353791713714599609375">
        <ele>35.799999237060546875</ele>
        <time>2026-08-20T11:24:18.000Z</time>
        <extensions>
          <ns3:TrackPointExtension>
            <ns3:hr>148</ns3:hr>
            <ns3:cad>82</ns3:cad>
          </ns3:TrackPointExtension>
        </extensions>
      </trkpt>
      <trkpt lat="39.98625137843191623687744140625" lon="116.502003036439418792724609375">
        <ele>35.799999237060546875</ele>
        <time>2026-08-20T11:24:19.000Z</time>
        <extensions>
          <ns3:TrackPointExtension>
            <ns3:hr>149</ns3:hr>
            <ns3:cad>82</ns3:cad>
          </ns3:TrackPointExtension>
        </extensions>
      </trkpt>
      <trkpt lat="39.98623847030103206634521484375" lon="116.50201871059834957122802734375">
        <ele>35.799999237060546875</ele>
        <time>2026-08-20T11:24:20.000Z</time>
        <extensions>
          <ns3:TrackPointExtension>
            <ns3:hr>149</ns3:hr>
            <ns3:cad>82</ns3:cad>
          </ns3:TrackPointExtension>
        </extensions>
      </trkpt>
      <trkpt lat="39.986224807798862457275390625" lon="116.50203463621437549591064453125">
        <ele>35.799999237060546875</ele>
        <time>2026-08-20T11:24:21.000Z</time>
        <extensions>
          <ns3:TrackPointExtension>
            <ns3:hr>149</ns3:hr>
            <ns3:cad>82</ns3:cad>
          </ns3:TrackPointExtension>
        </extensions>
      </trkpt>
      <trkpt lat="39.9862152524292469024658203125" lon="116.502040587365627288818359375">
        <ele>35.799999237060546875</ele>
        <time>2026-08-20T11:24:22.000Z</time>
        <extensions>
          <ns3:TrackPointExtension>
            <ns3:hr>149</ns3:hr>
            <ns3:cad>82</ns3:cad>
          </ns3:TrackPointExtension>
        </extensions>
      </trkpt>
      <trkpt lat="39.98620443977415561676025390625" lon="116.5020494721829891204833984375">
        <ele>35.799999237060546875</ele>
        <time>2026-08-20T11:24:23.000Z</time>
        <extensions>
          <ns3:TrackPointExtension>
            <ns3:hr>149</ns3:hr>
            <ns3:cad>70</ns3:cad>
          </ns3:TrackPointExtension>
        </extensions>
      </trkpt>
    </trkseg>
  </trk>
</gpx>
