<gpx xmlns:ns3="http://www.garmin.com/xmlschemas/TrackPointExtension/v1" xmlns="http://www.topografix.com/GPX/1/1" xmlns:xsi="http://www.w3.org/2001/XMLSchema-instance" xmlns:ns2="http://www.garmin.com/xmlschemas/GpxExtensions/v3" creator="Garmin Connect" version="1.1" xsi:schemaLocation="http://www.topografix.com/GPX/1/1 http://www.topografix.com/GPX/11.xsd">
  <extensions>
<distance>15622.64</distance>
<average_hr>97.0</average_hr>
<average_speed>3.8489999771118164</average_speed>
<start_time>2026-08-29T10:45:57+00:00</start_time>
<end_time>2026-08-29T11:53:35.842000+00:00</end_time>
<moving_time>3916.0</moving_time>
<elapsed_time>4058.842</elapsed_time>
</extensions>
<metadata>
    <link href="connect.garmin.com">
      <text>Garmin Connect</text>
    </link>
    <time>2026-08-29T10:45:57.000Z</time>
  </metadata>
  <trk>
    <name>朝阳区 骑行</name>
    <type>cycling</type>
    <trkseg>
      <trkpt lat="39.96026697568595409393310546875" lon="116.55314379371702671051025390625">
        <ele>34.200000762939453125</ele>
        <time>2026-08-29T10:46:05.000Z</time>
        <extensions>
          <ns3:TrackPointExtension>
            <ns3:hr>76</ns3:hr>
          </ns3:TrackPointExtension>
        </extensions>
      </trkpt>
      <trkpt lat="39.9600152671337127685546875" lon="116.55323079787194728851318359375">
        <ele>34</ele>
        <time>2026-08-29T10:46:13.000Z</time>
        <extensions>
          <ns3:TrackPointExtension>
            <ns3:hr>77</ns3:hr>
          </ns3:TrackPointExtension>
        </extensions>
      </trkpt>
      <trkpt lat="39.95993102900683879852294921875" lon="116.55321688391268253326416015625">
        <ele>33.799999237060546875</ele>
        <time>2026-08-29T10:46:17.000Z</time>
        <extensions>
          <ns3:TrackPointExtension>
            <ns3:hr>77</ns3:hr>
          </ns3:TrackPointExtension>
        </extensions>
      </trkpt>
      <trkpt lat="39.95990269817411899566650390625" lon="116.55319869518280029296875">
        <ele>33.799999237060546875</ele>
        <time>2026-08-29T10:46:20.000Z</time>
        <extensions>
          <ns3:TrackPointExtension>
            <ns3:hr>77</ns3:hr>
          </ns3:TrackPointExtension>
        </extensions>
      </trkpt>
      <trkpt lat="39.9598997645080089569091796875" lon="116.55318553559482097625732421875">
        <ele>34</ele>
        <time>2026-08-29T10:46:28.000Z</time>
        <extensions>
          <ns3:TrackPointExtension>
            <ns3:hr>77</ns3:hr>
          </ns3:TrackPointExtension>
        </extensions>
      </trkpt>
      <trkpt lat="39.95989079587161540985107421875" lon="116.5531951747834682464599609375">
        <ele>34</ele>
        <time>2026-08-29T10:46:33.000Z</time>
        <extensions>
          <ns3:TrackPointExtension>
            <ns3:hr>82</ns3:hr>
          </ns3:TrackPointExtension>
        </extensions>
      </trkpt>
      <trkpt lat="39.959885515272617340087890625" lon="116.55320338904857635498046875">
        <ele>34</ele>
        <time>2026-08-29T10:46:34.000Z</time>
        <extensions>
          <ns3:TrackPointExtension>
            <ns3:hr>87</ns3:hr>
          </ns3:TrackPointExtension>
        </extensions>
      </trkpt>
      <trkpt lat="39.95988274924457073211669921875" lon="116.55320900492370128631591796875">
        <ele>34</ele>
        <time>2026-08-29T10:46:35.000Z</time>
        <extensions>
          <ns3:TrackPointExtension>
            <ns3:hr>87</ns3:hr>
          </ns3:TrackPointExtension>
        </extensions>
      </trkpt>
      <trkpt lat="39.9598811566829681396484375" lon="116.5532095916569232940673828125">
        <ele>34</ele>
        <time>2026-08-29T10:46:36.000Z</time>
        <extensions>
          <ns3:TrackPointExtension>
            <ns3:hr>87</ns3:hr>
          </ns3:TrackPointExtension>
        </extensions>
      </trkpt>
      <trkpt lat="39.95987922884523868560791015625" lon="116.55320129357278347015380859375">
        <ele>34.200000762939453125</ele>
        <time>2026-08-29T10:46:43.000Z</time>
        <extensions>
          <ns3:TrackPointExtension>
            <ns3:hr>87</ns3:hr>
          </ns3:TrackPointExtension>
        </extensions>
      </trkpt>
      <trkpt lat="39.95983111672103404998779296875" lon="116.553232558071613311767578125">
        <ele>34.40000152587890625</ele>
        <time>2026-08-29T10:46:49.000Z</time>
        <extensions>
          <ns3:TrackPointExtension>
            <ns3:hr>87</ns3:hr>
          </ns3:TrackPointExtension>
        </extensions>
      </trkpt>
      <trkpt lat="39.95979524217545986175537109375" lon="116.553248651325702667236328125">
        <ele>34.40000152587890625</ele>
        <time>2026-08-29T10:46:54.000Z</time>
        <extensions>
          <ns3:TrackPointExtension>
            <ns3:hr>88</ns3:hr>
          </ns3:TrackPointExtension>
        </extensions>
      </trkpt>
      <trkpt lat="39.9597797356545925140380859375" lon="116.55326147563755512237548828125">
        <ele>34.40000152587890625</ele>
        <time>2026-08-29T10:46:55.000Z</time>
        <extensions>
          <ns3:TrackPointExtension>
            <ns3:hr>88</ns3:hr>
          </ns3:TrackPointExtension>
        </extensions>
      </trkpt>
      <trkpt lat="39.95967529714107513427734375" lon="116.55339307151734828948974609375">
        <ele>34.200000762939453125</ele>
        <time>2026-08-29T10:47:02.000Z</time>
        <extensions>
          <ns3:TrackPointExtension>
            <ns3:hr>88</ns3:hr>
          </ns3:TrackPointExtension>
        </extensions>
      </trkpt>
      <trkpt lat="39.95960078202188014984130859375" lon="116.55351611785590648651123046875">
        <ele>34</ele>
        <time>2026-08-29T10:47:10.000Z</time>
        <extensions>
          <ns3:TrackPointExtension>
            <ns3:hr>89</ns3:hr>
          </ns3:TrackPointExtension>
        </extensions>
      </trkpt>
      <trkpt lat="39.95958485640585422515869140625" lon="116.5535270981490612030029296875">
        <ele>33.799999237060546875</ele>
        <time>2026-08-29T10:47:16.000Z</time>
        <extensions>
          <ns3:TrackPointExtension>
            <ns3:hr>88</ns3:hr>
          </ns3:TrackPointExtension>
        </extensions>
      </trkpt>
      <trkpt lat="39.95956356637179851531982421875" lon="116.55353338457643985748291015625">
        <ele>33.799999237060546875</ele>
        <time>2026-08-29T10:47:21.000Z</time>
        <extensions>
          <ns3:TrackPointExtension>
            <ns3:hr>90</ns3:hr>
          </ns3:TrackPointExtension>
        </extensions>
      </trkpt>
      <trkpt lat="39.95954479090869426727294921875" lon="116.55353137291967868804931640625">
        <ele>33.799999237060546875</ele>
        <time>2026-08-29T10:47:27.000Z</time>
        <extensions>
          <ns3:TrackPointExtension>
            <ns3:hr>92</ns3:hr>
          </ns3:TrackPointExtension>
        </extensions>
      </trkpt>
      <trkpt lat="39.95954479090869426727294921875" lon="116.55353137291967868804931640625">
        <ele>33.799999237060546875</ele>
        <time>2026-08-29T10:47:32.000Z</time>
        <extensions>
          <ns3:TrackPointExtension>
            <ns3:hr>95</ns3:hr>
          </ns3:TrackPointExtension>
        </extensions>
      </trkpt>
      <trkpt lat="39.95954479090869426727294921875" lon="116.55353137291967868804931640625">
        <ele>33.799999237060546875</ele>
        <time>2026-08-29T10:47:37.000Z</time>
        <extensions>
          <ns3:TrackPointExtension>
            <ns3:hr>93</ns3:hr>
          </ns3:TrackPointExtension>
        </extensions>
      </trkpt>
      <trkpt lat="39.95954479090869426727294921875" lon="116.55353137291967868804931640625">
        <ele>33.799999237060546875</ele>
        <time>2026-08-29T10:47:45.000Z</time>
        <extensions>
          <ns3:TrackPointExtension>
            <ns3:hr>93</ns3:hr>
          </ns3:TrackPointExtension>
        </extensions>
      </trkpt>
      <trkpt lat="39.95954479090869426727294921875" lon="116.55353137291967868804931640625">
        <ele>33.799999237060546875</ele>
        <time>2026-08-29T10:47:51.000Z</time>
        <extensions>
          <ns3:TrackPointExtension>
            <ns3:hr>93</ns3:hr>
          </ns3:TrackPointExtension>
        </extensions>
      </trkpt>
      <trkpt lat="39.95954965241253376007080078125" lon="116.553538329899311065673828125">
        <ele>33.799999237060546875</ele>
        <time>2026-08-29T10:47:52.000Z</time>
        <extensions>
          <ns3:TrackPointExtension>
            <ns3:hr>92</ns3:hr>
          </ns3:TrackPointExtension>
        </extensions>
      </trkpt>
      <trkpt lat="39.95954479090869426727294921875" lon="116.55353137291967868804931640625">
        <ele>33.799999237060546875</ele>
        <time>2026-08-29T10:47:55.000Z</time>
        <extensions>
          <ns3:TrackPointExtension>
            <ns3:hr>89</ns3:hr>
          </ns3:TrackPointExtension>
        </extensions>
      </trkpt>
      <trkpt lat="39.95955619029700756072998046875" lon="116.55351628549396991729736328125">
        <ele>33.799999237060546875</ele>
        <time>2026-08-29T10:48:01.000Z</time>
        <extensions>
          <ns3:TrackPointExtension>
            <ns3:hr>88</ns3:hr>
          </ns3:TrackPointExtension>
        </extensions>
      </trkpt>
      <trkpt lat="39.95955619029700756072998046875" lon="116.55351628549396991729736328125">
        <ele>33.799999237060546875</ele>
        <time>2026-08-29T10:48:04.000Z</time>
        <extensions>
          <ns3:TrackPointExtension>
            <ns3:hr>85</ns3:hr>
          </ns3:TrackPointExtension>
        </extensions>
      </trkpt>
      <trkpt lat="39.95955619029700756072998046875" lon="116.55351628549396991729736328125">
        <ele>33.799999237060546875</ele>
        <time>2026-08-29T10:48:06.000Z</time>
        <extensions>
          <ns3:TrackPointExtension>
            <ns3:hr>79</ns3:hr>
          </ns3:TrackPointExtension>
        </extensions>
      </trkpt>
      <trkpt lat="39.95955619029700756072998046875" lon="116.55351628549396991729736328125">
        <ele>33.799999237060546875</ele>
        <time>2026-08-29T10:48:07.000Z</time>
        <extensions>
          <ns3:TrackPointExtension>
            <ns3:hr>76</ns3:hr>
          </ns3:TrackPointExtension>
        </extensions>
      </trkpt>
      <trkpt lat="39.9595577828586101531982421875" lon="116.55351159162819385528564453125">
        <ele>33.799999237060546875</ele>
        <time>2026-08-29T10:48:08.000Z</time>
        <extensions>
          <ns3:TrackPointExtension>
            <ns3:hr>72</ns3:hr>
          </ns3:TrackPointExtension>
        </extensions>
      </trkpt>
      <trkpt lat="39.95955769903957843780517578125" lon="116.55350957997143268585205078125">
        <ele>33.799999237060546875</ele>
        <time>2026-08-29T10:48:09.000Z</time>
        <extensions>
          <ns3:TrackPointExtension>
            <ns3:hr>69</ns3:hr>
          </ns3:TrackPointExtension>
        </extensions>
      </trkpt>
      <trkpt lat="39.959557950496673583984375" lon="116.55351377092301845550537109375">
        <ele>33.799999237060546875</ele>
        <time>2026-08-29T10:48:11.000Z</time>
        <extensions>
          <ns3:TrackPointExtension>
            <ns3:hr>65</ns3:hr>
          </ns3:TrackPointExtension>
        </extensions>
      </trkpt>
      <trkpt lat="39.95955350808799266815185546875" lon="116.5535683371126651763916015625">
        <ele>34</ele>
        <time>2026-08-29T10:48:17.000Z</time>
        <extensions>
          <ns3:TrackPointExtension>
            <ns3:hr>63</ns3:hr>
          </ns3:TrackPointExtension>
        </extensions>
      </trkpt>
      <trkpt lat="39.95955401100218296051025390625" lon="116.553585268557071685791015625">
        <ele>34</ele>
        <time>2026-08-29T10:48:21.000Z</time>
        <extensions>
          <ns3:TrackPointExtension>
            <ns3:hr>66</ns3:hr>
          </ns3:TrackPointExtension>
        </extensions>
      </trkpt>
      <trkpt lat="39.9595557712018489837646484375" lon="116.55364318750798702239990234375">
        <ele>33.799999237060546875</ele>
        <time>2026-08-29T10:48:24.000Z</time>
        <extensions>
          <ns3:TrackPointExtension>
            <ns3:hr>67</ns3:hr>
          </ns3:TrackPointExtension>
        </extensions>
      </trkpt>
      <trkpt lat="39.959562309086322784423828125" lon="116.5538097359240055084228515625">
        <ele>33.799999237060546875</ele>
        <time>2026-08-29T10:48:30.000Z</time>
        <extensions>
          <ns3:TrackPointExtension>
            <ns3:hr>70</ns3:hr>
          </ns3:TrackPointExtension>
        </extensions>
      </trkpt>
      <trkpt lat="39.95956264436244964599609375" lon="116.55384971760213375091552734375">
        <ele>33.799999237060546875</ele>
        <time>2026-08-29T10:48:31.000Z</time>
        <extensions>
          <ns3:TrackPointExtension>
            <ns3:hr>71</ns3:hr>
          </ns3:TrackPointExtension>
        </extensions>
      </trkpt>
      <trkpt lat="39.95955451391637325286865234375" lon="116.55414325185120105743408203125">
        <ele>33.40000152587890625</ele>
        <time>2026-08-29T10:48:37.000Z</time>
        <extensions>
          <ns3:TrackPointExtension>
            <ns3:hr>73</ns3:hr>
          </ns3:TrackPointExtension>
        </extensions>
      </trkpt>
      <trkpt lat="39.95955199934542179107666015625" lon="116.55430217273533344268798828125">
        <ele>33.40000152587890625</ele>
        <time>2026-08-29T10:48:40.000Z</time>
        <extensions>
          <ns3:TrackPointExtension>
            <ns3:hr>76</ns3:hr>
          </ns3:TrackPointExtension>
        </extensions>
      </trkpt>
      <trkpt lat="39.95955417864024639129638671875" lon="116.55441985465586185455322265625">
        <ele>33.40000152587890625</ele>
        <time>2026-08-29T10:48:42.000Z</time>
        <extensions>
          <ns3:TrackPointExtension>
            <ns3:hr>77</ns3:hr>
          </ns3:TrackPointExtension>
        </extensions>
      </trkpt>
      <trkpt lat="39.95956398546695709228515625" lon="116.55453510582447052001953125">
        <ele>33.200000762939453125</ele>
        <time>2026-08-29T10:48:44.000Z</time>
        <extensions>
          <ns3:TrackPointExtension>
            <ns3:hr>77</ns3:hr>
          </ns3:TrackPointExtension>
        </extensions>
      </trkpt>
      <trkpt lat="39.959561638534069061279296875" lon="116.554594449698925018310546875">
        <ele>33.200000762939453125</ele>
        <time>2026-08-29T10:48:45.000Z</time>
        <extensions>
          <ns3:TrackPointExtension>
            <ns3:hr>77</ns3:hr>
          </ns3:TrackPointExtension>
        </extensions>
      </trkpt>
      <trkpt lat="39.9595604650676250457763671875" lon="116.55477692373096942901611328125">
        <ele>33.200000762939453125</ele>
        <time>2026-08-29T10:48:48.000Z</time>
        <extensions>
          <ns3:TrackPointExtension>
            <ns3:hr>80</ns3:hr>
          </ns3:TrackPointExtension>
        </extensions>
      </trkpt>
      <trkpt lat="39.95956205762922763824462890625" lon="116.554834842681884765625">
        <ele>33</ele>
        <time>2026-08-29T10:48:49.000Z</time>
        <extensions>
          <ns3:TrackPointExtension>
            <ns3:hr>80</ns3:hr>
          </ns3:TrackPointExtension>
        </extensions>
      </trkpt>
      <trkpt lat="39.95956172235310077667236328125" lon="116.55489125289022922515869140625">
        <ele>33</ele>
        <time>2026-08-29T10:48:50.000Z</time>
        <extensions>
          <ns3:TrackPointExtension>
            <ns3:hr>81</ns3:hr>
          </ns3:TrackPointExtension>
        </extensions>
      </trkpt>
      <trkpt lat="39.95956222526729106903076171875" lon="116.5550968609750270843505859375">
        <ele>33</ele>
        <time>2026-08-29T10:48:54.000Z</time>
        <extensions>
          <ns3:TrackPointExtension>
            <ns3:hr>84</ns3:hr>
          </ns3:TrackPointExtension>
        </extensions>
      </trkpt>
      <trkpt lat="39.9595614708960056304931640625" lon="116.55518956482410430908203125">
        <ele>33.200000762939453125</ele>
        <time>2026-08-29T10:48:56.000Z</time>
        <extensions>
          <ns3:TrackPointExtension>
            <ns3:hr>88</ns3:hr>
          </ns3:TrackPointExtension>
        </extensions>
      </trkpt>
      <trkpt lat="39.95956373400986194610595703125" lon="116.55527581460773944854736328125">
        <ele>33.200000762939453125</ele>
        <time>2026-08-29T10:48:58.000Z</time>
        <extensions>
          <ns3:TrackPointExtension>
            <ns3:hr>89</ns3:hr>
          </ns3:TrackPointExtension>
        </extensions>
      </trkpt>
      <trkpt lat="39.9595514126121997833251953125" lon="116.5555764734745025634765625">
        <ele>33</ele>
        <time>2026-08-29T10:49:06.000Z</time>
        <extensions>
          <ns3:TrackPointExtension>
            <ns3:hr>90</ns3:hr>
          </ns3:TrackPointExtension>
        </extensions>
      </trkpt>
      <trkpt lat="39.959461390972137451171875" lon="116.5556648187339305877685546875">
        <ele>33</ele>
        <time>2026-08-29T10:49:10.000Z</time>
        <extensions>
          <ns3:TrackPointExtension>
            <ns3:hr>90</ns3:hr>
          </ns3:TrackPointExtension>
        </extensions>
      </trkpt>
      <trkpt lat="39.9591930024325847625732421875" lon="116.5556846000254154205322265625">
        <ele>32.799999237060546875</ele>
        <time>2026-08-29T10:49:17.000Z</time>
        <extensions>
          <ns3:TrackPointExtension>
            <ns3:hr>91</ns3:hr>
          </ns3:TrackPointExtension>
        </extensions>
      </trkpt>
      <trkpt lat="39.95906165800988674163818359375" lon="116.55568719841539859771728515625">
        <ele>32.59999847412109375</ele>
        <time>2026-08-29T10:49:20.000Z</time>
        <extensions>
          <ns3:TrackPointExtension>
            <ns3:hr>94</ns3:hr>
          </ns3:TrackPointExtension>
        </extensions>
      </trkpt>
      <trkpt lat="39.95892620645463466644287109375" lon="116.55568468384444713592529296875">
        <ele>32.59999847412109375</ele>
        <time>2026-08-29T10:49:23.000Z</time>
        <extensions>
          <ns3:TrackPointExtension>
            <ns3:hr>98</ns3:hr>
          </ns3:TrackPointExtension>
        </extensions>
      </trkpt>
      <trkpt lat="39.9588339217007160186767578125" lon="116.55569692142307758331298828125">
        <ele>32.59999847412109375</ele>
        <time>2026-08-29T10:49:25.000Z</time>
        <extensions>
          <ns3:TrackPointExtension>
            <ns3:hr>99</ns3:hr>
          </ns3:TrackPointExtension>
        </extensions>
      </trkpt>
      <trkpt lat="39.95860802941024303436279296875" lon="116.55571536161005496978759765625">
        <ele>32.799999237060546875</ele>
        <time>2026-08-29T10:49:30.000Z</time>
        <extensions>
          <ns3:TrackPointExtension>
            <ns3:hr>100</ns3:hr>
          </ns3:TrackPointExtension>
        </extensions>
      </trkpt>
      <trkpt lat="39.95852052234113216400146484375" lon="116.55571619980037212371826171875">
        <ele>32.799999237060546875</ele>
        <time>2026-08-29T10:49:32.000Z</time>
        <extensions>
          <ns3:TrackPointExtension>
            <ns3:hr>100</ns3:hr>
          </ns3:TrackPointExtension>
        </extensions>
      </trkpt>
      <trkpt lat="39.95847576297819614410400390625" lon="116.5557181276381015777587890625">
        <ele>32.799999237060546875</ele>
        <time>2026-08-29T10:49:33.000Z</time>
        <extensions>
          <ns3:TrackPointExtension>
            <ns3:hr>99</ns3:hr>
          </ns3:TrackPointExtension>
        </extensions>
      </trkpt>
      <trkpt lat="39.9581905268132686614990234375" lon="116.555722318589687347412109375">
        <ele>32.59999847412109375</ele>
        <time>2026-08-29T10:49:39.000Z</time>
        <extensions>
          <ns3:TrackPointExtension>
            <ns3:hr>96</ns3:hr>
          </ns3:TrackPointExtension>
        </extensions>
      </trkpt>
      <trkpt lat="39.95805365033447742462158203125" lon="116.55570362694561481475830078125">
        <ele>32.59999847412109375</ele>
        <time>2026-08-29T10:49:42.000Z</time>
        <extensions>
          <ns3:TrackPointExtension>
            <ns3:hr>97</ns3:hr>
          </ns3:TrackPointExtension>
        </extensions>
      </trkpt>
      <trkpt lat="39.957906715571880340576171875" lon="116.555700860917568206787109375">
        <ele>32.799999237060546875</ele>
        <time>2026-08-29T10:49:45.000Z</time>
        <extensions>
          <ns3:TrackPointExtension>
            <ns3:hr>98</ns3:hr>
          </ns3:TrackPointExtension>
        </extensions>
      </trkpt>
      <trkpt lat="39.9577211402356624603271484375" lon="116.5557070635259151458740234375">
        <ele>32.799999237060546875</ele>
        <time>2026-08-29T10:49:49.000Z</time>
        <extensions>
          <ns3:TrackPointExtension>
            <ns3:hr>100</ns3:hr>
          </ns3:TrackPointExtension>
        </extensions>
      </trkpt>
      <trkpt lat="39.95726072229444980621337890625" lon="116.55568845570087432861328125">
        <ele>33.200000762939453125</ele>
        <time>2026-08-29T10:49:59.000Z</time>
        <extensions>
          <ns3:TrackPointExtension>
            <ns3:hr>101</ns3:hr>
          </ns3:TrackPointExtension>
        </extensions>
      </trkpt>
      <trkpt lat="39.95694388635456562042236328125" lon="116.55563271604478359222412109375">
        <ele>33.40000152587890625</ele>
        <time>2026-08-29T10:50:06.000Z</time>
        <extensions>
          <ns3:TrackPointExtension>
            <ns3:hr>100</ns3:hr>
          </ns3:TrackPointExtension>
        </extensions>
      </trkpt>
      <trkpt lat="39.95661447755992412567138671875" lon="116.55563883483409881591796875">
        <ele>33.799999237060546875</ele>
        <time>2026-08-29T10:50:13.000Z</time>
        <extensions>
          <ns3:TrackPointExtension>
            <ns3:hr>102</ns3:hr>
          </ns3:TrackPointExtension>
        </extensions>
      </trkpt>
      <trkpt lat="39.95646812953054904937744140625" lon="116.5556084923446178436279296875">
        <ele>33.799999237060546875</ele>
        <time>2026-08-29T10:50:16.000Z</time>
        <extensions>
          <ns3:TrackPointExtension>
            <ns3:hr>105</ns3:hr>
          </ns3:TrackPointExtension>
        </extensions>
      </trkpt>
      <trkpt lat="39.95631574653089046478271484375" lon="116.55557840131223201751708984375">
        <ele>33.799999237060546875</ele>
        <time>2026-08-29T10:50:19.000Z</time>
        <extensions>
          <ns3:TrackPointExtension>
            <ns3:hr>106</ns3:hr>
          </ns3:TrackPointExtension>
        </extensions>
      </trkpt>
      <trkpt lat="39.95594811625778675079345703125" lon="116.555525176227092742919921875">
        <ele>33.799999237060546875</ele>
        <time>2026-08-29T10:50:26.000Z</time>
        <extensions>
          <ns3:TrackPointExtension>
            <ns3:hr>108</ns3:hr>
          </ns3:TrackPointExtension>
        </extensions>
      </trkpt>
      <trkpt lat="39.9555931426584720611572265625" lon="116.55545233748853206634521484375">
        <ele>34.200000762939453125</ele>
        <time>2026-08-29T10:50:33.000Z</time>
        <extensions>
          <ns3:TrackPointExtension>
            <ns3:hr>109</ns3:hr>
          </ns3:TrackPointExtension>
        </extensions>
      </trkpt>
      <trkpt lat="39.9554932303726673126220703125" lon="116.55544529668986797332763671875">
        <ele>34.200000762939453125</ele>
        <time>2026-08-29T10:50:35.000Z</time>
        <extensions>
          <ns3:TrackPointExtension>
            <ns3:hr>109</ns3:hr>
          </ns3:TrackPointExtension>
        </extensions>
      </trkpt>
      <trkpt lat="39.95505946688354015350341796875" lon="116.55543272383511066436767578125">
        <ele>34.799999237060546875</ele>
        <time>2026-08-29T10:50:44.000Z</time>
        <extensions>
          <ns3:TrackPointExtension>
            <ns3:hr>111</ns3:hr>
          </ns3:TrackPointExtension>
        </extensions>
      </trkpt>
      <trkpt lat="39.9546905793249607086181640625" lon="116.55539567582309246063232421875">
        <ele>34</ele>
        <time>2026-08-29T10:50:51.000Z</time>
        <extensions>
          <ns3:TrackPointExtension>
            <ns3:hr>110</ns3:hr>
          </ns3:TrackPointExtension>
        </extensions>
      </trkpt>
      <trkpt lat="39.95418489910662174224853515625" lon="116.55541964806616306304931640625">
        <ele>34</ele>
        <time>2026-08-29T10:51:00.000Z</time>
        <extensions>
          <ns3:TrackPointExtension>
            <ns3:hr>112</ns3:hr>
          </ns3:TrackPointExtension>
        </extensions>
      </trkpt>
      <trkpt lat="39.9538822285830974578857421875" lon="116.55543792061507701873779296875">
        <ele>34</ele>
        <time>2026-08-29T10:51:06.000Z</time>
        <extensions>
          <ns3:TrackPointExtension>
            <ns3:hr>115</ns3:hr>
          </ns3:TrackPointExtension>
        </extensions>
      </trkpt>
      <trkpt lat="39.95359070599079132080078125" lon="116.555424593389034271240234375">
        <ele>34</ele>
        <time>2026-08-29T10:51:12.000Z</time>
        <extensions>
          <ns3:TrackPointExtension>
            <ns3:hr>116</ns3:hr>
          </ns3:TrackPointExtension>
        </extensions>
      </trkpt>
      <trkpt lat="39.9532036297023296356201171875" lon="116.5553986094892024993896484375">
        <ele>34.59999847412109375</ele>
        <time>2026-08-29T10:51:21.000Z</time>
        <extensions>
          <ns3:TrackPointExtension>
            <ns3:hr>116</ns3:hr>
          </ns3:TrackPointExtension>
        </extensions>
      </trkpt>
      <trkpt lat="39.9529860354959964752197265625" lon="116.55542182736098766326904296875">
        <ele>35</ele>
        <time>2026-08-29T10:51:28.000Z</time>
        <extensions>
          <ns3:TrackPointExtension>
            <ns3:hr>117</ns3:hr>
          </ns3:TrackPointExtension>
        </extensions>
      </trkpt>
      <trkpt lat="39.95294135995209217071533203125" lon="116.55548435635864734649658203125">
        <ele>35</ele>
        <time>2026-08-29T10:51:31.000Z</time>
        <extensions>
          <ns3:TrackPointExtension>
            <ns3:hr>117</ns3:hr>
          </ns3:TrackPointExtension>
        </extensions>
      </trkpt>
      <trkpt lat="39.9529390968382358551025390625" lon="116.5555397607386112213134765625">
        <ele>35.200000762939453125</ele>
        <time>2026-08-29T10:51:33.000Z</time>
        <extensions>
          <ns3:TrackPointExtension>
            <ns3:hr>116</ns3:hr>
          </ns3:TrackPointExtension>
        </extensions>
      </trkpt>
      <trkpt lat="39.95293800719082355499267578125" lon="116.5555907227098941802978515625">
        <ele>35.200000762939453125</ele>
        <time>2026-08-29T10:51:35.000Z</time>
        <extensions>
          <ns3:TrackPointExtension>
            <ns3:hr>116</ns3:hr>
          </ns3:TrackPointExtension>
        </extensions>
      </trkpt>
      <trkpt lat="39.95292794890701770782470703125" lon="116.55561201274394989013671875">
        <ele>35.200000762939453125</ele>
        <time>2026-08-29T10:51:36.000Z</time>
        <extensions>
          <ns3:TrackPointExtension>
            <ns3:hr>116</ns3:hr>
          </ns3:TrackPointExtension>
        </extensions>
      </trkpt>
      <trkpt lat="39.9529087543487548828125" lon="116.5556395053863525390625">
        <ele>35.200000762939453125</ele>
        <time>2026-08-29T10:51:38.000Z</time>
        <extensions>
          <ns3:TrackPointExtension>
            <ns3:hr>115</ns3:hr>
          </ns3:TrackPointExtension>
        </extensions>
      </trkpt>
      <trkpt lat="39.9528582952916622161865234375" lon="116.55568568967282772064208984375">
        <ele>35.200000762939453125</ele>
        <time>2026-08-29T10:51:43.000Z</time>
        <extensions>
          <ns3:TrackPointExtension>
            <ns3:hr>113</ns3:hr>
          </ns3:TrackPointExtension>
        </extensions>
      </trkpt>
      <trkpt lat="39.9528564512729644775390625" lon="116.5556849353015422821044921875">
        <ele>35.200000762939453125</ele>
        <time>2026-08-29T10:51:46.000Z</time>
        <extensions>
          <ns3:TrackPointExtension>
            <ns3:hr>124</ns3:hr>
          </ns3:TrackPointExtension>
        </extensions>
      </trkpt>
      <trkpt lat="39.9528564512729644775390625" lon="116.5556849353015422821044921875">
        <ele>35.200000762939453125</ele>
        <time>2026-08-29T10:51:47.000Z</time>
        <extensions>
          <ns3:TrackPointExtension>
            <ns3:hr>124</ns3:hr>
          </ns3:TrackPointExtension>
        </extensions>
      </trkpt>
      <trkpt lat="39.9528564512729644775390625" lon="116.5556849353015422821044921875">
        <ele>35.200000762939453125</ele>
        <time>2026-08-29T10:51:51.000Z</time>
        <extensions>
          <ns3:TrackPointExtension>
            <ns3:hr>121</ns3:hr>
          </ns3:TrackPointExtension>
        </extensions>
      </trkpt>
      <trkpt lat="39.9528564512729644775390625" lon="116.5556849353015422821044921875">
        <ele>35.200000762939453125</ele>
        <time>2026-08-29T10:51:52.000Z</time>
        <extensions>
          <ns3:TrackPointExtension>
            <ns3:hr>114</ns3:hr>
          </ns3:TrackPointExtension>
        </extensions>
      </trkpt>
      <trkpt lat="39.9528564512729644775390625" lon="116.5556849353015422821044921875">
        <ele>35.200000762939453125</ele>
        <time>2026-08-29T10:51:53.000Z</time>
        <extensions>
          <ns3:TrackPointExtension>
            <ns3:hr>107</ns3:hr>
          </ns3:TrackPointExtension>
        </extensions>
      </trkpt>
      <trkpt lat="39.9528564512729644775390625" lon="116.5556849353015422821044921875">
        <ele>35.200000762939453125</ele>
        <time>2026-08-29T10:51:54.000Z</time>
        <extensions>
          <ns3:TrackPointExtension>
            <ns3:hr>104</ns3:hr>
          </ns3:TrackPointExtension>
        </extensions>
      </trkpt>
      <trkpt lat="39.95285603217780590057373046875" lon="116.555684767663478851318359375">
        <ele>35.200000762939453125</ele>
        <time>2026-08-29T10:51:56.000Z</time>
        <extensions>
          <ns3:TrackPointExtension>
            <ns3:hr>102</ns3:hr>
          </ns3:TrackPointExtension>
        </extensions>
      </trkpt>
      <trkpt lat="39.952815882861614227294921875" lon="116.55571385286748409271240234375">
        <ele>35.40000152587890625</ele>
        <time>2026-08-29T10:51:59.000Z</time>
        <extensions>
          <ns3:TrackPointExtension>
            <ns3:hr>101</ns3:hr>
          </ns3:TrackPointExtension>
        </extensions>
      </trkpt>
      <trkpt lat="39.95276995003223419189453125" lon="116.5558435209095478057861328125">
        <ele>35.40000152587890625</ele>
        <time>2026-08-29T10:52:04.000Z</time>
        <extensions>
          <ns3:TrackPointExtension>
            <ns3:hr>101</ns3:hr>
          </ns3:TrackPointExtension>
        </extensions>
      </trkpt>
      <trkpt lat="39.95269845239818096160888671875" lon="116.5560617856681346893310546875">
        <ele>35.200000762939453125</ele>
        <time>2026-08-29T10:52:10.000Z</time>
        <extensions>
          <ns3:TrackPointExtension>
            <ns3:hr>101</ns3:hr>
          </ns3:TrackPointExtension>
        </extensions>
      </trkpt>
      <trkpt lat="39.95268805883824825286865234375" lon="116.55638893134891986846923828125">
        <ele>35.40000152587890625</ele>
        <time>2026-08-29T10:52:17.000Z</time>
        <extensions>
          <ns3:TrackPointExtension>
            <ns3:hr>100</ns3:hr>
          </ns3:TrackPointExtension>
        </extensions>
      </trkpt>
      <trkpt lat="39.95269350707530975341796875" lon="116.55677667818963527679443359375">
        <ele>35.200000762939453125</ele>
        <time>2026-08-29T10:52:24.000Z</time>
        <extensions>
          <ns3:TrackPointExtension>
            <ns3:hr>99</ns3:hr>
          </ns3:TrackPointExtension>
        </extensions>
      </trkpt>
      <trkpt lat="39.95271052233874797821044921875" lon="116.55724187381565570831298828125">
        <ele>34.799999237060546875</ele>
        <time>2026-08-29T10:52:32.000Z</time>
        <extensions>
          <ns3:TrackPointExtension>
            <ns3:hr>100</ns3:hr>
          </ns3:TrackPointExtension>
        </extensions>
      </trkpt>
      <trkpt lat="39.952739439904689788818359375" lon="116.55771679244935512542724609375">
        <ele>35</ele>
        <time>2026-08-29T10:52:40.000Z</time>
        <extensions>
          <ns3:TrackPointExtension>
            <ns3:hr>100</ns3:hr>
          </ns3:TrackPointExtension>
        </extensions>
      </trkpt>
      <trkpt lat="39.95276391506195068359375" lon="116.55823010019958019256591796875">
        <ele>35.200000762939453125</ele>
        <time>2026-08-29T10:52:49.000Z</time>
        <extensions>
          <ns3:TrackPointExtension>
            <ns3:hr>101</ns3:hr>
          </ns3:TrackPointExtension>
        </extensions>
      </trkpt>
      <trkpt lat="39.9527369253337383270263671875" lon="116.558805517852306365966796875">
        <ele>35.40000152587890625</ele>
        <time>2026-08-29T10:52:59.000Z</time>
        <extensions>
          <ns3:TrackPointExtension>
            <ns3:hr>101</ns3:hr>
          </ns3:TrackPointExtension>
        </extensions>
      </trkpt>
      <trkpt lat="39.952711276710033416748046875" lon="116.5592671930789947509765625">
        <ele>35.59999847412109375</ele>
        <time>2026-08-29T10:53:07.000Z</time>
        <extensions>
          <ns3:TrackPointExtension>
            <ns3:hr>104</ns3:hr>
          </ns3:TrackPointExtension>
        </extensions>
      </trkpt>
      <trkpt lat="39.95268604718148708343505859375" lon="116.55970615334808826446533203125">
        <ele>35.59999847412109375</ele>
        <time>2026-08-29T10:53:15.000Z</time>
        <extensions>
          <ns3:TrackPointExtension>
            <ns3:hr>104</ns3:hr>
          </ns3:TrackPointExtension>
        </extensions>
      </trkpt>
      <trkpt lat="39.95266341604292392730712890625" lon="116.5600495599210262298583984375">
        <ele>35.200000762939453125</ele>
        <time>2026-08-29T10:53:22.000Z</time>
        <extensions>
          <ns3:TrackPointExtension>
            <ns3:hr>104</ns3:hr>
          </ns3:TrackPointExtension>
        </extensions>
      </trkpt>
      <trkpt lat="39.95261765085160732269287109375" lon="116.56011468730866909027099609375">
        <ele>35.200000762939453125</ele>
        <time>2026-08-29T10:53:24.000Z</time>
        <extensions>
          <ns3:TrackPointExtension>
            <ns3:hr>103</ns3:hr>
          </ns3:TrackPointExtension>
        </extensions>
      </trkpt>
      <trkpt lat="39.9525914154946804046630859375" lon="116.56012617051601409912109375">
        <ele>35</ele>
        <time>2026-08-29T10:53:25.000Z</time>
        <extensions>
          <ns3:TrackPointExtension>
            <ns3:hr>102</ns3:hr>
          </ns3:TrackPointExtension>
        </extensions>
      </trkpt>
      <trkpt lat="39.95246124453842639923095703125" lon="116.56011317856609821319580078125">
        <ele>35</ele>
        <time>2026-08-29T10:53:30.000Z</time>
        <extensions>
          <ns3:TrackPointExtension>
            <ns3:hr>105</ns3:hr>
          </ns3:TrackPointExtension>
        </extensions>
      </trkpt>
      <trkpt lat="39.952435679733753204345703125" lon="116.5601149387657642364501953125">
        <ele>35</ele>
        <time>2026-08-29T10:53:31.000Z</time>
        <extensions>
          <ns3:TrackPointExtension>
            <ns3:hr>111</ns3:hr>
          </ns3:TrackPointExtension>
        </extensions>
      </trkpt>
      <trkpt lat="39.95238865725696086883544921875" lon="116.56013078056275844573974609375">
        <ele>35</ele>
        <time>2026-08-29T10:53:33.000Z</time>
        <extensions>
          <ns3:TrackPointExtension>
            <ns3:hr>114</ns3:hr>
          </ns3:TrackPointExtension>
        </extensions>
      </trkpt>
      <trkpt lat="39.95232277549803256988525390625" lon="116.5601548366248607635498046875">
        <ele>35</ele>
        <time>2026-08-29T10:53:36.000Z</time>
        <extensions>
          <ns3:TrackPointExtension>
            <ns3:hr>115</ns3:hr>
          </ns3:TrackPointExtension>
        </extensions>
      </trkpt>
      <trkpt lat="39.95218925178050994873046875" lon="116.56020320020616054534912109375">
        <ele>35.200000762939453125</ele>
        <time>2026-08-29T10:53:42.000Z</time>
        <extensions>
          <ns3:TrackPointExtension>
            <ns3:hr>113</ns3:hr>
          </ns3:TrackPointExtension>
        </extensions>
      </trkpt>
      <trkpt lat="39.9521751701831817626953125" lon="116.56022918410599231719970703125">
        <ele>35.200000762939453125</ele>
        <time>2026-08-29T10:53:43.000Z</time>
        <extensions>
          <ns3:TrackPointExtension>
            <ns3:hr>112</ns3:hr>
          </ns3:TrackPointExtension>
        </extensions>
      </trkpt>
      <trkpt lat="39.9521753378212451934814453125" lon="116.56032892875373363494873046875">
        <ele>35</ele>
        <time>2026-08-29T10:53:46.000Z</time>
        <extensions>
          <ns3:TrackPointExtension>
            <ns3:hr>110</ns3:hr>
          </ns3:TrackPointExtension>
        </extensions>
      </trkpt>
      <trkpt lat="39.95218388736248016357421875" lon="116.56051316298544406890869140625">
        <ele>35</ele>
        <time>2026-08-29T10:53:51.000Z</time>
        <extensions>
          <ns3:TrackPointExtension>
            <ns3:hr>107</ns3:hr>
          </ns3:TrackPointExtension>
        </extensions>
      </trkpt>
      <trkpt lat="39.9521858990192413330078125" lon="116.5605497919023036956787109375">
        <ele>35</ele>
        <time>2026-08-29T10:53:52.000Z</time>
        <extensions>
          <ns3:TrackPointExtension>
            <ns3:hr>107</ns3:hr>
          </ns3:TrackPointExtension>
        </extensions>
      </trkpt>
      <trkpt lat="39.95219528675079345703125" lon="116.5606476925313472747802734375">
        <ele>35</ele>
        <time>2026-08-29T10:53:55.000Z</time>
        <extensions>
          <ns3:TrackPointExtension>
            <ns3:hr>104</ns3:hr>
          </ns3:TrackPointExtension>
        </extensions>
      </trkpt>
      <trkpt lat="39.9522004835307598114013671875" lon="116.5607826411724090576171875">
        <ele>35</ele>
        <time>2026-08-29T10:53:59.000Z</time>
        <extensions>
          <ns3:TrackPointExtension>
            <ns3:hr>101</ns3:hr>
          </ns3:TrackPointExtension>
        </extensions>
      </trkpt>
      <trkpt lat="39.95222085155546665191650390625" lon="116.56107391230762004852294921875">
        <ele>35</ele>
        <time>2026-08-29T10:54:06.000Z</time>
        <extensions>
          <ns3:TrackPointExtension>
            <ns3:hr>100</ns3:hr>
          </ns3:TrackPointExtension>
        </extensions>
      </trkpt>
      <trkpt lat="39.952223114669322967529296875" lon="116.56133643351495265960693359375">
        <ele>35.200000762939453125</ele>
        <time>2026-08-29T10:54:13.000Z</time>
        <extensions>
          <ns3:TrackPointExtension>
            <ns3:hr>98</ns3:hr>
          </ns3:TrackPointExtension>
        </extensions>
      </trkpt>
      <trkpt lat="39.9522289820015430450439453125" lon="116.56152770854532718658447265625">
        <ele>35.40000152587890625</ele>
        <time>2026-08-29T10:54:19.000Z</time>
        <extensions>
          <ns3:TrackPointExtension>
            <ns3:hr>96</ns3:hr>
          </ns3:TrackPointExtension>
        </extensions>
      </trkpt>
      <trkpt lat="39.95223225094377994537353515625" lon="116.56174245290458202362060546875">
        <ele>35.40000152587890625</ele>
        <time>2026-08-29T10:54:25.000Z</time>
        <extensions>
          <ns3:TrackPointExtension>
            <ns3:hr>99</ns3:hr>
          </ns3:TrackPointExtension>
        </extensions>
      </trkpt>
      <trkpt lat="39.95223325677216053009033203125" lon="116.561812274158000946044921875">
        <ele>35.40000152587890625</ele>
        <time>2026-08-29T10:54:27.000Z</time>
        <extensions>
          <ns3:TrackPointExtension>
            <ns3:hr>99</ns3:hr>
          </ns3:TrackPointExtension>
        </extensions>
      </trkpt>
      <trkpt lat="39.9522420577704906463623046875" lon="116.5619344823062419891357421875">
        <ele>35.40000152587890625</ele>
        <time>2026-08-29T10:54:31.000Z</time>
        <extensions>
          <ns3:TrackPointExtension>
            <ns3:hr>96</ns3:hr>
          </ns3:TrackPointExtension>
        </extensions>
      </trkpt>
      <trkpt lat="39.95225471444427967071533203125" lon="116.56202726997435092926025390625">
        <ele>35.40000152587890625</ele>
        <time>2026-08-29T10:54:34.000Z</time>
        <extensions>
          <ns3:TrackPointExtension>
            <ns3:hr>96</ns3:hr>
          </ns3:TrackPointExtension>
        </extensions>
      </trkpt>
      <trkpt lat="39.95226209051907062530517578125" lon="116.56222256831824779510498046875">
        <ele>35.200000762939453125</ele>
        <time>2026-08-29T10:54:39.000Z</time>
        <extensions>
          <ns3:TrackPointExtension>
            <ns3:hr>99</ns3:hr>
          </ns3:TrackPointExtension>
        </extensions>
      </trkpt>
      <trkpt lat="39.95226108469069004058837890625" lon="116.56225726939737796783447265625">
        <ele>35.200000762939453125</ele>
        <time>2026-08-29T10:54:40.000Z</time>
        <extensions>
          <ns3:TrackPointExtension>
            <ns3:hr>99</ns3:hr>
          </ns3:TrackPointExtension>
        </extensions>
      </trkpt>
      <trkpt lat="39.95226167142391204833984375" lon="116.56257863156497478485107421875">
        <ele>35.200000762939453125</ele>
        <time>2026-08-29T10:54:48.000Z</time>
        <extensions>
          <ns3:TrackPointExtension>
            <ns3:hr>98</ns3:hr>
          </ns3:TrackPointExtension>
        </extensions>
      </trkpt>
      <trkpt lat="39.95226879604160785675048828125" lon="116.5627218782901763916015625">
        <ele>35</ele>
        <time>2026-08-29T10:54:51.000Z</time>
        <extensions>
          <ns3:TrackPointExtension>
            <ns3:hr>101</ns3:hr>
          </ns3:TrackPointExtension>
        </extensions>
      </trkpt>
      <trkpt lat="39.9522864818572998046875" lon="116.56295900233089923858642578125">
        <ele>35</ele>
        <time>2026-08-29T10:54:56.000Z</time>
        <extensions>
          <ns3:TrackPointExtension>
            <ns3:hr>102</ns3:hr>
          </ns3:TrackPointExtension>
        </extensions>
      </trkpt>
      <trkpt lat="39.952314309775829315185546875" lon="116.56332076527178287506103515625">
        <ele>35</ele>
        <time>2026-08-29T10:55:03.000Z</time>
        <extensions>
          <ns3:TrackPointExtension>
            <ns3:hr>101</ns3:hr>
          </ns3:TrackPointExtension>
        </extensions>
      </trkpt>
      <trkpt lat="39.9522556364536285400390625" lon="116.5634697116911411285400390625">
        <ele>35.200000762939453125</ele>
        <time>2026-08-29T10:55:07.000Z</time>
        <extensions>
          <ns3:TrackPointExtension>
            <ns3:hr>98</ns3:hr>
          </ns3:TrackPointExtension>
        </extensions>
      </trkpt>
      <trkpt lat="39.95221816934645175933837890625" lon="116.56346962787210941314697265625">
        <ele>35.200000762939453125</ele>
        <time>2026-08-29T10:55:09.000Z</time>
        <extensions>
          <ns3:TrackPointExtension>
            <ns3:hr>93</ns3:hr>
          </ns3:TrackPointExtension>
        </extensions>
      </trkpt>
      <trkpt lat="39.95217877440154552459716796875" lon="116.5634683705866336822509765625">
        <ele>35.200000762939453125</ele>
        <time>2026-08-29T10:55:11.000Z</time>
        <extensions>
          <ns3:TrackPointExtension>
            <ns3:hr>91</ns3:hr>
          </ns3:TrackPointExtension>
        </extensions>
      </trkpt>
      <trkpt lat="39.9519989825785160064697265625" lon="116.56347247771918773651123046875">
        <ele>35.200000762939453125</ele>
        <time>2026-08-29T10:55:17.000Z</time>
        <extensions>
          <ns3:TrackPointExtension>
            <ns3:hr>90</ns3:hr>
          </ns3:TrackPointExtension>
        </extensions>
      </trkpt>
      <trkpt lat="39.95173453353345394134521484375" lon="116.5634938515722751617431640625">
        <ele>35.200000762939453125</ele>
        <time>2026-08-29T10:55:24.000Z</time>
        <extensions>
          <ns3:TrackPointExtension>
            <ns3:hr>91</ns3:hr>
          </ns3:TrackPointExtension>
        </extensions>
      </trkpt>
      <trkpt lat="39.9516023509204387664794921875" lon="116.56350801698863506317138671875">
        <ele>35.200000762939453125</ele>
        <time>2026-08-29T10:55:28.000Z</time>
        <extensions>
          <ns3:TrackPointExtension>
            <ns3:hr>94</ns3:hr>
          </ns3:TrackPointExtension>
        </extensions>
      </trkpt>
      <trkpt lat="39.95155222713947296142578125" lon="116.5635082684457302093505859375">
        <ele>35.40000152587890625</ele>
        <time>2026-08-29T10:55:30.000Z</time>
        <extensions>
          <ns3:TrackPointExtension>
            <ns3:hr>96</ns3:hr>
          </ns3:TrackPointExtension>
        </extensions>
      </trkpt>
      <trkpt lat="39.95149598456919193267822265625" lon="116.5635146386921405792236328125">
        <ele>35.40000152587890625</ele>
        <time>2026-08-29T10:55:33.000Z</time>
        <extensions>
          <ns3:TrackPointExtension>
            <ns3:hr>97</ns3:hr>
          </ns3:TrackPointExtension>
        </extensions>
      </trkpt>
      <trkpt lat="39.9514534883201122283935546875" lon="116.5635317377746105194091796875">
        <ele>35.40000152587890625</ele>
        <time>2026-08-29T10:55:36.000Z</time>
        <extensions>
          <ns3:TrackPointExtension>
            <ns3:hr>98</ns3:hr>
          </ns3:TrackPointExtension>
        </extensions>
      </trkpt>
      <trkpt lat="39.95140830986201763153076171875" lon="116.5635330788791179656982421875">
        <ele>35.40000152587890625</ele>
        <time>2026-08-29T10:55:42.000Z</time>
        <extensions>
          <ns3:TrackPointExtension>
            <ns3:hr>97</ns3:hr>
          </ns3:TrackPointExtension>
        </extensions>
      </trkpt>
      <trkpt lat="39.9513582699000835418701171875" lon="116.5635501779615879058837890625">
        <ele>35.200000762939453125</ele>
        <time>2026-08-29T10:55:48.000Z</time>
        <extensions>
          <ns3:TrackPointExtension>
            <ns3:hr>99</ns3:hr>
          </ns3:TrackPointExtension>
        </extensions>
      </trkpt>
      <trkpt lat="39.9512962438166141510009765625" lon="116.5636517666280269622802734375">
        <ele>35</ele>
        <time>2026-08-29T10:55:52.000Z</time>
        <extensions>
          <ns3:TrackPointExtension>
            <ns3:hr>102</ns3:hr>
          </ns3:TrackPointExtension>
        </extensions>
      </trkpt>
      <trkpt lat="39.9512771330773830413818359375" lon="116.5636819414794445037841796875">
        <ele>35</ele>
        <time>2026-08-29T10:55:53.000Z</time>
        <extensions>
          <ns3:TrackPointExtension>
            <ns3:hr>103</ns3:hr>
          </ns3:TrackPointExtension>
        </extensions>
      </trkpt>
      <trkpt lat="39.95118468068540096282958984375" lon="116.56381295062601566314697265625">
        <ele>35</ele>
        <time>2026-08-29T10:55:58.000Z</time>
        <extensions>
          <ns3:TrackPointExtension>
            <ns3:hr>105</ns3:hr>
          </ns3:TrackPointExtension>
        </extensions>
      </trkpt>
      <trkpt lat="39.95118099264800548553466796875" lon="116.56385368667542934417724609375">
        <ele>34.799999237060546875</ele>
        <time>2026-08-29T10:55:59.000Z</time>
        <extensions>
          <ns3:TrackPointExtension>
            <ns3:hr>105</ns3:hr>
          </ns3:TrackPointExtension>
        </extensions>
      </trkpt>
      <trkpt lat="39.95118920691311359405517578125" lon="116.5640916489064693450927734375">
        <ele>34.59999847412109375</ele>
        <time>2026-08-29T10:56:04.000Z</time>
        <extensions>
          <ns3:TrackPointExtension>
            <ns3:hr>104</ns3:hr>
          </ns3:TrackPointExtension>
        </extensions>
      </trkpt>
      <trkpt lat="39.95112449862062931060791015625" lon="116.56431720592081546783447265625">
        <ele>34.40000152587890625</ele>
        <time>2026-08-29T10:56:09.000Z</time>
        <extensions>
          <ns3:TrackPointExtension>
            <ns3:hr>103</ns3:hr>
          </ns3:TrackPointExtension>
        </extensions>
      </trkpt>
      <trkpt lat="39.95098016224801540374755859375" lon="116.56465700827538967132568359375">
        <ele>34</ele>
        <time>2026-08-29T10:56:16.000Z</time>
        <extensions>
          <ns3:TrackPointExtension>
            <ns3:hr>102</ns3:hr>
          </ns3:TrackPointExtension>
        </extensions>
      </trkpt>
      <trkpt lat="39.95095945894718170166015625" lon="116.5647675655782222747802734375">
        <ele>33.799999237060546875</ele>
        <time>2026-08-29T10:56:18.000Z</time>
        <extensions>
          <ns3:TrackPointExtension>
            <ns3:hr>102</ns3:hr>
          </ns3:TrackPointExtension>
        </extensions>
      </trkpt>
      <trkpt lat="39.95096406899392604827880859375" lon="116.56488566659390926361083984375">
        <ele>33.799999237060546875</ele>
        <time>2026-08-29T10:56:20.000Z</time>
        <extensions>
          <ns3:TrackPointExtension>
            <ns3:hr>103</ns3:hr>
          </ns3:TrackPointExtension>
        </extensions>
      </trkpt>
      <trkpt lat="39.95097831822931766510009765625" lon="116.56494149006903171539306640625">
        <ele>33.59999847412109375</ele>
        <time>2026-08-29T10:56:21.000Z</time>
        <extensions>
          <ns3:TrackPointExtension>
            <ns3:hr>103</ns3:hr>
          </ns3:TrackPointExtension>
        </extensions>
      </trkpt>
      <trkpt lat="39.95100161992013454437255859375" lon="116.56499815173447132110595703125">
        <ele>33.59999847412109375</ele>
        <time>2026-08-29T10:56:22.000Z</time>
        <extensions>
          <ns3:TrackPointExtension>
            <ns3:hr>103</ns3:hr>
          </ns3:TrackPointExtension>
        </extensions>
      </trkpt>
      <trkpt lat="39.95105090551078319549560546875" lon="116.5651090443134307861328125">
        <ele>33.40000152587890625</ele>
        <time>2026-08-29T10:56:24.000Z</time>
        <extensions>
          <ns3:TrackPointExtension>
            <ns3:hr>103</ns3:hr>
          </ns3:TrackPointExtension>
        </extensions>
      </trkpt>
      <trkpt lat="39.95112751610577106475830078125" lon="116.56519286334514617919921875">
        <ele>33.40000152587890625</ele>
        <time>2026-08-29T10:56:26.000Z</time>
        <extensions>
          <ns3:TrackPointExtension>
            <ns3:hr>103</ns3:hr>
          </ns3:TrackPointExtension>
        </extensions>
      </trkpt>
      <trkpt lat="39.95125559158623218536376953125" lon="116.56526000238955020904541015625">
        <ele>33.200000762939453125</ele>
        <time>2026-08-29T10:56:29.000Z</time>
        <extensions>
          <ns3:TrackPointExtension>
            <ns3:hr>103</ns3:hr>
          </ns3:TrackPointExtension>
        </extensions>
      </trkpt>
      <trkpt lat="39.9513066373765468597412109375" lon="116.565271653234958648681640625">
        <ele>33.40000152587890625</ele>
        <time>2026-08-29T10:56:30.000Z</time>
        <extensions>
          <ns3:TrackPointExtension>
            <ns3:hr>103</ns3:hr>
          </ns3:TrackPointExtension>
        </extensions>
      </trkpt>
      <trkpt lat="39.95158441364765167236328125" lon="116.5652768500149250030517578125">
        <ele>33.40000152587890625</ele>
        <time>2026-08-29T10:56:36.000Z</time>
        <extensions>
          <ns3:TrackPointExtension>
            <ns3:hr>103</ns3:hr>
          </ns3:TrackPointExtension>
        </extensions>
      </trkpt>
      <trkpt lat="39.95166161097586154937744140625" lon="116.5652248822152614593505859375">
        <ele>33.40000152587890625</ele>
        <time>2026-08-29T10:56:38.000Z</time>
        <extensions>
          <ns3:TrackPointExtension>
            <ns3:hr>104</ns3:hr>
          </ns3:TrackPointExtension>
        </extensions>
      </trkpt>
      <trkpt lat="39.95172581635415554046630859375" lon="116.56514802016317844390869140625">
        <ele>33.40000152587890625</ele>
        <time>2026-08-29T10:56:40.000Z</time>
        <extensions>
          <ns3:TrackPointExtension>
            <ns3:hr>105</ns3:hr>
          </ns3:TrackPointExtension>
        </extensions>
      </trkpt>
      <trkpt lat="39.9517840705811977386474609375" lon="116.56506545841693878173828125">
        <ele>33.200000762939453125</ele>
        <time>2026-08-29T10:56:42.000Z</time>
        <extensions>
          <ns3:TrackPointExtension>
            <ns3:hr>105</ns3:hr>
          </ns3:TrackPointExtension>
        </extensions>
      </trkpt>
      <trkpt lat="39.95185925625264644622802734375" lon="116.56501089222729206085205078125">
        <ele>33.40000152587890625</ele>
        <time>2026-08-29T10:56:44.000Z</time>
        <extensions>
          <ns3:TrackPointExtension>
            <ns3:hr>105</ns3:hr>
          </ns3:TrackPointExtension>
        </extensions>
      </trkpt>
      <trkpt lat="39.9519007466733455657958984375" lon="116.5649948827922344207763671875">
        <ele>33.40000152587890625</ele>
        <time>2026-08-29T10:56:45.000Z</time>
        <extensions>
          <ns3:TrackPointExtension>
            <ns3:hr>105</ns3:hr>
          </ns3:TrackPointExtension>
        </extensions>
      </trkpt>
      <trkpt lat="39.95211473666131496429443359375" lon="116.56493310816586017608642578125">
        <ele>33.40000152587890625</ele>
        <time>2026-08-29T10:56:50.000Z</time>
        <extensions>
          <ns3:TrackPointExtension>
            <ns3:hr>106</ns3:hr>
          </ns3:TrackPointExtension>
        </extensions>
      </trkpt>
      <trkpt lat="39.95220291428267955780029296875" lon="116.5649347007274627685546875">
        <ele>33.40000152587890625</ele>
        <time>2026-08-29T10:56:52.000Z</time>
        <extensions>
          <ns3:TrackPointExtension>
            <ns3:hr>107</ns3:hr>
          </ns3:TrackPointExtension>
        </extensions>
      </trkpt>
      <trkpt lat="39.95239754207432270050048828125" lon="116.564998067915439605712890625">
        <ele>33.59999847412109375</ele>
        <time>2026-08-29T10:56:57.000Z</time>
        <extensions>
          <ns3:TrackPointExtension>
            <ns3:hr>104</ns3:hr>
          </ns3:TrackPointExtension>
        </extensions>
      </trkpt>
      <trkpt lat="39.95241564698517322540283203125" lon="116.56513921916484832763671875">
        <ele>33.40000152587890625</ele>
        <time>2026-08-29T10:57:00.000Z</time>
        <extensions>
          <ns3:TrackPointExtension>
            <ns3:hr>102</ns3:hr>
          </ns3:TrackPointExtension>
        </extensions>
      </trkpt>
      <trkpt lat="39.95241598226130008697509765625" lon="116.56548933126032352447509765625">
        <ele>33.40000152587890625</ele>
        <time>2026-08-29T10:57:07.000Z</time>
        <extensions>
          <ns3:TrackPointExtension>
            <ns3:hr>103</ns3:hr>
          </ns3:TrackPointExtension>
        </extensions>
      </trkpt>
      <trkpt lat="39.95240986347198486328125" lon="116.56559293158352375030517578125">
        <ele>33.40000152587890625</ele>
        <time>2026-08-29T10:57:09.000Z</time>
        <extensions>
          <ns3:TrackPointExtension>
            <ns3:hr>106</ns3:hr>
          </ns3:TrackPointExtension>
        </extensions>
      </trkpt>
      <trkpt lat="39.952410869300365447998046875" lon="116.56569200567901134490966796875">
        <ele>33.40000152587890625</ele>
        <time>2026-08-29T10:57:11.000Z</time>
        <extensions>
          <ns3:TrackPointExtension>
            <ns3:hr>109</ns3:hr>
          </ns3:TrackPointExtension>
        </extensions>
      </trkpt>
      <trkpt lat="39.95239578187465667724609375" lon="116.565889231860637664794921875">
        <ele>33.40000152587890625</ele>
        <time>2026-08-29T10:57:15.000Z</time>
        <extensions>
          <ns3:TrackPointExtension>
            <ns3:hr>110</ns3:hr>
          </ns3:TrackPointExtension>
        </extensions>
      </trkpt>
      <trkpt lat="39.95246225036680698394775390625" lon="116.56613708473742008209228515625">
        <ele>33.200000762939453125</ele>
        <time>2026-08-29T10:57:20.000Z</time>
        <extensions>
          <ns3:TrackPointExtension>
            <ns3:hr>109</ns3:hr>
          </ns3:TrackPointExtension>
        </extensions>
      </trkpt>
      <trkpt lat="39.952481947839260101318359375" lon="116.56628728844225406646728515625">
        <ele>33.200000762939453125</ele>
        <time>2026-08-29T10:57:23.000Z</time>
        <extensions>
          <ns3:TrackPointExtension>
            <ns3:hr>109</ns3:hr>
          </ns3:TrackPointExtension>
        </extensions>
      </trkpt>
      <trkpt lat="39.9524737335741519927978515625" lon="116.56638921238481998443603515625">
        <ele>33.200000762939453125</ele>
        <time>2026-08-29T10:57:25.000Z</time>
        <extensions>
          <ns3:TrackPointExtension>
            <ns3:hr>110</ns3:hr>
          </ns3:TrackPointExtension>
        </extensions>
      </trkpt>
      <trkpt lat="39.95247624814510345458984375" lon="116.56644101254642009735107421875">
        <ele>33.200000762939453125</ele>
        <time>2026-08-29T10:57:26.000Z</time>
        <extensions>
          <ns3:TrackPointExtension>
            <ns3:hr>110</ns3:hr>
          </ns3:TrackPointExtension>
        </extensions>
      </trkpt>
      <trkpt lat="39.952487312257289886474609375" lon="116.56654872000217437744140625">
        <ele>33.200000762939453125</ele>
        <time>2026-08-29T10:57:28.000Z</time>
        <extensions>
          <ns3:TrackPointExtension>
            <ns3:hr>109</ns3:hr>
          </ns3:TrackPointExtension>
        </extensions>
      </trkpt>
      <trkpt lat="39.9525092728435993194580078125" lon="116.5667047910392284393310546875">
        <ele>33.200000762939453125</ele>
        <time>2026-08-29T10:57:31.000Z</time>
        <extensions>
          <ns3:TrackPointExtension>
            <ns3:hr>110</ns3:hr>
          </ns3:TrackPointExtension>
        </extensions>
      </trkpt>
      <trkpt lat="39.9525032378733158111572265625" lon="116.56681434251368045806884765625">
        <ele>33</ele>
        <time>2026-08-29T10:57:33.000Z</time>
        <extensions>
          <ns3:TrackPointExtension>
            <ns3:hr>109</ns3:hr>
          </ns3:TrackPointExtension>
        </extensions>
      </trkpt>
      <trkpt lat="39.95247130282223224639892578125" lon="116.5669800527393817901611328125">
        <ele>33</ele>
        <time>2026-08-29T10:57:36.000Z</time>
        <extensions>
          <ns3:TrackPointExtension>
            <ns3:hr>108</ns3:hr>
          </ns3:TrackPointExtension>
        </extensions>
      </trkpt>
      <trkpt lat="39.95251153595745563507080078125" lon="116.5671989880502223968505859375">
        <ele>33</ele>
        <time>2026-08-29T10:57:41.000Z</time>
        <extensions>
          <ns3:TrackPointExtension>
            <ns3:hr>107</ns3:hr>
          </ns3:TrackPointExtension>
        </extensions>
      </trkpt>
      <trkpt lat="39.952542297542095184326171875" lon="116.56743041239678859710693359375">
        <ele>32.799999237060546875</ele>
        <time>2026-08-29T10:57:46.000Z</time>
        <extensions>
          <ns3:TrackPointExtension>
            <ns3:hr>107</ns3:hr>
          </ns3:TrackPointExtension>
        </extensions>
      </trkpt>
      <trkpt lat="39.9525330774486064910888671875" lon="116.5674819611012935638427734375">
        <ele>32.799999237060546875</ele>
        <time>2026-08-29T10:57:47.000Z</time>
        <extensions>
          <ns3:TrackPointExtension>
            <ns3:hr>107</ns3:hr>
          </ns3:TrackPointExtension>
        </extensions>
      </trkpt>
      <trkpt lat="39.9525146372616291046142578125" lon="116.56764574348926544189453125">
        <ele>32.59999847412109375</ele>
        <time>2026-08-29T10:57:50.000Z</time>
        <extensions>
          <ns3:TrackPointExtension>
            <ns3:hr>107</ns3:hr>
          </ns3:TrackPointExtension>
        </extensions>
      </trkpt>
      <trkpt lat="39.95254020206630229949951171875" lon="116.56781430356204509735107421875">
        <ele>32.59999847412109375</ele>
        <time>2026-08-29T10:57:53.000Z</time>
        <extensions>
          <ns3:TrackPointExtension>
            <ns3:hr>107</ns3:hr>
          </ns3:TrackPointExtension>
        </extensions>
      </trkpt>
      <trkpt lat="39.95257037691771984100341796875" lon="116.56813164241611957550048828125">
        <ele>32.59999847412109375</ele>
        <time>2026-08-29T10:57:59.000Z</time>
        <extensions>
          <ns3:TrackPointExtension>
            <ns3:hr>108</ns3:hr>
          </ns3:TrackPointExtension>
        </extensions>
      </trkpt>
      <trkpt lat="39.9525575526058673858642578125" lon="116.56823473982512950897216796875">
        <ele>32.59999847412109375</ele>
        <time>2026-08-29T10:58:01.000Z</time>
        <extensions>
          <ns3:TrackPointExtension>
            <ns3:hr>107</ns3:hr>
          </ns3:TrackPointExtension>
        </extensions>
      </trkpt>
      <trkpt lat="39.95251270942389965057373046875" lon="116.5684435330331325531005859375">
        <ele>32.40000152587890625</ele>
        <time>2026-08-29T10:58:05.000Z</time>
        <extensions>
          <ns3:TrackPointExtension>
            <ns3:hr>107</ns3:hr>
          </ns3:TrackPointExtension>
        </extensions>
      </trkpt>
      <trkpt lat="39.95249007828533649444580078125" lon="116.56855006702244281768798828125">
        <ele>32.40000152587890625</ele>
        <time>2026-08-29T10:58:07.000Z</time>
        <extensions>
          <ns3:TrackPointExtension>
            <ns3:hr>106</ns3:hr>
          </ns3:TrackPointExtension>
        </extensions>
      </trkpt>
      <trkpt lat="39.95244045741856098175048828125" lon="116.56880923546850681304931640625">
        <ele>32.40000152587890625</ele>
        <time>2026-08-29T10:58:12.000Z</time>
        <extensions>
          <ns3:TrackPointExtension>
            <ns3:hr>107</ns3:hr>
          </ns3:TrackPointExtension>
        </extensions>
      </trkpt>
      <trkpt lat="39.95243459008634090423583984375" lon="116.5690352953970432281494140625">
        <ele>32</ele>
        <time>2026-08-29T10:58:16.000Z</time>
        <extensions>
          <ns3:TrackPointExtension>
            <ns3:hr>107</ns3:hr>
          </ns3:TrackPointExtension>
        </extensions>
      </trkpt>
      <trkpt lat="39.95244347490370273590087890625" lon="116.5691323578357696533203125">
        <ele>32.200000762939453125</ele>
        <time>2026-08-29T10:58:18.000Z</time>
        <extensions>
          <ns3:TrackPointExtension>
            <ns3:hr>108</ns3:hr>
          </ns3:TrackPointExtension>
        </extensions>
      </trkpt>
      <trkpt lat="39.95244515128433704376220703125" lon="116.56927946023643016815185546875">
        <ele>32</ele>
        <time>2026-08-29T10:58:21.000Z</time>
        <extensions>
          <ns3:TrackPointExtension>
            <ns3:hr>109</ns3:hr>
          </ns3:TrackPointExtension>
        </extensions>
      </trkpt>
      <trkpt lat="39.9524348415434360504150390625" lon="116.56938658095896244049072265625">
        <ele>32</ele>
        <time>2026-08-29T10:58:23.000Z</time>
        <extensions>
          <ns3:TrackPointExtension>
            <ns3:hr>109</ns3:hr>
          </ns3:TrackPointExtension>
        </extensions>
      </trkpt>
      <trkpt lat="39.9524335004389286041259765625" lon="116.5694989822804927825927734375">
        <ele>31.799999237060546875</ele>
        <time>2026-08-29T10:58:25.000Z</time>
        <extensions>
          <ns3:TrackPointExtension>
            <ns3:hr>108</ns3:hr>
          </ns3:TrackPointExtension>
        </extensions>
      </trkpt>
      <trkpt lat="39.95244246907532215118408203125" lon="116.56975823454558849334716796875">
        <ele>31.6000003814697265625</ele>
        <time>2026-08-29T10:58:29.000Z</time>
        <extensions>
          <ns3:TrackPointExtension>
            <ns3:hr>107</ns3:hr>
          </ns3:TrackPointExtension>
        </extensions>
      </trkpt>
      <trkpt lat="39.95245470665395259857177734375" lon="116.56996627338230609893798828125">
        <ele>31.6000003814697265625</ele>
        <time>2026-08-29T10:58:32.000Z</time>
        <extensions>
          <ns3:TrackPointExtension>
            <ns3:hr>107</ns3:hr>
          </ns3:TrackPointExtension>
        </extensions>
      </trkpt>
      <trkpt lat="39.9524640105664730072021484375" lon="116.57017213292419910430908203125">
        <ele>31.6000003814697265625</ele>
        <time>2026-08-29T10:58:35.000Z</time>
        <extensions>
          <ns3:TrackPointExtension>
            <ns3:hr>108</ns3:hr>
          </ns3:TrackPointExtension>
        </extensions>
      </trkpt>
      <trkpt lat="39.9524754099547863006591796875" lon="116.5705725364387035369873046875">
        <ele>31.200000762939453125</ele>
        <time>2026-08-29T10:58:41.000Z</time>
        <extensions>
          <ns3:TrackPointExtension>
            <ns3:hr>108</ns3:hr>
          </ns3:TrackPointExtension>
        </extensions>
      </trkpt>
      <trkpt lat="39.95248974300920963287353515625" lon="116.57097059302031993865966796875">
        <ele>31.200000762939453125</ele>
        <time>2026-08-29T10:58:47.000Z</time>
        <extensions>
          <ns3:TrackPointExtension>
            <ns3:hr>108</ns3:hr>
          </ns3:TrackPointExtension>
        </extensions>
      </trkpt>
      <trkpt lat="39.9525131285190582275390625" lon="116.5715391375124454498291015625">
        <ele>30.799999237060546875</ele>
        <time>2026-08-29T10:58:56.000Z</time>
        <extensions>
          <ns3:TrackPointExtension>
            <ns3:hr>108</ns3:hr>
          </ns3:TrackPointExtension>
        </extensions>
      </trkpt>
      <trkpt lat="39.95250700972974300384521484375" lon="116.57166394405066967010498046875">
        <ele>30.799999237060546875</ele>
        <time>2026-08-29T10:58:58.000Z</time>
        <extensions>
          <ns3:TrackPointExtension>
            <ns3:hr>108</ns3:hr>
          </ns3:TrackPointExtension>
        </extensions>
      </trkpt>
      <trkpt lat="39.9524814449250698089599609375" lon="116.57178162597119808197021484375">
        <ele>30.799999237060546875</ele>
        <time>2026-08-29T10:59:00.000Z</time>
        <extensions>
          <ns3:TrackPointExtension>
            <ns3:hr>108</ns3:hr>
          </ns3:TrackPointExtension>
        </extensions>
      </trkpt>
      <trkpt lat="39.952462501823902130126953125" lon="116.57183677889406681060791015625">
        <ele>30.799999237060546875</ele>
        <time>2026-08-29T10:59:01.000Z</time>
        <extensions>
          <ns3:TrackPointExtension>
            <ns3:hr>108</ns3:hr>
          </ns3:TrackPointExtension>
        </extensions>
      </trkpt>
      <trkpt lat="39.95238916017115116119384765625" lon="116.57219720073044300079345703125">
        <ele>30.6000003814697265625</ele>
        <time>2026-08-29T10:59:07.000Z</time>
        <extensions>
          <ns3:TrackPointExtension>
            <ns3:hr>110</ns3:hr>
          </ns3:TrackPointExtension>
        </extensions>
      </trkpt>
      <trkpt lat="39.95230349712073802947998046875" lon="116.57253138720989227294921875">
        <ele>30.799999237060546875</ele>
        <time>2026-08-29T10:59:13.000Z</time>
        <extensions>
          <ns3:TrackPointExtension>
            <ns3:hr>109</ns3:hr>
          </ns3:TrackPointExtension>
        </extensions>
      </trkpt>
      <trkpt lat="39.9522690474987030029296875" lon="116.57263490371406078338623046875">
        <ele>30.799999237060546875</ele>
        <time>2026-08-29T10:59:15.000Z</time>
        <extensions>
          <ns3:TrackPointExtension>
            <ns3:hr>108</ns3:hr>
          </ns3:TrackPointExtension>
        </extensions>
      </trkpt>
      <trkpt lat="39.95219687931239604949951171875" lon="116.57296950928866863250732421875">
        <ele>30.799999237060546875</ele>
        <time>2026-08-29T10:59:21.000Z</time>
        <extensions>
          <ns3:TrackPointExtension>
            <ns3:hr>107</ns3:hr>
          </ns3:TrackPointExtension>
        </extensions>
      </trkpt>
      <trkpt lat="39.9521354399621486663818359375" lon="116.57325332053005695343017578125">
        <ele>30.6000003814697265625</ele>
        <time>2026-08-29T10:59:26.000Z</time>
        <extensions>
          <ns3:TrackPointExtension>
            <ns3:hr>107</ns3:hr>
          </ns3:TrackPointExtension>
        </extensions>
      </trkpt>
      <trkpt lat="39.95208540000021457672119140625" lon="116.57335474155843257904052734375">
        <ele>30.6000003814697265625</ele>
        <time>2026-08-29T10:59:28.000Z</time>
        <extensions>
          <ns3:TrackPointExtension>
            <ns3:hr>106</ns3:hr>
          </ns3:TrackPointExtension>
        </extensions>
      </trkpt>
      <trkpt lat="39.95202295482158660888671875" lon="116.5734337829053401947021484375">
        <ele>30.6000003814697265625</ele>
        <time>2026-08-29T10:59:30.000Z</time>
        <extensions>
          <ns3:TrackPointExtension>
            <ns3:hr>106</ns3:hr>
          </ns3:TrackPointExtension>
        </extensions>
      </trkpt>
      <trkpt lat="39.95193167589604854583740234375" lon="116.573530174791812896728515625">
        <ele>30.799999237060546875</ele>
        <time>2026-08-29T10:59:33.000Z</time>
        <extensions>
          <ns3:TrackPointExtension>
            <ns3:hr>106</ns3:hr>
          </ns3:TrackPointExtension>
        </extensions>
      </trkpt>
      <trkpt lat="39.95175280608236789703369140625" lon="116.5736128203570842742919921875">
        <ele>30.799999237060546875</ele>
        <time>2026-08-29T10:59:38.000Z</time>
        <extensions>
          <ns3:TrackPointExtension>
            <ns3:hr>106</ns3:hr>
          </ns3:TrackPointExtension>
        </extensions>
      </trkpt>
      <trkpt lat="39.9513904564082622528076171875" lon="116.57363804988563060760498046875">
        <ele>30.6000003814697265625</ele>
        <time>2026-08-29T10:59:47.000Z</time>
        <extensions>
          <ns3:TrackPointExtension>
            <ns3:hr>107</ns3:hr>
          </ns3:TrackPointExtension>
        </extensions>
      </trkpt>
      <trkpt lat="39.9510592035949230194091796875" lon="116.573668308556079864501953125">
        <ele>30.799999237060546875</ele>
        <time>2026-08-29T10:59:55.000Z</time>
        <extensions>
          <ns3:TrackPointExtension>
            <ns3:hr>107</ns3:hr>
          </ns3:TrackPointExtension>
        </extensions>
      </trkpt>
      <trkpt lat="39.95092769153416156768798828125" lon="116.57363838516175746917724609375">
        <ele>30.799999237060546875</ele>
        <time>2026-08-29T10:59:59.000Z</time>
        <extensions>
          <ns3:TrackPointExtension>
            <ns3:hr>108</ns3:hr>
          </ns3:TrackPointExtension>
        </extensions>
      </trkpt>
      <trkpt lat="39.95091478340327739715576171875" lon="116.57360485754907131195068359375">
        <ele>30.799999237060546875</ele>
        <time>2026-08-29T11:00:00.000Z</time>
        <extensions>
          <ns3:TrackPointExtension>
            <ns3:hr>108</ns3:hr>
          </ns3:TrackPointExtension>
        </extensions>
      </trkpt>
      <trkpt lat="39.95084546506404876708984375" lon="116.57341307960450649261474609375">
        <ele>30.799999237060546875</ele>
        <time>2026-08-29T11:00:05.000Z</time>
        <extensions>
          <ns3:TrackPointExtension>
            <ns3:hr>107</ns3:hr>
          </ns3:TrackPointExtension>
        </extensions>
      </trkpt>
      <trkpt lat="39.95072686113417148590087890625" lon="116.573345102369785308837890625">
        <ele>30.799999237060546875</ele>
        <time>2026-08-29T11:00:09.000Z</time>
        <extensions>
          <ns3:TrackPointExtension>
            <ns3:hr>104</ns3:hr>
          </ns3:TrackPointExtension>
        </extensions>
      </trkpt>
      <trkpt lat="39.95069450698792934417724609375" lon="116.57335155643522739410400390625">
        <ele>30.6000003814697265625</ele>
        <time>2026-08-29T11:00:10.000Z</time>
        <extensions>
          <ns3:TrackPointExtension>
            <ns3:hr>104</ns3:hr>
          </ns3:TrackPointExtension>
        </extensions>
      </trkpt>
      <trkpt lat="39.950545392930507659912109375" lon="116.57344878651201725006103515625">
        <ele>30.6000003814697265625</ele>
        <time>2026-08-29T11:00:15.000Z</time>
        <extensions>
          <ns3:TrackPointExtension>
            <ns3:hr>103</ns3:hr>
          </ns3:TrackPointExtension>
        </extensions>
      </trkpt>
      <trkpt lat="39.95039309374988079071044921875" lon="116.573469825088977813720703125">
        <ele>30.6000003814697265625</ele>
        <time>2026-08-29T11:00:20.000Z</time>
        <extensions>
          <ns3:TrackPointExtension>
            <ns3:hr>103</ns3:hr>
          </ns3:TrackPointExtension>
        </extensions>
      </trkpt>
      <trkpt lat="39.9503034912049770355224609375" lon="116.57359731383621692657470703125">
        <ele>30.6000003814697265625</ele>
        <time>2026-08-29T11:00:24.000Z</time>
        <extensions>
          <ns3:TrackPointExtension>
            <ns3:hr>103</ns3:hr>
          </ns3:TrackPointExtension>
        </extensions>
      </trkpt>
      <trkpt lat="39.95022964663803577423095703125" lon="116.57371968962252140045166015625">
        <ele>30.799999237060546875</ele>
        <time>2026-08-29T11:00:28.000Z</time>
        <extensions>
          <ns3:TrackPointExtension>
            <ns3:hr>103</ns3:hr>
          </ns3:TrackPointExtension>
        </extensions>
      </trkpt>
      <trkpt lat="39.950203411281108856201171875" lon="116.57374014146625995635986328125">
        <ele>30.799999237060546875</ele>
        <time>2026-08-29T11:00:29.000Z</time>
        <extensions>
          <ns3:TrackPointExtension>
            <ns3:hr>103</ns3:hr>
          </ns3:TrackPointExtension>
        </extensions>
      </trkpt>
      <trkpt lat="39.9500443227589130401611328125" lon="116.5737794525921344757080078125">
        <ele>30.6000003814697265625</ele>
        <time>2026-08-29T11:00:34.000Z</time>
        <extensions>
          <ns3:TrackPointExtension>
            <ns3:hr>101</ns3:hr>
          </ns3:TrackPointExtension>
        </extensions>
      </trkpt>
      <trkpt lat="39.9498738348484039306640625" lon="116.57375388778746128082275390625">
        <ele>30.6000003814697265625</ele>
        <time>2026-08-29T11:00:39.000Z</time>
        <extensions>
          <ns3:TrackPointExtension>
            <ns3:hr>101</ns3:hr>
          </ns3:TrackPointExtension>
        </extensions>
      </trkpt>
      <trkpt lat="39.94960963726043701171875" lon="116.57376662828028202056884765625">
        <ele>30.3999996185302734375</ele>
        <time>2026-08-29T11:00:46.000Z</time>
        <extensions>
          <ns3:TrackPointExtension>
            <ns3:hr>102</ns3:hr>
          </ns3:TrackPointExtension>
        </extensions>
      </trkpt>
      <trkpt lat="39.9493533186614513397216796875" lon="116.57381172291934490203857421875">
        <ele>30.3999996185302734375</ele>
        <time>2026-08-29T11:00:52.000Z</time>
        <extensions>
          <ns3:TrackPointExtension>
            <ns3:hr>101</ns3:hr>
          </ns3:TrackPointExtension>
        </extensions>
      </trkpt>
      <trkpt lat="39.94909691624343395233154296875" lon="116.5738230384886264801025390625">
        <ele>30.3999996185302734375</ele>
        <time>2026-08-29T11:00:58.000Z</time>
        <extensions>
          <ns3:TrackPointExtension>
            <ns3:hr>103</ns3:hr>
          </ns3:TrackPointExtension>
        </extensions>
      </trkpt>
      <trkpt lat="39.9488919787108898162841796875" lon="116.57384927384555339813232421875">
        <ele>30.3999996185302734375</ele>
        <time>2026-08-29T11:01:03.000Z</time>
        <extensions>
          <ns3:TrackPointExtension>
            <ns3:hr>104</ns3:hr>
          </ns3:TrackPointExtension>
        </extensions>
      </trkpt>
      <trkpt lat="39.9487196467816829681396484375" lon="116.57386117614805698394775390625">
        <ele>30.200000762939453125</ele>
        <time>2026-08-29T11:01:07.000Z</time>
        <extensions>
          <ns3:TrackPointExtension>
            <ns3:hr>104</ns3:hr>
          </ns3:TrackPointExtension>
        </extensions>
      </trkpt>
      <trkpt lat="39.9485939182341098785400390625" lon="116.57387257553637027740478515625">
        <ele>30</ele>
        <time>2026-08-29T11:01:10.000Z</time>
        <extensions>
          <ns3:TrackPointExtension>
            <ns3:hr>104</ns3:hr>
          </ns3:TrackPointExtension>
        </extensions>
      </trkpt>
      <trkpt lat="39.94836584664881229400634765625" lon="116.57388531602919101715087890625">
        <ele>30</ele>
        <time>2026-08-29T11:01:15.000Z</time>
        <extensions>
          <ns3:TrackPointExtension>
            <ns3:hr>101</ns3:hr>
          </ns3:TrackPointExtension>
        </extensions>
      </trkpt>
      <trkpt lat="39.94816593825817108154296875" lon="116.57391767017543315887451171875">
        <ele>30</ele>
        <time>2026-08-29T11:01:19.000Z</time>
        <extensions>
          <ns3:TrackPointExtension>
            <ns3:hr>103</ns3:hr>
          </ns3:TrackPointExtension>
        </extensions>
      </trkpt>
      <trkpt lat="39.947777353227138519287109375" lon="116.5739397145807743072509765625">
        <ele>29.799999237060546875</ele>
        <time>2026-08-29T11:01:28.000Z</time>
        <extensions>
          <ns3:TrackPointExtension>
            <ns3:hr>105</ns3:hr>
          </ns3:TrackPointExtension>
        </extensions>
      </trkpt>
      <trkpt lat="39.9474464356899261474609375" lon="116.5739638544619083404541015625">
        <ele>30</ele>
        <time>2026-08-29T11:01:36.000Z</time>
        <extensions>
          <ns3:TrackPointExtension>
            <ns3:hr>104</ns3:hr>
          </ns3:TrackPointExtension>
        </extensions>
      </trkpt>
      <trkpt lat="39.94715985842049121856689453125" lon="116.573994196951389312744140625">
        <ele>29.799999237060546875</ele>
        <time>2026-08-29T11:01:43.000Z</time>
        <extensions>
          <ns3:TrackPointExtension>
            <ns3:hr>105</ns3:hr>
          </ns3:TrackPointExtension>
        </extensions>
      </trkpt>
      <trkpt lat="39.94683095254004001617431640625" lon="116.5740265510976314544677734375">
        <ele>29.799999237060546875</ele>
        <time>2026-08-29T11:01:51.000Z</time>
        <extensions>
          <ns3:TrackPointExtension>
            <ns3:hr>105</ns3:hr>
          </ns3:TrackPointExtension>
        </extensions>
      </trkpt>
      <trkpt lat="39.9465393461287021636962890625" lon="116.57405831851065158843994140625">
        <ele>29.799999237060546875</ele>
        <time>2026-08-29T11:01:58.000Z</time>
        <extensions>
          <ns3:TrackPointExtension>
            <ns3:hr>107</ns3:hr>
          </ns3:TrackPointExtension>
        </extensions>
      </trkpt>
      <trkpt lat="39.9462848715484142303466796875" lon="116.574049852788448333740234375">
        <ele>29.799999237060546875</ele>
        <time>2026-08-29T11:02:04.000Z</time>
        <extensions>
          <ns3:TrackPointExtension>
            <ns3:hr>106</ns3:hr>
          </ns3:TrackPointExtension>
        </extensions>
      </trkpt>
      <trkpt lat="39.9459871463477611541748046875" lon="116.5740071050822734832763671875">
        <ele>29.799999237060546875</ele>
        <time>2026-08-29T11:02:11.000Z</time>
        <extensions>
          <ns3:TrackPointExtension>
            <ns3:hr>107</ns3:hr>
          </ns3:TrackPointExtension>
        </extensions>
      </trkpt>
      <trkpt lat="39.94582244195044040679931640625" lon="116.5739725716412067413330078125">
        <ele>29.799999237060546875</ele>
        <time>2026-08-29T11:02:15.000Z</time>
        <extensions>
          <ns3:TrackPointExtension>
            <ns3:hr>111</ns3:hr>
          </ns3:TrackPointExtension>
        </extensions>
      </trkpt>
      <trkpt lat="39.94577885605394840240478515625" lon="116.57396846450865268707275390625">
        <ele>29.6000003814697265625</ele>
        <time>2026-08-29T11:02:16.000Z</time>
        <extensions>
          <ns3:TrackPointExtension>
            <ns3:hr>114</ns3:hr>
          </ns3:TrackPointExtension>
        </extensions>
      </trkpt>
      <trkpt lat="39.9457377009093761444091796875" lon="116.57395890913903713226318359375">
        <ele>29.6000003814697265625</ele>
        <time>2026-08-29T11:02:17.000Z</time>
        <extensions>
          <ns3:TrackPointExtension>
            <ns3:hr>115</ns3:hr>
          </ns3:TrackPointExtension>
        </extensions>
      </trkpt>
      <trkpt lat="39.945382140576839447021484375" lon="116.57388581894338130950927734375">
        <ele>29.6000003814697265625</ele>
        <time>2026-08-29T11:02:25.000Z</time>
        <extensions>
          <ns3:TrackPointExtension>
            <ns3:hr>118</ns3:hr>
          </ns3:TrackPointExtension>
        </extensions>
      </trkpt>
      <trkpt lat="39.94534065015614032745361328125" lon="116.57388799823820590972900390625">
        <ele>29.6000003814697265625</ele>
        <time>2026-08-29T11:02:26.000Z</time>
        <extensions>
          <ns3:TrackPointExtension>
            <ns3:hr>118</ns3:hr>
          </ns3:TrackPointExtension>
        </extensions>
      </trkpt>
      <trkpt lat="39.9452575854957103729248046875" lon="116.5738669596612453460693359375">
        <ele>29.6000003814697265625</ele>
        <time>2026-08-29T11:02:28.000Z</time>
        <extensions>
          <ns3:TrackPointExtension>
            <ns3:hr>118</ns3:hr>
          </ns3:TrackPointExtension>
        </extensions>
      </trkpt>
      <trkpt lat="39.94517317973077297210693359375" lon="116.57384441234171390533447265625">
        <ele>29.6000003814697265625</ele>
        <time>2026-08-29T11:02:30.000Z</time>
        <extensions>
          <ns3:TrackPointExtension>
            <ns3:hr>117</ns3:hr>
          </ns3:TrackPointExtension>
        </extensions>
      </trkpt>
      <trkpt lat="39.94513110257685184478759765625" lon="116.57383418641984462738037109375">
        <ele>29.6000003814697265625</ele>
        <time>2026-08-29T11:02:31.000Z</time>
        <extensions>
          <ns3:TrackPointExtension>
            <ns3:hr>117</ns3:hr>
          </ns3:TrackPointExtension>
        </extensions>
      </trkpt>
      <trkpt lat="39.94497687555849552154541015625" lon="116.57385866157710552215576171875">
        <ele>29.6000003814697265625</ele>
        <time>2026-08-29T11:02:35.000Z</time>
        <extensions>
          <ns3:TrackPointExtension>
            <ns3:hr>118</ns3:hr>
          </ns3:TrackPointExtension>
        </extensions>
      </trkpt>
      <trkpt lat="39.944953657686710357666015625" lon="116.57389822416007518768310546875">
        <ele>29.6000003814697265625</ele>
        <time>2026-08-29T11:02:36.000Z</time>
        <extensions>
          <ns3:TrackPointExtension>
            <ns3:hr>118</ns3:hr>
          </ns3:TrackPointExtension>
        </extensions>
      </trkpt>
      <trkpt lat="39.94492323137819766998291015625" lon="116.57409637235105037689208984375">
        <ele>29.3999996185302734375</ele>
        <time>2026-08-29T11:02:40.000Z</time>
        <extensions>
          <ns3:TrackPointExtension>
            <ns3:hr>114</ns3:hr>
          </ns3:TrackPointExtension>
        </extensions>
      </trkpt>
      <trkpt lat="39.9449115805327892303466796875" lon="116.5743792615830898284912109375">
        <ele>29.200000762939453125</ele>
        <time>2026-08-29T11:02:45.000Z</time>
        <extensions>
          <ns3:TrackPointExtension>
            <ns3:hr>111</ns3:hr>
          </ns3:TrackPointExtension>
        </extensions>
      </trkpt>
      <trkpt lat="39.9449095688760280609130859375" lon="116.5744959376752376556396484375">
        <ele>29.200000762939453125</ele>
        <time>2026-08-29T11:02:47.000Z</time>
        <extensions>
          <ns3:TrackPointExtension>
            <ns3:hr>111</ns3:hr>
          </ns3:TrackPointExtension>
        </extensions>
      </trkpt>
      <trkpt lat="39.94488920085132122039794921875" lon="116.57509683631360530853271484375">
        <ele>29</ele>
        <time>2026-08-29T11:02:57.000Z</time>
        <extensions>
          <ns3:TrackPointExtension>
            <ns3:hr>111</ns3:hr>
          </ns3:TrackPointExtension>
        </extensions>
      </trkpt>
      <trkpt lat="39.94487327523529529571533203125" lon="116.57555750571191310882568359375">
        <ele>29.200000762939453125</ele>
        <time>2026-08-29T11:03:05.000Z</time>
        <extensions>
          <ns3:TrackPointExtension>
            <ns3:hr>114</ns3:hr>
          </ns3:TrackPointExtension>
        </extensions>
      </trkpt>
      <trkpt lat="39.9448710121214389801025390625" lon="116.57561324536800384521484375">
        <ele>29.200000762939453125</ele>
        <time>2026-08-29T11:03:06.000Z</time>
        <extensions>
          <ns3:TrackPointExtension>
            <ns3:hr>116</ns3:hr>
          </ns3:TrackPointExtension>
        </extensions>
      </trkpt>
      <trkpt lat="39.94486749172210693359375" lon="116.576239205896854400634765625">
        <ele>29</ele>
        <time>2026-08-29T11:03:17.000Z</time>
        <extensions>
          <ns3:TrackPointExtension>
            <ns3:hr>117</ns3:hr>
          </ns3:TrackPointExtension>
        </extensions>
      </trkpt>
      <trkpt lat="39.94485885836184024810791015625" lon="116.5765099413692951202392578125">
        <ele>29</ele>
        <time>2026-08-29T11:03:22.000Z</time>
        <extensions>
          <ns3:TrackPointExtension>
            <ns3:hr>113</ns3:hr>
          </ns3:TrackPointExtension>
        </extensions>
      </trkpt>
      <trkpt lat="39.9448572658002376556396484375" lon="116.5765612386167049407958984375">
        <ele>29</ele>
        <time>2026-08-29T11:03:23.000Z</time>
        <extensions>
          <ns3:TrackPointExtension>
            <ns3:hr>111</ns3:hr>
          </ns3:TrackPointExtension>
        </extensions>
      </trkpt>
      <trkpt lat="39.94484444148838520050048828125" lon="116.5767191536724567413330078125">
        <ele>29</ele>
        <time>2026-08-29T11:03:26.000Z</time>
        <extensions>
          <ns3:TrackPointExtension>
            <ns3:hr>108</ns3:hr>
          </ns3:TrackPointExtension>
        </extensions>
      </trkpt>
      <trkpt lat="39.9448317848145961761474609375" lon="116.57687732018530368804931640625">
        <ele>29</ele>
        <time>2026-08-29T11:03:29.000Z</time>
        <extensions>
          <ns3:TrackPointExtension>
            <ns3:hr>105</ns3:hr>
          </ns3:TrackPointExtension>
        </extensions>
      </trkpt>
      <trkpt lat="39.94483086280524730682373046875" lon="116.576986201107501983642578125">
        <ele>29</ele>
        <time>2026-08-29T11:03:31.000Z</time>
        <extensions>
          <ns3:TrackPointExtension>
            <ns3:hr>105</ns3:hr>
          </ns3:TrackPointExtension>
        </extensions>
      </trkpt>
      <trkpt lat="39.9448337964713573455810546875" lon="116.5770423598587512969970703125">
        <ele>29</ele>
        <time>2026-08-29T11:03:32.000Z</time>
        <extensions>
          <ns3:TrackPointExtension>
            <ns3:hr>105</ns3:hr>
          </ns3:TrackPointExtension>
        </extensions>
      </trkpt>
      <trkpt lat="39.9448502250015735626220703125" lon="116.5773920528590679168701171875">
        <ele>29.200000762939453125</ele>
        <time>2026-08-29T11:03:39.000Z</time>
        <extensions>
          <ns3:TrackPointExtension>
            <ns3:hr>105</ns3:hr>
          </ns3:TrackPointExtension>
        </extensions>
      </trkpt>
      <trkpt lat="39.944902695715427398681640625" lon="116.57744678668677806854248046875">
        <ele>29</ele>
        <time>2026-08-29T11:03:41.000Z</time>
        <extensions>
          <ns3:TrackPointExtension>
            <ns3:hr>106</ns3:hr>
          </ns3:TrackPointExtension>
        </extensions>
      </trkpt>
      <trkpt lat="39.9449377320706844329833984375" lon="116.57745349220931529998779296875">
        <ele>29</ele>
        <time>2026-08-29T11:03:42.000Z</time>
        <extensions>
          <ns3:TrackPointExtension>
            <ns3:hr>105</ns3:hr>
          </ns3:TrackPointExtension>
        </extensions>
      </trkpt>
      <trkpt lat="39.94516882114112377166748046875" lon="116.5774453617632389068603515625">
        <ele>29</ele>
        <time>2026-08-29T11:03:48.000Z</time>
        <extensions>
          <ns3:TrackPointExtension>
            <ns3:hr>104</ns3:hr>
          </ns3:TrackPointExtension>
        </extensions>
      </trkpt>
      <trkpt lat="39.9454520456492900848388671875" lon="116.57739884220063686370849609375">
        <ele>29</ele>
        <time>2026-08-29T11:03:55.000Z</time>
        <extensions>
          <ns3:TrackPointExtension>
            <ns3:hr>103</ns3:hr>
          </ns3:TrackPointExtension>
        </extensions>
      </trkpt>
      <trkpt lat="39.94568196125328540802001953125" lon="116.577277891337871551513671875">
        <ele>29</ele>
        <time>2026-08-29T11:04:01.000Z</time>
        <extensions>
          <ns3:TrackPointExtension>
            <ns3:hr>105</ns3:hr>
          </ns3:TrackPointExtension>
        </extensions>
      </trkpt>
      <trkpt lat="39.945916570723056793212890625" lon="116.57722231931984424591064453125">
        <ele>28.799999237060546875</ele>
        <time>2026-08-29T11:04:07.000Z</time>
        <extensions>
          <ns3:TrackPointExtension>
            <ns3:hr>107</ns3:hr>
          </ns3:TrackPointExtension>
        </extensions>
      </trkpt>
      <trkpt lat="39.94620666839182376861572265625" lon="116.57714973203837871551513671875">
        <ele>28.6000003814697265625</ele>
        <time>2026-08-29T11:04:14.000Z</time>
        <extensions>
          <ns3:TrackPointExtension>
            <ns3:hr>108</ns3:hr>
          </ns3:TrackPointExtension>
        </extensions>
      </trkpt>
      <trkpt lat="39.94637749157845973968505859375" lon="116.5771204791963100433349609375">
        <ele>28.6000003814697265625</ele>
        <time>2026-08-29T11:04:18.000Z</time>
        <extensions>
          <ns3:TrackPointExtension>
            <ns3:hr>110</ns3:hr>
          </ns3:TrackPointExtension>
        </extensions>
      </trkpt>
      <trkpt lat="39.9465074948966503143310546875" lon="116.57710731960833072662353515625">
        <ele>28.6000003814697265625</ele>
        <time>2026-08-29T11:04:21.000Z</time>
        <extensions>
          <ns3:TrackPointExtension>
            <ns3:hr>110</ns3:hr>
          </ns3:TrackPointExtension>
        </extensions>
      </trkpt>
      <trkpt lat="39.94672433473169803619384765625" lon="116.57708653248846530914306640625">
        <ele>28.799999237060546875</ele>
        <time>2026-08-29T11:04:27.000Z</time>
        <extensions>
          <ns3:TrackPointExtension>
            <ns3:hr>111</ns3:hr>
          </ns3:TrackPointExtension>
        </extensions>
      </trkpt>
      <trkpt lat="39.94690773077309131622314453125" lon="116.5770494006574153900146484375">
        <ele>28.6000003814697265625</ele>
        <time>2026-08-29T11:04:32.000Z</time>
        <extensions>
          <ns3:TrackPointExtension>
            <ns3:hr>114</ns3:hr>
          </ns3:TrackPointExtension>
        </extensions>
      </trkpt>
      <trkpt lat="39.9471720121800899505615234375" lon="116.5770101733505725860595703125">
        <ele>28.6000003814697265625</ele>
        <time>2026-08-29T11:04:39.000Z</time>
        <extensions>
          <ns3:TrackPointExtension>
            <ns3:hr>113</ns3:hr>
          </ns3:TrackPointExtension>
        </extensions>
      </trkpt>
      <trkpt lat="39.9474211223423480987548828125" lon="116.5770125202834606170654296875">
        <ele>28.6000003814697265625</ele>
        <time>2026-08-29T11:04:45.000Z</time>
        <extensions>
          <ns3:TrackPointExtension>
            <ns3:hr>113</ns3:hr>
          </ns3:TrackPointExtension>
        </extensions>
      </trkpt>
      <trkpt lat="39.9477151595056056976318359375" lon="116.5769729577004909515380859375">
        <ele>28.6000003814697265625</ele>
        <time>2026-08-29T11:04:52.000Z</time>
        <extensions>
          <ns3:TrackPointExtension>
            <ns3:hr>113</ns3:hr>
          </ns3:TrackPointExtension>
        </extensions>
      </trkpt>
      <trkpt lat="39.94805437512695789337158203125" lon="116.57688804902136325836181640625">
        <ele>28.6000003814697265625</ele>
        <time>2026-08-29T11:05:00.000Z</time>
        <extensions>
          <ns3:TrackPointExtension>
            <ns3:hr>112</ns3:hr>
          </ns3:TrackPointExtension>
        </extensions>
      </trkpt>
      <trkpt lat="39.94821597822010517120361328125" lon="116.5767516754567623138427734375">
        <ele>28.6000003814697265625</ele>
        <time>2026-08-29T11:05:05.000Z</time>
        <extensions>
          <ns3:TrackPointExtension>
            <ns3:hr>111</ns3:hr>
          </ns3:TrackPointExtension>
        </extensions>
      </trkpt>
      <trkpt lat="39.948313795030117034912109375" lon="116.5765612386167049407958984375">
        <ele>28.799999237060546875</ele>
        <time>2026-08-29T11:05:10.000Z</time>
        <extensions>
          <ns3:TrackPointExtension>
            <ns3:hr>110</ns3:hr>
          </ns3:TrackPointExtension>
        </extensions>
      </trkpt>
      <trkpt lat="39.94834522716701030731201171875" lon="116.57630165107548236846923828125">
        <ele>28.6000003814697265625</ele>
        <time>2026-08-29T11:05:16.000Z</time>
        <extensions>
          <ns3:TrackPointExtension>
            <ns3:hr>109</ns3:hr>
          </ns3:TrackPointExtension>
        </extensions>
      </trkpt>
      <trkpt lat="39.94838478974997997283935546875" lon="116.57597240991890430450439453125">
        <ele>28.3999996185302734375</ele>
        <time>2026-08-29T11:05:22.000Z</time>
        <extensions>
          <ns3:TrackPointExtension>
            <ns3:hr>108</ns3:hr>
          </ns3:TrackPointExtension>
        </extensions>
      </trkpt>
      <trkpt lat="39.94839987717568874359130859375" lon="116.5759222023189067840576171875">
        <ele>28.3999996185302734375</ele>
        <time>2026-08-29T11:05:23.000Z</time>
        <extensions>
          <ns3:TrackPointExtension>
            <ns3:hr>108</ns3:hr>
          </ns3:TrackPointExtension>
        </extensions>
      </trkpt>
      <trkpt lat="39.94842066429555416107177734375" lon="116.57587316818535327911376953125">
        <ele>28.3999996185302734375</ele>
        <time>2026-08-29T11:05:24.000Z</time>
        <extensions>
          <ns3:TrackPointExtension>
            <ns3:hr>108</ns3:hr>
          </ns3:TrackPointExtension>
        </extensions>
      </trkpt>
      <trkpt lat="39.94851068593561649322509765625" lon="116.5756942145526409149169921875">
        <ele>28.6000003814697265625</ele>
        <time>2026-08-29T11:05:28.000Z</time>
        <extensions>
          <ns3:TrackPointExtension>
            <ns3:hr>107</ns3:hr>
          </ns3:TrackPointExtension>
        </extensions>
      </trkpt>
      <trkpt lat="39.948627948760986328125" lon="116.575529761612415313720703125">
        <ele>28.6000003814697265625</ele>
        <time>2026-08-29T11:05:32.000Z</time>
        <extensions>
          <ns3:TrackPointExtension>
            <ns3:hr>105</ns3:hr>
          </ns3:TrackPointExtension>
        </extensions>
      </trkpt>
      <trkpt lat="39.948694668710231781005859375" lon="116.57547201029956340789794921875">
        <ele>28.6000003814697265625</ele>
        <time>2026-08-29T11:05:34.000Z</time>
        <extensions>
          <ns3:TrackPointExtension>
            <ns3:hr>105</ns3:hr>
          </ns3:TrackPointExtension>
        </extensions>
      </trkpt>
      <trkpt lat="39.9489077366888523101806640625" lon="116.57537519931793212890625">
        <ele>28.6000003814697265625</ele>
        <time>2026-08-29T11:05:40.000Z</time>
        <extensions>
          <ns3:TrackPointExtension>
            <ns3:hr>103</ns3:hr>
          </ns3:TrackPointExtension>
        </extensions>
      </trkpt>
      <trkpt lat="39.9491588585078716278076171875" lon="116.5753659792244434356689453125">
        <ele>28.6000003814697265625</ele>
        <time>2026-08-29T11:05:46.000Z</time>
        <extensions>
          <ns3:TrackPointExtension>
            <ns3:hr>102</ns3:hr>
          </ns3:TrackPointExtension>
        </extensions>
      </trkpt>
      <trkpt lat="39.949306882917881011962890625" lon="116.57542004249989986419677734375">
        <ele>28.6000003814697265625</ele>
        <time>2026-08-29T11:05:50.000Z</time>
        <extensions>
          <ns3:TrackPointExtension>
            <ns3:hr>99</ns3:hr>
          </ns3:TrackPointExtension>
        </extensions>
      </trkpt>
      <trkpt lat="39.94936983101069927215576171875" lon="116.5754702500998973846435546875">
        <ele>28.6000003814697265625</ele>
        <time>2026-08-29T11:05:52.000Z</time>
        <extensions>
          <ns3:TrackPointExtension>
            <ns3:hr>96</ns3:hr>
          </ns3:TrackPointExtension>
        </extensions>
      </trkpt>
      <trkpt lat="39.9495615251362323760986328125" lon="116.5755128301680088043212890625">
        <ele>28.6000003814697265625</ele>
        <time>2026-08-29T11:05:57.000Z</time>
        <extensions>
          <ns3:TrackPointExtension>
            <ns3:hr>95</ns3:hr>
          </ns3:TrackPointExtension>
        </extensions>
      </trkpt>
      <trkpt lat="39.94981708936393260955810546875" lon="116.57546262256801128387451171875">
        <ele>28.6000003814697265625</ele>
        <time>2026-08-29T11:06:03.000Z</time>
        <extensions>
          <ns3:TrackPointExtension>
            <ns3:hr>98</ns3:hr>
          </ns3:TrackPointExtension>
        </extensions>
      </trkpt>
      <trkpt lat="39.949858747422695159912109375" lon="116.57544317655265331268310546875">
        <ele>28.6000003814697265625</ele>
        <time>2026-08-29T11:06:04.000Z</time>
        <extensions>
          <ns3:TrackPointExtension>
            <ns3:hr>98</ns3:hr>
          </ns3:TrackPointExtension>
        </extensions>
      </trkpt>
      <trkpt lat="39.95009754784405231475830078125" lon="116.57528936862945556640625">
        <ele>28.6000003814697265625</ele>
        <time>2026-08-29T11:06:11.000Z</time>
        <extensions>
          <ns3:TrackPointExtension>
            <ns3:hr>95</ns3:hr>
          </ns3:TrackPointExtension>
        </extensions>
      </trkpt>
      <trkpt lat="39.9503091908991336822509765625" lon="116.57514561899006366729736328125">
        <ele>28.799999237060546875</ele>
        <time>2026-08-29T11:06:17.000Z</time>
        <extensions>
          <ns3:TrackPointExtension>
            <ns3:hr>97</ns3:hr>
          </ns3:TrackPointExtension>
        </extensions>
      </trkpt>
      <trkpt lat="39.95034028775990009307861328125" lon="116.57512374222278594970703125">
        <ele>28.799999237060546875</ele>
        <time>2026-08-29T11:06:18.000Z</time>
        <extensions>
          <ns3:TrackPointExtension>
            <ns3:hr>101</ns3:hr>
          </ns3:TrackPointExtension>
        </extensions>
      </trkpt>
      <trkpt lat="39.950399883091449737548828125" lon="116.57508929260075092315673828125">
        <ele>28.799999237060546875</ele>
        <time>2026-08-29T11:06:20.000Z</time>
        <extensions>
          <ns3:TrackPointExtension>
            <ns3:hr>104</ns3:hr>
          </ns3:TrackPointExtension>
        </extensions>
      </trkpt>
      <trkpt lat="39.950489066541194915771484375" lon="116.5750528313219547271728515625">
        <ele>28.799999237060546875</ele>
        <time>2026-08-29T11:06:22.000Z</time>
        <extensions>
          <ns3:TrackPointExtension>
            <ns3:hr>105</ns3:hr>
          </ns3:TrackPointExtension>
        </extensions>
      </trkpt>
      <trkpt lat="39.9506565369665622711181640625" lon="116.57503263093531131744384765625">
        <ele>28.799999237060546875</ele>
        <time>2026-08-29T11:06:26.000Z</time>
        <extensions>
          <ns3:TrackPointExtension>
            <ns3:hr>105</ns3:hr>
          </ns3:TrackPointExtension>
        </extensions>
      </trkpt>
      <trkpt lat="39.95073960162699222564697265625" lon="116.5749948285520076751708984375">
        <ele>28.799999237060546875</ele>
        <time>2026-08-29T11:06:28.000Z</time>
        <extensions>
          <ns3:TrackPointExtension>
            <ns3:hr>106</ns3:hr>
          </ns3:TrackPointExtension>
        </extensions>
      </trkpt>
      <trkpt lat="39.95084169320762157440185546875" lon="116.5749029628932476043701171875">
        <ele>28.799999237060546875</ele>
        <time>2026-08-29T11:06:31.000Z</time>
        <extensions>
          <ns3:TrackPointExtension>
            <ns3:hr>106</ns3:hr>
          </ns3:TrackPointExtension>
        </extensions>
      </trkpt>
      <trkpt lat="39.95088033378124237060546875" lon="116.574888713657855987548828125">
        <ele>28.799999237060546875</ele>
        <time>2026-08-29T11:06:32.000Z</time>
        <extensions>
          <ns3:TrackPointExtension>
            <ns3:hr>106</ns3:hr>
          </ns3:TrackPointExtension>
        </extensions>
      </trkpt>
      <trkpt lat="39.95099365711212158203125" lon="116.5748268552124500274658203125">
        <ele>28.6000003814697265625</ele>
        <time>2026-08-29T11:06:35.000Z</time>
        <extensions>
          <ns3:TrackPointExtension>
            <ns3:hr>105</ns3:hr>
          </ns3:TrackPointExtension>
        </extensions>
      </trkpt>
      <trkpt lat="39.951055683195590972900390625" lon="116.5747534297406673431396484375">
        <ele>28.6000003814697265625</ele>
        <time>2026-08-29T11:06:37.000Z</time>
        <extensions>
          <ns3:TrackPointExtension>
            <ns3:hr>104</ns3:hr>
          </ns3:TrackPointExtension>
        </extensions>
      </trkpt>
      <trkpt lat="39.9510915577411651611328125" lon="116.57471763901412487030029296875">
        <ele>28.3999996185302734375</ele>
        <time>2026-08-29T11:06:38.000Z</time>
        <extensions>
          <ns3:TrackPointExtension>
            <ns3:hr>104</ns3:hr>
          </ns3:TrackPointExtension>
        </extensions>
      </trkpt>
      <trkpt lat="39.95117135345935821533203125" lon="116.57466885633766651153564453125">
        <ele>28.6000003814697265625</ele>
        <time>2026-08-29T11:06:40.000Z</time>
        <extensions>
          <ns3:TrackPointExtension>
            <ns3:hr>103</ns3:hr>
          </ns3:TrackPointExtension>
        </extensions>
      </trkpt>
      <trkpt lat="39.95121133513748645782470703125" lon="116.5746669284999370574951171875">
        <ele>28.3999996185302734375</ele>
        <time>2026-08-29T11:06:41.000Z</time>
        <extensions>
          <ns3:TrackPointExtension>
            <ns3:hr>102</ns3:hr>
          </ns3:TrackPointExtension>
        </extensions>
      </trkpt>
      <trkpt lat="39.9514504708349704742431640625" lon="116.574640609323978424072265625">
        <ele>28.3999996185302734375</ele>
        <time>2026-08-29T11:06:47.000Z</time>
        <extensions>
          <ns3:TrackPointExtension>
            <ns3:hr>101</ns3:hr>
          </ns3:TrackPointExtension>
        </extensions>
      </trkpt>
      <trkpt lat="39.9517394788563251495361328125" lon="116.57461412250995635986328125">
        <ele>28.3999996185302734375</ele>
        <time>2026-08-29T11:06:54.000Z</time>
        <extensions>
          <ns3:TrackPointExtension>
            <ns3:hr>101</ns3:hr>
          </ns3:TrackPointExtension>
        </extensions>
      </trkpt>
      <trkpt lat="39.95203234255313873291015625" lon="116.5745971910655498504638671875">
        <ele>28.200000762939453125</ele>
        <time>2026-08-29T11:07:01.000Z</time>
        <extensions>
          <ns3:TrackPointExtension>
            <ns3:hr>101</ns3:hr>
          </ns3:TrackPointExtension>
        </extensions>
      </trkpt>
      <trkpt lat="39.9521159939467906951904296875" lon="116.57459442503750324249267578125">
        <ele>28.200000762939453125</ele>
        <time>2026-08-29T11:07:03.000Z</time>
        <extensions>
          <ns3:TrackPointExtension>
            <ns3:hr>102</ns3:hr>
          </ns3:TrackPointExtension>
        </extensions>
      </trkpt>
      <trkpt lat="39.95228069834411144256591796875" lon="116.5745777450501918792724609375">
        <ele>28</ele>
        <time>2026-08-29T11:07:07.000Z</time>
        <extensions>
          <ns3:TrackPointExtension>
            <ns3:hr>103</ns3:hr>
          </ns3:TrackPointExtension>
        </extensions>
      </trkpt>
      <trkpt lat="39.9524881504476070404052734375" lon="116.57460968010127544403076171875">
        <ele>28</ele>
        <time>2026-08-29T11:07:13.000Z</time>
        <extensions>
          <ns3:TrackPointExtension>
            <ns3:hr>103</ns3:hr>
          </ns3:TrackPointExtension>
        </extensions>
      </trkpt>
      <trkpt lat="39.9525122903287410736083984375" lon="116.57464362680912017822265625">
        <ele>28</ele>
        <time>2026-08-29T11:07:14.000Z</time>
        <extensions>
          <ns3:TrackPointExtension>
            <ns3:hr>103</ns3:hr>
          </ns3:TrackPointExtension>
        </extensions>
      </trkpt>
      <trkpt lat="39.952538274228572845458984375" lon="116.57471411861479282379150390625">
        <ele>28</ele>
        <time>2026-08-29T11:07:16.000Z</time>
        <extensions>
          <ns3:TrackPointExtension>
            <ns3:hr>104</ns3:hr>
          </ns3:TrackPointExtension>
        </extensions>
      </trkpt>
      <trkpt lat="39.9525609053671360015869140625" lon="116.5749385021626949310302734375">
        <ele>27.799999237060546875</ele>
        <time>2026-08-29T11:07:21.000Z</time>
        <extensions>
          <ns3:TrackPointExtension>
            <ns3:hr>104</ns3:hr>
          </ns3:TrackPointExtension>
        </extensions>
      </trkpt>
      <trkpt lat="39.9525640904903411865234375" lon="116.5749840997159481048583984375">
        <ele>27.799999237060546875</ele>
        <time>2026-08-29T11:07:22.000Z</time>
        <extensions>
          <ns3:TrackPointExtension>
            <ns3:hr>105</ns3:hr>
          </ns3:TrackPointExtension>
        </extensions>
      </trkpt>
      <trkpt lat="39.95257490314543247222900390625" lon="116.5753629617393016815185546875">
        <ele>28</ele>
        <time>2026-08-29T11:07:30.000Z</time>
        <extensions>
          <ns3:TrackPointExtension>
            <ns3:hr>106</ns3:hr>
          </ns3:TrackPointExtension>
        </extensions>
      </trkpt>
      <trkpt lat="39.9526319839060306549072265625" lon="116.5757488645613193511962890625">
        <ele>27.799999237060546875</ele>
        <time>2026-08-29T11:07:38.000Z</time>
        <extensions>
          <ns3:TrackPointExtension>
            <ns3:hr>107</ns3:hr>
          </ns3:TrackPointExtension>
        </extensions>
      </trkpt>
      <trkpt lat="39.952660314738750457763671875" lon="116.57578683458268642425537109375">
        <ele>27.6000003814697265625</ele>
        <time>2026-08-29T11:07:39.000Z</time>
        <extensions>
          <ns3:TrackPointExtension>
            <ns3:hr>107</ns3:hr>
          </ns3:TrackPointExtension>
        </extensions>
      </trkpt>
      <trkpt lat="39.95273164473474025726318359375" lon="116.575807370245456695556640625">
        <ele>27.3999996185302734375</ele>
        <time>2026-08-29T11:07:41.000Z</time>
        <extensions>
          <ns3:TrackPointExtension>
            <ns3:hr>106</ns3:hr>
          </ns3:TrackPointExtension>
        </extensions>
      </trkpt>
      <trkpt lat="39.9528130330145359039306640625" lon="116.57578884623944759368896484375">
        <ele>27</ele>
        <time>2026-08-29T11:07:43.000Z</time>
        <extensions>
          <ns3:TrackPointExtension>
            <ns3:hr>106</ns3:hr>
          </ns3:TrackPointExtension>
        </extensions>
      </trkpt>
      <trkpt lat="39.95291336439549922943115234375" lon="116.57572682015597820281982421875">
        <ele>26.799999237060546875</ele>
        <time>2026-08-29T11:07:46.000Z</time>
        <extensions>
          <ns3:TrackPointExtension>
            <ns3:hr>105</ns3:hr>
          </ns3:TrackPointExtension>
        </extensions>
      </trkpt>
      <trkpt lat="39.95305703021585941314697265625" lon="116.57565121538937091827392578125">
        <ele>26.6000003814697265625</ele>
        <time>2026-08-29T11:07:50.000Z</time>
        <extensions>
          <ns3:TrackPointExtension>
            <ns3:hr>102</ns3:hr>
          </ns3:TrackPointExtension>
        </extensions>
      </trkpt>
      <trkpt lat="39.9531268514692783355712890625" lon="116.57562489621341228485107421875">
        <ele>26.3999996185302734375</ele>
        <time>2026-08-29T11:07:52.000Z</time>
        <extensions>
          <ns3:TrackPointExtension>
            <ns3:hr>101</ns3:hr>
          </ns3:TrackPointExtension>
        </extensions>
      </trkpt>
      <trkpt lat="39.95338325388729572296142578125" lon="116.57560461200773715972900390625">
        <ele>26.200000762939453125</ele>
        <time>2026-08-29T11:07:59.000Z</time>
        <extensions>
          <ns3:TrackPointExtension>
            <ns3:hr>100</ns3:hr>
          </ns3:TrackPointExtension>
        </extensions>
      </trkpt>
      <trkpt lat="39.95360487140715122222900390625" lon="116.575631685554981231689453125">
        <ele>26</ele>
        <time>2026-08-29T11:08:05.000Z</time>
        <extensions>
          <ns3:TrackPointExtension>
            <ns3:hr>100</ns3:hr>
          </ns3:TrackPointExtension>
        </extensions>
      </trkpt>
      <trkpt lat="39.95365642011165618896484375" lon="116.57564467750489711761474609375">
        <ele>26</ele>
        <time>2026-08-29T11:08:06.000Z</time>
        <extensions>
          <ns3:TrackPointExtension>
            <ns3:hr>99</ns3:hr>
          </ns3:TrackPointExtension>
        </extensions>
      </trkpt>
      <trkpt lat="39.95388801209628582000732421875" lon="116.57573838718235492706298828125">
        <ele>26</ele>
        <time>2026-08-29T11:08:12.000Z</time>
        <extensions>
          <ns3:TrackPointExtension>
            <ns3:hr>98</ns3:hr>
          </ns3:TrackPointExtension>
        </extensions>
      </trkpt>
      <trkpt lat="39.95415053330361843109130859375" lon="116.575785242021083831787109375">
        <ele>25.799999237060546875</ele>
        <time>2026-08-29T11:08:19.000Z</time>
        <extensions>
          <ns3:TrackPointExtension>
            <ns3:hr>99</ns3:hr>
          </ns3:TrackPointExtension>
        </extensions>
      </trkpt>
      <trkpt lat="39.9543807841837406158447265625" lon="116.57573436386883258819580078125">
        <ele>25.6000003814697265625</ele>
        <time>2026-08-29T11:08:25.000Z</time>
        <extensions>
          <ns3:TrackPointExtension>
            <ns3:hr>100</ns3:hr>
          </ns3:TrackPointExtension>
        </extensions>
      </trkpt>
      <trkpt lat="39.9545859731733798980712890625" lon="116.57563495449721813201904296875">
        <ele>25.799999237060546875</ele>
        <time>2026-08-29T11:08:31.000Z</time>
        <extensions>
          <ns3:TrackPointExtension>
            <ns3:hr>102</ns3:hr>
          </ns3:TrackPointExtension>
        </extensions>
      </trkpt>
      <trkpt lat="39.954764842987060546875" lon="116.5754850022494792938232421875">
        <ele>25.799999237060546875</ele>
        <time>2026-08-29T11:08:37.000Z</time>
        <extensions>
          <ns3:TrackPointExtension>
            <ns3:hr>101</ns3:hr>
          </ns3:TrackPointExtension>
        </extensions>
      </trkpt>
      <trkpt lat="39.9549048207700252532958984375" lon="116.57525257207453250885009765625">
        <ele>25.799999237060546875</ele>
        <time>2026-08-29T11:08:43.000Z</time>
        <extensions>
          <ns3:TrackPointExtension>
            <ns3:hr>99</ns3:hr>
          </ns3:TrackPointExtension>
        </extensions>
      </trkpt>
      <trkpt lat="39.95497045107185840606689453125" lon="116.575038917362689971923828125">
        <ele>25.799999237060546875</ele>
        <time>2026-08-29T11:08:48.000Z</time>
        <extensions>
          <ns3:TrackPointExtension>
            <ns3:hr>98</ns3:hr>
          </ns3:TrackPointExtension>
        </extensions>
      </trkpt>
      <trkpt lat="39.95498185046017169952392578125" lon="116.57478419132530689239501953125">
        <ele>25.799999237060546875</ele>
        <time>2026-08-29T11:08:53.000Z</time>
        <extensions>
          <ns3:TrackPointExtension>
            <ns3:hr>101</ns3:hr>
          </ns3:TrackPointExtension>
        </extensions>
      </trkpt>
      <trkpt lat="39.9549738876521587371826171875" lon="116.57468914054334163665771484375">
        <ele>25.799999237060546875</ele>
        <time>2026-08-29T11:08:55.000Z</time>
        <extensions>
          <ns3:TrackPointExtension>
            <ns3:hr>101</ns3:hr>
          </ns3:TrackPointExtension>
        </extensions>
      </trkpt>
      <trkpt lat="39.954883866012096405029296875" lon="116.57443349249660968780517578125">
        <ele>26</ele>
        <time>2026-08-29T11:09:01.000Z</time>
        <extensions>
          <ns3:TrackPointExtension>
            <ns3:hr>102</ns3:hr>
          </ns3:TrackPointExtension>
        </extensions>
      </trkpt>
      <trkpt lat="39.95477900840342044830322265625" lon="116.57423769123852252960205078125">
        <ele>25.799999237060546875</ele>
        <time>2026-08-29T11:09:06.000Z</time>
        <extensions>
          <ns3:TrackPointExtension>
            <ns3:hr>98</ns3:hr>
          </ns3:TrackPointExtension>
        </extensions>
      </trkpt>
      <trkpt lat="39.95472704060375690460205078125" lon="116.5741717256605625152587890625">
        <ele>25.799999237060546875</ele>
        <time>2026-08-29T11:09:08.000Z</time>
        <extensions>
          <ns3:TrackPointExtension>
            <ns3:hr>97</ns3:hr>
          </ns3:TrackPointExtension>
        </extensions>
      </trkpt>
      <trkpt lat="39.9545869790017604827880859375" lon="116.57401557080447673797607421875">
        <ele>25.799999237060546875</ele>
        <time>2026-08-29T11:09:13.000Z</time>
        <extensions>
          <ns3:TrackPointExtension>
            <ns3:hr>96</ns3:hr>
          </ns3:TrackPointExtension>
        </extensions>
      </trkpt>
      <trkpt lat="39.95445303618907928466796875" lon="116.57383804209530353546142578125">
        <ele>26</ele>
        <time>2026-08-29T11:09:18.000Z</time>
        <extensions>
          <ns3:TrackPointExtension>
            <ns3:hr>100</ns3:hr>
          </ns3:TrackPointExtension>
        </extensions>
      </trkpt>
      <trkpt lat="39.9544367752969264984130859375" lon="116.57379210926592350006103515625">
        <ele>26</ele>
        <time>2026-08-29T11:09:19.000Z</time>
        <extensions>
          <ns3:TrackPointExtension>
            <ns3:hr>103</ns3:hr>
          </ns3:TrackPointExtension>
        </extensions>
      </trkpt>
      <trkpt lat="39.9544149823486804962158203125" lon="116.57360804267227649688720703125">
        <ele>26</ele>
        <time>2026-08-29T11:09:23.000Z</time>
        <extensions>
          <ns3:TrackPointExtension>
            <ns3:hr>104</ns3:hr>
          </ns3:TrackPointExtension>
        </extensions>
      </trkpt>
      <trkpt lat="39.9544255435466766357421875" lon="116.57335189171135425567626953125">
        <ele>25.799999237060546875</ele>
        <time>2026-08-29T11:09:28.000Z</time>
        <extensions>
          <ns3:TrackPointExtension>
            <ns3:hr>105</ns3:hr>
          </ns3:TrackPointExtension>
        </extensions>
      </trkpt>
      <trkpt lat="39.95445395819842815399169921875" lon="116.57314821146428585052490234375">
        <ele>25.799999237060546875</ele>
        <time>2026-08-29T11:09:32.000Z</time>
        <extensions>
          <ns3:TrackPointExtension>
            <ns3:hr>108</ns3:hr>
          </ns3:TrackPointExtension>
        </extensions>
      </trkpt>
      <trkpt lat="39.95447860099375247955322265625" lon="116.57305533997714519500732421875">
        <ele>25.799999237060546875</ele>
        <time>2026-08-29T11:09:34.000Z</time>
        <extensions>
          <ns3:TrackPointExtension>
            <ns3:hr>109</ns3:hr>
          </ns3:TrackPointExtension>
        </extensions>
      </trkpt>
      <trkpt lat="39.95454599149525165557861328125" lon="116.57283782958984375">
        <ele>25.799999237060546875</ele>
        <time>2026-08-29T11:09:39.000Z</time>
        <extensions>
          <ns3:TrackPointExtension>
            <ns3:hr>108</ns3:hr>
          </ns3:TrackPointExtension>
        </extensions>
      </trkpt>
      <trkpt lat="39.95458236895501613616943359375" lon="116.57245754264295101165771484375">
        <ele>26</ele>
        <time>2026-08-29T11:09:47.000Z</time>
        <extensions>
          <ns3:TrackPointExtension>
            <ns3:hr>108</ns3:hr>
          </ns3:TrackPointExtension>
        </extensions>
      </trkpt>
      <trkpt lat="39.9545195885002613067626953125" lon="116.572201810777187347412109375">
        <ele>26</ele>
        <time>2026-08-29T11:09:53.000Z</time>
        <extensions>
          <ns3:TrackPointExtension>
            <ns3:hr>109</ns3:hr>
          </ns3:TrackPointExtension>
        </extensions>
      </trkpt>
      <trkpt lat="39.9544585682451725006103515625" lon="116.57196988351643085479736328125">
        <ele>26</ele>
        <time>2026-08-29T11:09:58.000Z</time>
        <extensions>
          <ns3:TrackPointExtension>
            <ns3:hr>107</ns3:hr>
          </ns3:TrackPointExtension>
        </extensions>
      </trkpt>
      <trkpt lat="39.954354800283908843994140625" lon="116.5715924464166164398193359375">
        <ele>26</ele>
        <time>2026-08-29T11:10:06.000Z</time>
        <extensions>
          <ns3:TrackPointExtension>
            <ns3:hr>108</ns3:hr>
          </ns3:TrackPointExtension>
        </extensions>
      </trkpt>
      <trkpt lat="39.9542939476668834686279296875" lon="116.57121802680194377899169921875">
        <ele>26.200000762939453125</ele>
        <time>2026-08-29T11:10:14.000Z</time>
        <extensions>
          <ns3:TrackPointExtension>
            <ns3:hr>107</ns3:hr>
          </ns3:TrackPointExtension>
        </extensions>
      </trkpt>
      <trkpt lat="39.95427944697439670562744140625" lon="116.57088182866573333740234375">
        <ele>26.3999996185302734375</ele>
        <time>2026-08-29T11:10:21.000Z</time>
        <extensions>
          <ns3:TrackPointExtension>
            <ns3:hr>107</ns3:hr>
          </ns3:TrackPointExtension>
        </extensions>
      </trkpt>
      <trkpt lat="39.9542932771146297454833984375" lon="116.57058008015155792236328125">
        <ele>27</ele>
        <time>2026-08-29T11:10:28.000Z</time>
        <extensions>
          <ns3:TrackPointExtension>
            <ns3:hr>107</ns3:hr>
          </ns3:TrackPointExtension>
        </extensions>
      </trkpt>
      <trkpt lat="39.95435706339776515960693359375" lon="116.5703653357923030853271484375">
        <ele>27.200000762939453125</ele>
        <time>2026-08-29T11:10:33.000Z</time>
        <extensions>
          <ns3:TrackPointExtension>
            <ns3:hr>107</ns3:hr>
          </ns3:TrackPointExtension>
        </extensions>
      </trkpt>
      <trkpt lat="39.95451732538640499114990234375" lon="116.570058055222034454345703125">
        <ele>27</ele>
        <time>2026-08-29T11:10:40.000Z</time>
        <extensions>
          <ns3:TrackPointExtension>
            <ns3:hr>108</ns3:hr>
          </ns3:TrackPointExtension>
        </extensions>
      </trkpt>
      <trkpt lat="39.9546640925109386444091796875" lon="116.56991648487746715545654296875">
        <ele>27</ele>
        <time>2026-08-29T11:10:45.000Z</time>
        <extensions>
          <ns3:TrackPointExtension>
            <ns3:hr>108</ns3:hr>
          </ns3:TrackPointExtension>
        </extensions>
      </trkpt>
      <trkpt lat="39.9548206664621829986572265625" lon="116.569808609783649444580078125">
        <ele>27</ele>
        <time>2026-08-29T11:10:50.000Z</time>
        <extensions>
          <ns3:TrackPointExtension>
            <ns3:hr>108</ns3:hr>
          </ns3:TrackPointExtension>
        </extensions>
      </trkpt>
      <trkpt lat="39.95508410967886447906494140625" lon="116.56972252763807773590087890625">
        <ele>26.799999237060546875</ele>
        <time>2026-08-29T11:10:57.000Z</time>
        <extensions>
          <ns3:TrackPointExtension>
            <ns3:hr>108</ns3:hr>
          </ns3:TrackPointExtension>
        </extensions>
      </trkpt>
      <trkpt lat="39.9552970938384532928466796875" lon="116.56963770277798175811767578125">
        <ele>26.799999237060546875</ele>
        <time>2026-08-29T11:11:02.000Z</time>
        <extensions>
          <ns3:TrackPointExtension>
            <ns3:hr>108</ns3:hr>
          </ns3:TrackPointExtension>
        </extensions>
      </trkpt>
      <trkpt lat="39.95533523149788379669189453125" lon="116.569609455764293670654296875">
        <ele>26.799999237060546875</ele>
        <time>2026-08-29T11:11:03.000Z</time>
        <extensions>
          <ns3:TrackPointExtension>
            <ns3:hr>109</ns3:hr>
          </ns3:TrackPointExtension>
        </extensions>
      </trkpt>
      <trkpt lat="39.95552013628184795379638671875" lon="116.569412648677825927734375">
        <ele>26.799999237060546875</ele>
        <time>2026-08-29T11:11:09.000Z</time>
        <extensions>
          <ns3:TrackPointExtension>
            <ns3:hr>108</ns3:hr>
          </ns3:TrackPointExtension>
        </extensions>
      </trkpt>
      <trkpt lat="39.95560412295162677764892578125" lon="116.56916026957333087921142578125">
        <ele>27</ele>
        <time>2026-08-29T11:11:15.000Z</time>
        <extensions>
          <ns3:TrackPointExtension>
            <ns3:hr>107</ns3:hr>
          </ns3:TrackPointExtension>
        </extensions>
      </trkpt>
      <trkpt lat="39.955589957535266876220703125" lon="116.56880051828920841217041015625">
        <ele>27</ele>
        <time>2026-08-29T11:11:22.000Z</time>
        <extensions>
          <ns3:TrackPointExtension>
            <ns3:hr>106</ns3:hr>
          </ns3:TrackPointExtension>
        </extensions>
      </trkpt>
      <trkpt lat="39.9555700086057186126708984375" lon="116.56869071535766124725341796875">
        <ele>27</ele>
        <time>2026-08-29T11:11:24.000Z</time>
        <extensions>
          <ns3:TrackPointExtension>
            <ns3:hr>107</ns3:hr>
          </ns3:TrackPointExtension>
        </extensions>
      </trkpt>
      <trkpt lat="39.9555022828280925750732421875" lon="116.56854696571826934814453125">
        <ele>27</ele>
        <time>2026-08-29T11:11:27.000Z</time>
        <extensions>
          <ns3:TrackPointExtension>
            <ns3:hr>107</ns3:hr>
          </ns3:TrackPointExtension>
        </extensions>
      </trkpt>
      <trkpt lat="39.95545241050422191619873046875" lon="116.56844814307987689971923828125">
        <ele>27</ele>
        <time>2026-08-29T11:11:29.000Z</time>
        <extensions>
          <ns3:TrackPointExtension>
            <ns3:hr>107</ns3:hr>
          </ns3:TrackPointExtension>
        </extensions>
      </trkpt>
      <trkpt lat="39.955382086336612701416015625" lon="116.5682638250291347503662109375">
        <ele>27.200000762939453125</ele>
        <time>2026-08-29T11:11:33.000Z</time>
        <extensions>
          <ns3:TrackPointExtension>
            <ns3:hr>107</ns3:hr>
          </ns3:TrackPointExtension>
        </extensions>
      </trkpt>
      <trkpt lat="39.9553589522838592529296875" lon="116.56823758967220783233642578125">
        <ele>27.3999996185302734375</ele>
        <time>2026-08-29T11:11:34.000Z</time>
        <extensions>
          <ns3:TrackPointExtension>
            <ns3:hr>107</ns3:hr>
          </ns3:TrackPointExtension>
        </extensions>
      </trkpt>
      <trkpt lat="39.95530195534229278564453125" lon="116.5682229213416576385498046875">
        <ele>27.3999996185302734375</ele>
        <time>2026-08-29T11:11:36.000Z</time>
        <extensions>
          <ns3:TrackPointExtension>
            <ns3:hr>107</ns3:hr>
          </ns3:TrackPointExtension>
        </extensions>
      </trkpt>
      <trkpt lat="39.9550999514758586883544921875" lon="116.568247564136981964111328125">
        <ele>27.200000762939453125</ele>
        <time>2026-08-29T11:11:42.000Z</time>
        <extensions>
          <ns3:TrackPointExtension>
            <ns3:hr>108</ns3:hr>
          </ns3:TrackPointExtension>
        </extensions>
      </trkpt>
      <trkpt lat="39.954875819385051727294921875" lon="116.56825217418372631072998046875">
        <ele>27.200000762939453125</ele>
        <time>2026-08-29T11:11:48.000Z</time>
        <extensions>
          <ns3:TrackPointExtension>
            <ns3:hr>110</ns3:hr>
          </ns3:TrackPointExtension>
        </extensions>
      </trkpt>
      <trkpt lat="39.95467607863247394561767578125" lon="116.568259634077548980712890625">
        <ele>27</ele>
        <time>2026-08-29T11:11:53.000Z</time>
        <extensions>
          <ns3:TrackPointExtension>
            <ns3:hr>111</ns3:hr>
          </ns3:TrackPointExtension>
        </extensions>
      </trkpt>
      <trkpt lat="39.9544220231473445892333984375" lon="116.56826592050492763519287109375">
        <ele>27</ele>
        <time>2026-08-29T11:11:59.000Z</time>
        <extensions>
          <ns3:TrackPointExtension>
            <ns3:hr>110</ns3:hr>
          </ns3:TrackPointExtension>
        </extensions>
      </trkpt>
      <trkpt lat="39.954254887998104095458984375" lon="116.568295843899250030517578125">
        <ele>27</ele>
        <time>2026-08-29T11:12:03.000Z</time>
        <extensions>
          <ns3:TrackPointExtension>
            <ns3:hr>115</ns3:hr>
          </ns3:TrackPointExtension>
        </extensions>
      </trkpt>
      <trkpt lat="39.95413519442081451416015625" lon="116.5683238394558429718017578125">
        <ele>27.200000762939453125</ele>
        <time>2026-08-29T11:12:06.000Z</time>
        <extensions>
          <ns3:TrackPointExtension>
            <ns3:hr>118</ns3:hr>
          </ns3:TrackPointExtension>
        </extensions>
      </trkpt>
      <trkpt lat="39.95387091301381587982177734375" lon="116.56833666376769542694091796875">
        <ele>27.200000762939453125</ele>
        <time>2026-08-29T11:12:13.000Z</time>
        <extensions>
          <ns3:TrackPointExtension>
            <ns3:hr>118</ns3:hr>
          </ns3:TrackPointExtension>
        </extensions>
      </trkpt>
      <trkpt lat="39.95365046896040439605712890625" lon="116.568384356796741485595703125">
        <ele>27.200000762939453125</ele>
        <time>2026-08-29T11:12:19.000Z</time>
        <extensions>
          <ns3:TrackPointExtension>
            <ns3:hr>116</ns3:hr>
          </ns3:TrackPointExtension>
        </extensions>
      </trkpt>
      <trkpt lat="39.95353932492434978485107421875" lon="116.568374969065189361572265625">
        <ele>27.200000762939453125</ele>
        <time>2026-08-29T11:12:22.000Z</time>
        <extensions>
          <ns3:TrackPointExtension>
            <ns3:hr>113</ns3:hr>
          </ns3:TrackPointExtension>
        </extensions>
      </trkpt>
      <trkpt lat="39.95342549867928028106689453125" lon="116.568377315998077392578125">
        <ele>27.200000762939453125</ele>
        <time>2026-08-29T11:12:25.000Z</time>
        <extensions>
          <ns3:TrackPointExtension>
            <ns3:hr>113</ns3:hr>
          </ns3:TrackPointExtension>
        </extensions>
      </trkpt>
      <trkpt lat="39.9531898833811283111572265625" lon="116.56839273869991302490234375">
        <ele>27</ele>
        <time>2026-08-29T11:12:31.000Z</time>
        <extensions>
          <ns3:TrackPointExtension>
            <ns3:hr>111</ns3:hr>
          </ns3:TrackPointExtension>
        </extensions>
      </trkpt>
      <trkpt lat="39.9529468081891536712646484375" lon="116.56841897405683994293212890625">
        <ele>27.200000762939453125</ele>
        <time>2026-08-29T11:12:37.000Z</time>
        <extensions>
          <ns3:TrackPointExtension>
            <ns3:hr>110</ns3:hr>
          </ns3:TrackPointExtension>
        </extensions>
      </trkpt>
      <trkpt lat="39.9526936747133731842041015625" lon="116.56844898127019405364990234375">
        <ele>27.200000762939453125</ele>
        <time>2026-08-29T11:12:44.000Z</time>
        <extensions>
          <ns3:TrackPointExtension>
            <ns3:hr>111</ns3:hr>
          </ns3:TrackPointExtension>
        </extensions>
      </trkpt>
      <trkpt lat="39.95258647017180919647216796875" lon="116.5684780664741992950439453125">
        <ele>27.6000003814697265625</ele>
        <time>2026-08-29T11:12:48.000Z</time>
        <extensions>
          <ns3:TrackPointExtension>
            <ns3:hr>110</ns3:hr>
          </ns3:TrackPointExtension>
        </extensions>
      </trkpt>
      <trkpt lat="39.95250633917748928070068359375" lon="116.568591892719268798828125">
        <ele>27.200000762939453125</ele>
        <time>2026-08-29T11:12:52.000Z</time>
        <extensions>
          <ns3:TrackPointExtension>
            <ns3:hr>110</ns3:hr>
          </ns3:TrackPointExtension>
        </extensions>
      </trkpt>
      <trkpt lat="39.95246375910937786102294921875" lon="116.56879565678536891937255859375">
        <ele>27.200000762939453125</ele>
        <time>2026-08-29T11:12:57.000Z</time>
        <extensions>
          <ns3:TrackPointExtension>
            <ns3:hr>107</ns3:hr>
          </ns3:TrackPointExtension>
        </extensions>
      </trkpt>
      <trkpt lat="39.95244984515011310577392578125" lon="116.5689005143940448760986328125">
        <ele>27</ele>
        <time>2026-08-29T11:12:59.000Z</time>
        <extensions>
          <ns3:TrackPointExtension>
            <ns3:hr>104</ns3:hr>
          </ns3:TrackPointExtension>
        </extensions>
      </trkpt>
      <trkpt lat="39.9524442292749881744384765625" lon="116.56908617354929447174072265625">
        <ele>26.799999237060546875</ele>
        <time>2026-08-29T11:13:02.000Z</time>
        <extensions>
          <ns3:TrackPointExtension>
            <ns3:hr>101</ns3:hr>
          </ns3:TrackPointExtension>
        </extensions>
      </trkpt>
      <trkpt lat="39.9524566344916820526123046875" lon="116.56944994814693927764892578125">
        <ele>26.3999996185302734375</ele>
        <time>2026-08-29T11:13:07.000Z</time>
        <extensions>
          <ns3:TrackPointExtension>
            <ns3:hr>101</ns3:hr>
          </ns3:TrackPointExtension>
        </extensions>
      </trkpt>
      <trkpt lat="39.952455125749111175537109375" lon="116.569938026368618011474609375">
        <ele>26.3999996185302734375</ele>
        <time>2026-08-29T11:13:14.000Z</time>
        <extensions>
          <ns3:TrackPointExtension>
            <ns3:hr>102</ns3:hr>
          </ns3:TrackPointExtension>
        </extensions>
      </trkpt>
      <trkpt lat="39.9524693749845027923583984375" lon="116.570259891450405120849609375">
        <ele>26.3999996185302734375</ele>
        <time>2026-08-29T11:13:19.000Z</time>
        <extensions>
          <ns3:TrackPointExtension>
            <ns3:hr>101</ns3:hr>
          </ns3:TrackPointExtension>
        </extensions>
      </trkpt>
      <trkpt lat="39.9524744041264057159423828125" lon="116.57038469798862934112548828125">
        <ele>26.3999996185302734375</ele>
        <time>2026-08-29T11:13:21.000Z</time>
        <extensions>
          <ns3:TrackPointExtension>
            <ns3:hr>101</ns3:hr>
          </ns3:TrackPointExtension>
        </extensions>
      </trkpt>
      <trkpt lat="39.95248756371438503265380859375" lon="116.57086883671581745147705078125">
        <ele>26.200000762939453125</ele>
        <time>2026-08-29T11:13:29.000Z</time>
        <extensions>
          <ns3:TrackPointExtension>
            <ns3:hr>103</ns3:hr>
          </ns3:TrackPointExtension>
        </extensions>
      </trkpt>
      <trkpt lat="39.95250038802623748779296875" lon="116.57130737788975238800048828125">
        <ele>26</ele>
        <time>2026-08-29T11:13:37.000Z</time>
        <extensions>
          <ns3:TrackPointExtension>
            <ns3:hr>102</ns3:hr>
          </ns3:TrackPointExtension>
        </extensions>
      </trkpt>
      <trkpt lat="39.95250441133975982666015625" lon="116.571542322635650634765625">
        <ele>26</ele>
        <time>2026-08-29T11:13:41.000Z</time>
        <extensions>
          <ns3:TrackPointExtension>
            <ns3:hr>101</ns3:hr>
          </ns3:TrackPointExtension>
        </extensions>
      </trkpt>
      <trkpt lat="39.95249007828533649444580078125" lon="116.571714319288730621337890625">
        <ele>26</ele>
        <time>2026-08-29T11:13:44.000Z</time>
        <extensions>
          <ns3:TrackPointExtension>
            <ns3:hr>101</ns3:hr>
          </ns3:TrackPointExtension>
        </extensions>
      </trkpt>
      <trkpt lat="39.9524073489010334014892578125" lon="116.57208220101892948150634765625">
        <ele>26</ele>
        <time>2026-08-29T11:13:51.000Z</time>
        <extensions>
          <ns3:TrackPointExtension>
            <ns3:hr>100</ns3:hr>
          </ns3:TrackPointExtension>
        </extensions>
      </trkpt>
      <trkpt lat="39.9523064307868480682373046875" lon="116.57254689373075962066650390625">
        <ele>26.200000762939453125</ele>
        <time>2026-08-29T11:14:00.000Z</time>
        <extensions>
          <ns3:TrackPointExtension>
            <ns3:hr>103</ns3:hr>
          </ns3:TrackPointExtension>
        </extensions>
      </trkpt>
      <trkpt lat="39.9522085301578044891357421875" lon="116.572931371629238128662109375">
        <ele>26.200000762939453125</ele>
        <time>2026-08-29T11:14:08.000Z</time>
        <extensions>
          <ns3:TrackPointExtension>
            <ns3:hr>105</ns3:hr>
          </ns3:TrackPointExtension>
        </extensions>
      </trkpt>
      <trkpt lat="39.95211339555680751800537109375" lon="116.57326857559382915496826171875">
        <ele>26.200000762939453125</ele>
        <time>2026-08-29T11:14:15.000Z</time>
        <extensions>
          <ns3:TrackPointExtension>
            <ns3:hr>104</ns3:hr>
          </ns3:TrackPointExtension>
        </extensions>
      </trkpt>
      <trkpt lat="39.95206058956682682037353515625" lon="116.573353819549083709716796875">
        <ele>26.200000762939453125</ele>
        <time>2026-08-29T11:14:17.000Z</time>
        <extensions>
          <ns3:TrackPointExtension>
            <ns3:hr>103</ns3:hr>
          </ns3:TrackPointExtension>
        </extensions>
      </trkpt>
      <trkpt lat="39.9519758485257625579833984375" lon="116.57345867715775966644287109375">
        <ele>26.200000762939453125</ele>
        <time>2026-08-29T11:14:20.000Z</time>
        <extensions>
          <ns3:TrackPointExtension>
            <ns3:hr>103</ns3:hr>
          </ns3:TrackPointExtension>
        </extensions>
      </trkpt>
      <trkpt lat="39.95178163982927799224853515625" lon="116.57359354197978973388671875">
        <ele>26.3999996185302734375</ele>
        <time>2026-08-29T11:14:26.000Z</time>
        <extensions>
          <ns3:TrackPointExtension>
            <ns3:hr>101</ns3:hr>
          </ns3:TrackPointExtension>
        </extensions>
      </trkpt>
      <trkpt lat="39.95152884162962436676025390625" lon="116.57362530939280986785888671875">
        <ele>26.3999996185302734375</ele>
        <time>2026-08-29T11:14:33.000Z</time>
        <extensions>
          <ns3:TrackPointExtension>
            <ns3:hr>102</ns3:hr>
          </ns3:TrackPointExtension>
        </extensions>
      </trkpt>
      <trkpt lat="39.951221980154514312744140625" lon="116.57364961691200733184814453125">
        <ele>26.3999996185302734375</ele>
        <time>2026-08-29T11:14:41.000Z</time>
        <extensions>
          <ns3:TrackPointExtension>
            <ns3:hr>102</ns3:hr>
          </ns3:TrackPointExtension>
        </extensions>
      </trkpt>
      <trkpt lat="39.9509790726006031036376953125" lon="116.57366135157644748687744140625">
        <ele>26.3999996185302734375</ele>
        <time>2026-08-29T11:14:48.000Z</time>
        <extensions>
          <ns3:TrackPointExtension>
            <ns3:hr>103</ns3:hr>
          </ns3:TrackPointExtension>
        </extensions>
      </trkpt>
      <trkpt lat="39.9508788250386714935302734375" lon="116.57376981340348720550537109375">
        <ele>26.6000003814697265625</ele>
        <time>2026-08-29T11:14:53.000Z</time>
        <extensions>
          <ns3:TrackPointExtension>
            <ns3:hr>102</ns3:hr>
          </ns3:TrackPointExtension>
        </extensions>
      </trkpt>
      <trkpt lat="39.950744546949863433837890625" lon="116.5738981403410434722900390625">
        <ele>26.3999996185302734375</ele>
        <time>2026-08-29T11:14:58.000Z</time>
        <extensions>
          <ns3:TrackPointExtension>
            <ns3:hr>102</ns3:hr>
          </ns3:TrackPointExtension>
        </extensions>
      </trkpt>
      <trkpt lat="39.95055436156690120697021484375" lon="116.573949940502643585205078125">
        <ele>26.3999996185302734375</ele>
        <time>2026-08-29T11:15:04.000Z</time>
        <extensions>
          <ns3:TrackPointExtension>
            <ns3:hr>102</ns3:hr>
          </ns3:TrackPointExtension>
        </extensions>
      </trkpt>
      <trkpt lat="39.9504751525819301605224609375" lon="116.57395656220614910125732421875">
        <ele>26.6000003814697265625</ele>
        <time>2026-08-29T11:15:07.000Z</time>
        <extensions>
          <ns3:TrackPointExtension>
            <ns3:hr>101</ns3:hr>
          </ns3:TrackPointExtension>
        </extensions>
      </trkpt>
      <trkpt lat="39.95042435824871063232421875" lon="116.57398070208728313446044921875">
        <ele>26.6000003814697265625</ele>
        <time>2026-08-29T11:15:09.000Z</time>
        <extensions>
          <ns3:TrackPointExtension>
            <ns3:hr>101</ns3:hr>
          </ns3:TrackPointExtension>
        </extensions>
      </trkpt>
      <trkpt lat="39.95027675293385982513427734375" lon="116.57397785224020481109619140625">
        <ele>26.200000762939453125</ele>
        <time>2026-08-29T11:15:14.000Z</time>
        <extensions>
          <ns3:TrackPointExtension>
            <ns3:hr>100</ns3:hr>
          </ns3:TrackPointExtension>
        </extensions>
      </trkpt>
      <trkpt lat="39.95018991641700267791748046875" lon="116.5740590728819370269775390625">
        <ele>26.200000762939453125</ele>
        <time>2026-08-29T11:15:18.000Z</time>
        <extensions>
          <ns3:TrackPointExtension>
            <ns3:hr>101</ns3:hr>
          </ns3:TrackPointExtension>
        </extensions>
      </trkpt>
      <trkpt lat="39.95007558725774288177490234375" lon="116.5740825422108173370361328125">
        <ele>26.3999996185302734375</ele>
        <time>2026-08-29T11:15:23.000Z</time>
        <extensions>
          <ns3:TrackPointExtension>
            <ns3:hr>101</ns3:hr>
          </ns3:TrackPointExtension>
        </extensions>
      </trkpt>
      <trkpt lat="39.949915073812007904052734375" lon="116.574098132550716400146484375">
        <ele>26.3999996185302734375</ele>
        <time>2026-08-29T11:15:29.000Z</time>
        <extensions>
          <ns3:TrackPointExtension>
            <ns3:hr>101</ns3:hr>
          </ns3:TrackPointExtension>
        </extensions>
      </trkpt>
      <trkpt lat="39.9498273991048336029052734375" lon="116.5741009823977947235107421875">
        <ele>26.3999996185302734375</ele>
        <time>2026-08-29T11:15:32.000Z</time>
        <extensions>
          <ns3:TrackPointExtension>
            <ns3:hr>104</ns3:hr>
          </ns3:TrackPointExtension>
        </extensions>
      </trkpt>
      <trkpt lat="39.94970896281301975250244140625" lon="116.5741046704351902008056640625">
        <ele>26.3999996185302734375</ele>
        <time>2026-08-29T11:15:36.000Z</time>
        <extensions>
          <ns3:TrackPointExtension>
            <ns3:hr>107</ns3:hr>
          </ns3:TrackPointExtension>
        </extensions>
      </trkpt>
      <trkpt lat="39.9496597610414028167724609375" lon="116.57410408370196819305419921875">
        <ele>26.6000003814697265625</ele>
        <time>2026-08-29T11:15:38.000Z</time>
        <extensions>
          <ns3:TrackPointExtension>
            <ns3:hr>108</ns3:hr>
          </ns3:TrackPointExtension>
        </extensions>
      </trkpt>
      <trkpt lat="39.949469827115535736083984375" lon="116.5741170756518840789794921875">
        <ele>26.6000003814697265625</ele>
        <time>2026-08-29T11:15:45.000Z</time>
        <extensions>
          <ns3:TrackPointExtension>
            <ns3:hr>109</ns3:hr>
          </ns3:TrackPointExtension>
        </extensions>
      </trkpt>
      <trkpt lat="39.94929648935794830322265625" lon="116.57413962297141551971435546875">
        <ele>26.6000003814697265625</ele>
        <time>2026-08-29T11:15:51.000Z</time>
        <extensions>
          <ns3:TrackPointExtension>
            <ns3:hr>109</ns3:hr>
          </ns3:TrackPointExtension>
        </extensions>
      </trkpt>
      <trkpt lat="39.9491152726113796234130859375" lon="116.57414314337074756622314453125">
        <ele>26.6000003814697265625</ele>
        <time>2026-08-29T11:15:57.000Z</time>
        <extensions>
          <ns3:TrackPointExtension>
            <ns3:hr>109</ns3:hr>
          </ns3:TrackPointExtension>
        </extensions>
      </trkpt>
      <trkpt lat="39.94888074696063995361328125" lon="116.57418622635304927825927734375">
        <ele>26.6000003814697265625</ele>
        <time>2026-08-29T11:16:04.000Z</time>
        <extensions>
          <ns3:TrackPointExtension>
            <ns3:hr>108</ns3:hr>
          </ns3:TrackPointExtension>
        </extensions>
      </trkpt>
      <trkpt lat="39.94864865206182003021240234375" lon="116.57421304844319820404052734375">
        <ele>26.6000003814697265625</ele>
        <time>2026-08-29T11:16:11.000Z</time>
        <extensions>
          <ns3:TrackPointExtension>
            <ns3:hr>109</ns3:hr>
          </ns3:TrackPointExtension>
        </extensions>
      </trkpt>
      <trkpt lat="39.94844279251992702484130859375" lon="116.57422981224954128265380859375">
        <ele>26.6000003814697265625</ele>
        <time>2026-08-29T11:16:17.000Z</time>
        <extensions>
          <ns3:TrackPointExtension>
            <ns3:hr>109</ns3:hr>
          </ns3:TrackPointExtension>
        </extensions>
      </trkpt>
      <trkpt lat="39.9482200853526592254638671875" lon="116.57422327436506748199462890625">
        <ele>26.6000003814697265625</ele>
        <time>2026-08-29T11:16:24.000Z</time>
        <extensions>
          <ns3:TrackPointExtension>
            <ns3:hr>108</ns3:hr>
          </ns3:TrackPointExtension>
        </extensions>
      </trkpt>
      <trkpt lat="39.94805420748889446258544921875" lon="116.57424976117908954620361328125">
        <ele>26.6000003814697265625</ele>
        <time>2026-08-29T11:16:30.000Z</time>
        <extensions>
          <ns3:TrackPointExtension>
            <ns3:hr>109</ns3:hr>
          </ns3:TrackPointExtension>
        </extensions>
      </trkpt>
      <trkpt lat="39.947876594960689544677734375" lon="116.574314050376415252685546875">
        <ele>26.6000003814697265625</ele>
        <time>2026-08-29T11:16:36.000Z</time>
        <extensions>
          <ns3:TrackPointExtension>
            <ns3:hr>108</ns3:hr>
          </ns3:TrackPointExtension>
        </extensions>
      </trkpt>
      <trkpt lat="39.94777743704617023468017578125" lon="116.57441102899610996246337890625">
        <ele>26.6000003814697265625</ele>
        <time>2026-08-29T11:16:41.000Z</time>
        <extensions>
          <ns3:TrackPointExtension>
            <ns3:hr>104</ns3:hr>
          </ns3:TrackPointExtension>
        </extensions>
      </trkpt>
      <trkpt lat="39.94775447063148021697998046875" lon="116.57441572286188602447509765625">
        <ele>26.6000003814697265625</ele>
        <time>2026-08-29T11:16:42.000Z</time>
        <extensions>
          <ns3:TrackPointExtension>
            <ns3:hr>101</ns3:hr>
          </ns3:TrackPointExtension>
        </extensions>
      </trkpt>
      <trkpt lat="39.94767132215201854705810546875" lon="116.57440784387290477752685546875">
        <ele>26.6000003814697265625</ele>
        <time>2026-08-29T11:16:46.000Z</time>
        <extensions>
          <ns3:TrackPointExtension>
            <ns3:hr>98</ns3:hr>
          </ns3:TrackPointExtension>
        </extensions>
      </trkpt>
      <trkpt lat="39.94761474430561065673828125" lon="116.57441119663417339324951171875">
        <ele>26.6000003814697265625</ele>
        <time>2026-08-29T11:16:48.000Z</time>
        <extensions>
          <ns3:TrackPointExtension>
            <ns3:hr>98</ns3:hr>
          </ns3:TrackPointExtension>
        </extensions>
      </trkpt>
      <trkpt lat="39.94741550646722316741943359375" lon="116.57443181611597537994384765625">
        <ele>26.3999996185302734375</ele>
        <time>2026-08-29T11:16:54.000Z</time>
        <extensions>
          <ns3:TrackPointExtension>
            <ns3:hr>98</ns3:hr>
          </ns3:TrackPointExtension>
        </extensions>
      </trkpt>
      <trkpt lat="39.9471793882548809051513671875" lon="116.574493758380413055419921875">
        <ele>26.3999996185302734375</ele>
        <time>2026-08-29T11:17:01.000Z</time>
        <extensions>
          <ns3:TrackPointExtension>
            <ns3:hr>98</ns3:hr>
          </ns3:TrackPointExtension>
        </extensions>
      </trkpt>
      <trkpt lat="39.9469394981861114501953125" lon="116.574521251022815704345703125">
        <ele>26.3999996185302734375</ele>
        <time>2026-08-29T11:17:08.000Z</time>
        <extensions>
          <ns3:TrackPointExtension>
            <ns3:hr>96</ns3:hr>
          </ns3:TrackPointExtension>
        </extensions>
      </trkpt>
      <trkpt lat="39.94669248349964618682861328125" lon="116.5745485760271549224853515625">
        <ele>26.3999996185302734375</ele>
        <time>2026-08-29T11:17:15.000Z</time>
        <extensions>
          <ns3:TrackPointExtension>
            <ns3:hr>94</ns3:hr>
          </ns3:TrackPointExtension>
        </extensions>
      </trkpt>
      <trkpt lat="39.94642409496009349822998046875" lon="116.5745764039456844329833984375">
        <ele>26.3999996185302734375</ele>
        <time>2026-08-29T11:17:23.000Z</time>
        <extensions>
          <ns3:TrackPointExtension>
            <ns3:hr>96</ns3:hr>
          </ns3:TrackPointExtension>
        </extensions>
      </trkpt>
      <trkpt lat="39.9462443031370639801025390625" lon="116.57460473477840423583984375">
        <ele>26.3999996185302734375</ele>
        <time>2026-08-29T11:17:29.000Z</time>
        <extensions>
          <ns3:TrackPointExtension>
            <ns3:hr>96</ns3:hr>
          </ns3:TrackPointExtension>
        </extensions>
      </trkpt>
      <trkpt lat="39.94609552435576915740966796875" lon="116.57456559129059314727783203125">
        <ele>26.3999996185302734375</ele>
        <time>2026-08-29T11:17:34.000Z</time>
        <extensions>
          <ns3:TrackPointExtension>
            <ns3:hr>93</ns3:hr>
          </ns3:TrackPointExtension>
        </extensions>
      </trkpt>
      <trkpt lat="39.9458516947925090789794921875" lon="116.57457062043249607086181640625">
        <ele>26.200000762939453125</ele>
        <time>2026-08-29T11:17:42.000Z</time>
        <extensions>
          <ns3:TrackPointExtension>
            <ns3:hr>92</ns3:hr>
          </ns3:TrackPointExtension>
        </extensions>
      </trkpt>
      <trkpt lat="39.94561775587499141693115234375" lon="116.57457791268825531005859375">
        <ele>26.200000762939453125</ele>
        <time>2026-08-29T11:17:49.000Z</time>
        <extensions>
          <ns3:TrackPointExtension>
            <ns3:hr>92</ns3:hr>
          </ns3:TrackPointExtension>
        </extensions>
      </trkpt>
      <trkpt lat="39.94541759602725505828857421875" lon="116.57459911890327930450439453125">
        <ele>26.200000762939453125</ele>
        <time>2026-08-29T11:17:55.000Z</time>
        <extensions>
          <ns3:TrackPointExtension>
            <ns3:hr>92</ns3:hr>
          </ns3:TrackPointExtension>
        </extensions>
      </trkpt>
      <trkpt lat="39.9452042765915393829345703125" lon="116.57462351024150848388671875">
        <ele>26.200000762939453125</ele>
        <time>2026-08-29T11:18:02.000Z</time>
        <extensions>
          <ns3:TrackPointExtension>
            <ns3:hr>91</ns3:hr>
          </ns3:TrackPointExtension>
        </extensions>
      </trkpt>
      <trkpt lat="39.94498257525265216827392578125" lon="116.57465033233165740966796875">
        <ele>26.200000762939453125</ele>
        <time>2026-08-29T11:18:09.000Z</time>
        <extensions>
          <ns3:TrackPointExtension>
            <ns3:hr>86</ns3:hr>
          </ns3:TrackPointExtension>
        </extensions>
      </trkpt>
      <trkpt lat="39.94493546895682811737060546875" lon="116.574620492756366729736328125">
        <ele>26.200000762939453125</ele>
        <time>2026-08-29T11:18:11.000Z</time>
        <extensions>
          <ns3:TrackPointExtension>
            <ns3:hr>85</ns3:hr>
          </ns3:TrackPointExtension>
        </extensions>
      </trkpt>
      <trkpt lat="39.9449305236339569091796875" lon="116.57458755187690258026123046875">
        <ele>26.200000762939453125</ele>
        <time>2026-08-29T11:18:12.000Z</time>
        <extensions>
          <ns3:TrackPointExtension>
            <ns3:hr>84</ns3:hr>
          </ns3:TrackPointExtension>
        </extensions>
      </trkpt>
      <trkpt lat="39.94492582976818084716796875" lon="116.5743658505380153656005859375">
        <ele>26.200000762939453125</ele>
        <time>2026-08-29T11:18:18.000Z</time>
        <extensions>
          <ns3:TrackPointExtension>
            <ns3:hr>84</ns3:hr>
          </ns3:TrackPointExtension>
        </extensions>
      </trkpt>
      <trkpt lat="39.94492658413946628570556640625" lon="116.5740087814629077911376953125">
        <ele>26.3999996185302734375</ele>
        <time>2026-08-29T11:18:26.000Z</time>
        <extensions>
          <ns3:TrackPointExtension>
            <ns3:hr>84</ns3:hr>
          </ns3:TrackPointExtension>
        </extensions>
      </trkpt>
      <trkpt lat="39.94499213062226772308349609375" lon="116.57383971847593784332275390625">
        <ele>26.200000762939453125</ele>
        <time>2026-08-29T11:18:31.000Z</time>
        <extensions>
          <ns3:TrackPointExtension>
            <ns3:hr>84</ns3:hr>
          </ns3:TrackPointExtension>
        </extensions>
      </trkpt>
      <trkpt lat="39.94511601515114307403564453125" lon="116.5738498605787754058837890625">
        <ele>26</ele>
        <time>2026-08-29T11:18:35.000Z</time>
        <extensions>
          <ns3:TrackPointExtension>
            <ns3:hr>84</ns3:hr>
          </ns3:TrackPointExtension>
        </extensions>
      </trkpt>
      <trkpt lat="39.94529136456549167633056640625" lon="116.57389068044722080230712890625">
        <ele>26</ele>
        <time>2026-08-29T11:18:40.000Z</time>
        <extensions>
          <ns3:TrackPointExtension>
            <ns3:hr>87</ns3:hr>
          </ns3:TrackPointExtension>
        </extensions>
      </trkpt>
      <trkpt lat="39.9453569948673248291015625" lon="116.57389822416007518768310546875">
        <ele>26</ele>
        <time>2026-08-29T11:18:42.000Z</time>
        <extensions>
          <ns3:TrackPointExtension>
            <ns3:hr>89</ns3:hr>
          </ns3:TrackPointExtension>
        </extensions>
      </trkpt>
      <trkpt lat="39.945520274341106414794921875" lon="116.57394432462751865386962890625">
        <ele>26</ele>
        <time>2026-08-29T11:18:47.000Z</time>
        <extensions>
          <ns3:TrackPointExtension>
            <ns3:hr>92</ns3:hr>
          </ns3:TrackPointExtension>
        </extensions>
      </trkpt>
      <trkpt lat="39.94559428654611110687255859375" lon="116.57396234571933746337890625">
        <ele>26.200000762939453125</ele>
        <time>2026-08-29T11:18:49.000Z</time>
        <extensions>
          <ns3:TrackPointExtension>
            <ns3:hr>92</ns3:hr>
          </ns3:TrackPointExtension>
        </extensions>
      </trkpt>
      <trkpt lat="39.9457356892526149749755859375" lon="116.5739843063056468963623046875">
        <ele>26.200000762939453125</ele>
        <time>2026-08-29T11:18:53.000Z</time>
        <extensions>
          <ns3:TrackPointExtension>
            <ns3:hr>95</ns3:hr>
          </ns3:TrackPointExtension>
        </extensions>
      </trkpt>
      <trkpt lat="39.945840127766132354736328125" lon="116.57399855554103851318359375">
        <ele>26</ele>
        <time>2026-08-29T11:18:56.000Z</time>
        <extensions>
          <ns3:TrackPointExtension>
            <ns3:hr>97</ns3:hr>
          </ns3:TrackPointExtension>
        </extensions>
      </trkpt>
      <trkpt lat="39.94605629704892635345458984375" lon="116.57404960133135318756103515625">
        <ele>25.799999237060546875</ele>
        <time>2026-08-29T11:19:02.000Z</time>
        <extensions>
          <ns3:TrackPointExtension>
            <ns3:hr>97</ns3:hr>
          </ns3:TrackPointExtension>
        </extensions>
      </trkpt>
      <trkpt lat="39.9461628310382366180419921875" lon="116.5740701369941234588623046875">
        <ele>25.799999237060546875</ele>
        <time>2026-08-29T11:19:05.000Z</time>
        <extensions>
          <ns3:TrackPointExtension>
            <ns3:hr>94</ns3:hr>
          </ns3:TrackPointExtension>
        </extensions>
      </trkpt>
      <trkpt lat="39.94623499922454357147216796875" lon="116.574090421199798583984375">
        <ele>25.799999237060546875</ele>
        <time>2026-08-29T11:19:07.000Z</time>
        <extensions>
          <ns3:TrackPointExtension>
            <ns3:hr>91</ns3:hr>
          </ns3:TrackPointExtension>
        </extensions>
      </trkpt>
      <trkpt lat="39.9463455565273761749267578125" lon="116.57410047948360443115234375">
        <ele>25.799999237060546875</ele>
        <time>2026-08-29T11:19:10.000Z</time>
        <extensions>
          <ns3:TrackPointExtension>
            <ns3:hr>91</ns3:hr>
          </ns3:TrackPointExtension>
        </extensions>
      </trkpt>
      <trkpt lat="39.9466603808104991912841796875" lon="116.5740778483450412750244140625">
        <ele>25.799999237060546875</ele>
        <time>2026-08-29T11:19:18.000Z</time>
        <extensions>
          <ns3:TrackPointExtension>
            <ns3:hr>92</ns3:hr>
          </ns3:TrackPointExtension>
        </extensions>
      </trkpt>
      <trkpt lat="39.946812093257904052734375" lon="116.5740661136806011199951171875">
        <ele>25.799999237060546875</ele>
        <time>2026-08-29T11:19:22.000Z</time>
        <extensions>
          <ns3:TrackPointExtension>
            <ns3:hr>95</ns3:hr>
          </ns3:TrackPointExtension>
        </extensions>
      </trkpt>
      <trkpt lat="39.946959950029850006103515625" lon="116.5740480087697505950927734375">
        <ele>25.799999237060546875</ele>
        <time>2026-08-29T11:19:26.000Z</time>
        <extensions>
          <ns3:TrackPointExtension>
            <ns3:hr>96</ns3:hr>
          </ns3:TrackPointExtension>
        </extensions>
      </trkpt>
      <trkpt lat="39.94718634523451328277587890625" lon="116.5740255452692508697509765625">
        <ele>25.6000003814697265625</ele>
        <time>2026-08-29T11:19:32.000Z</time>
        <extensions>
          <ns3:TrackPointExtension>
            <ns3:hr>96</ns3:hr>
          </ns3:TrackPointExtension>
        </extensions>
      </trkpt>
      <trkpt lat="39.94740963913500308990478515625" lon="116.57401205040514469146728515625">
        <ele>25.799999237060546875</ele>
        <time>2026-08-29T11:19:38.000Z</time>
        <extensions>
          <ns3:TrackPointExtension>
            <ns3:hr>96</ns3:hr>
          </ns3:TrackPointExtension>
        </extensions>
      </trkpt>
      <trkpt lat="39.9476387165486812591552734375" lon="116.57397232018411159515380859375">
        <ele>25.799999237060546875</ele>
        <time>2026-08-29T11:19:45.000Z</time>
        <extensions>
          <ns3:TrackPointExtension>
            <ns3:hr>96</ns3:hr>
          </ns3:TrackPointExtension>
        </extensions>
      </trkpt>
      <trkpt lat="39.94769328273832798004150390625" lon="116.5740030817687511444091796875">
        <ele>25.799999237060546875</ele>
        <time>2026-08-29T11:19:47.000Z</time>
        <extensions>
          <ns3:TrackPointExtension>
            <ns3:hr>96</ns3:hr>
          </ns3:TrackPointExtension>
        </extensions>
      </trkpt>
      <trkpt lat="39.947707615792751312255859375" lon="116.5740332566201686859130859375">
        <ele>25.799999237060546875</ele>
        <time>2026-08-29T11:19:48.000Z</time>
        <extensions>
          <ns3:TrackPointExtension>
            <ns3:hr>96</ns3:hr>
          </ns3:TrackPointExtension>
        </extensions>
      </trkpt>
      <trkpt lat="39.94771038182079792022705078125" lon="116.57406770624220371246337890625">
        <ele>25.799999237060546875</ele>
        <time>2026-08-29T11:19:49.000Z</time>
        <extensions>
          <ns3:TrackPointExtension>
            <ns3:hr>96</ns3:hr>
          </ns3:TrackPointExtension>
        </extensions>
      </trkpt>
      <trkpt lat="39.9477158300578594207763671875" lon="116.5741784311830997467041015625">
        <ele>25.799999237060546875</ele>
        <time>2026-08-29T11:19:52.000Z</time>
        <extensions>
          <ns3:TrackPointExtension>
            <ns3:hr>95</ns3:hr>
          </ns3:TrackPointExtension>
        </extensions>
      </trkpt>
      <trkpt lat="39.9477589130401611328125" lon="116.5743899904191493988037109375">
        <ele>25.6000003814697265625</ele>
        <time>2026-08-29T11:19:57.000Z</time>
        <extensions>
          <ns3:TrackPointExtension>
            <ns3:hr>96</ns3:hr>
          </ns3:TrackPointExtension>
        </extensions>
      </trkpt>
      <trkpt lat="39.94784851558506488800048828125" lon="116.57464572228491306304931640625">
        <ele>25.6000003814697265625</ele>
        <time>2026-08-29T11:20:03.000Z</time>
        <extensions>
          <ns3:TrackPointExtension>
            <ns3:hr>97</ns3:hr>
          </ns3:TrackPointExtension>
        </extensions>
      </trkpt>
      <trkpt lat="39.9478928558528423309326171875" lon="116.57491427846252918243408203125">
        <ele>25.6000003814697265625</ele>
        <time>2026-08-29T11:20:09.000Z</time>
        <extensions>
          <ns3:TrackPointExtension>
            <ns3:hr>96</ns3:hr>
          </ns3:TrackPointExtension>
        </extensions>
      </trkpt>
      <trkpt lat="39.94788539595901966094970703125" lon="116.5752268396317958831787109375">
        <ele>25.6000003814697265625</ele>
        <time>2026-08-29T11:20:16.000Z</time>
        <extensions>
          <ns3:TrackPointExtension>
            <ns3:hr>97</ns3:hr>
          </ns3:TrackPointExtension>
        </extensions>
      </trkpt>
      <trkpt lat="39.94779713451862335205078125" lon="116.5755245648324489593505859375">
        <ele>25.6000003814697265625</ele>
        <time>2026-08-29T11:20:23.000Z</time>
        <extensions>
          <ns3:TrackPointExtension>
            <ns3:hr>98</ns3:hr>
          </ns3:TrackPointExtension>
        </extensions>
      </trkpt>
      <trkpt lat="39.9476688914000988006591796875" lon="116.5757404826581478118896484375">
        <ele>25.6000003814697265625</ele>
        <time>2026-08-29T11:20:29.000Z</time>
        <extensions>
          <ns3:TrackPointExtension>
            <ns3:hr>98</ns3:hr>
          </ns3:TrackPointExtension>
        </extensions>
      </trkpt>
      <trkpt lat="39.94747702963650226593017578125" lon="116.5759097971022129058837890625">
        <ele>25.3999996185302734375</ele>
        <time>2026-08-29T11:20:36.000Z</time>
        <extensions>
          <ns3:TrackPointExtension>
            <ns3:hr>98</ns3:hr>
          </ns3:TrackPointExtension>
        </extensions>
      </trkpt>
      <trkpt lat="39.94725809432566165924072265625" lon="116.5759875811636447906494140625">
        <ele>25.3999996185302734375</ele>
        <time>2026-08-29T11:20:43.000Z</time>
        <extensions>
          <ns3:TrackPointExtension>
            <ns3:hr>98</ns3:hr>
          </ns3:TrackPointExtension>
        </extensions>
      </trkpt>
      <trkpt lat="39.947090707719326019287109375" lon="116.5759813785552978515625">
        <ele>25.3999996185302734375</ele>
        <time>2026-08-29T11:20:48.000Z</time>
        <extensions>
          <ns3:TrackPointExtension>
            <ns3:hr>97</ns3:hr>
          </ns3:TrackPointExtension>
        </extensions>
      </trkpt>
      <trkpt lat="39.9468793161213397979736328125" lon="116.5759258903563022613525390625">
        <ele>25.3999996185302734375</ele>
        <time>2026-08-29T11:20:55.000Z</time>
        <extensions>
          <ns3:TrackPointExtension>
            <ns3:hr>98</ns3:hr>
          </ns3:TrackPointExtension>
        </extensions>
      </trkpt>
      <trkpt lat="39.946727938950061798095703125" lon="116.57579429447650909423828125">
        <ele>25.3999996185302734375</ele>
        <time>2026-08-29T11:21:01.000Z</time>
        <extensions>
          <ns3:TrackPointExtension>
            <ns3:hr>96</ns3:hr>
          </ns3:TrackPointExtension>
        </extensions>
      </trkpt>
      <trkpt lat="39.94660346768796443939208984375" lon="116.57559170387685298919677734375">
        <ele>25.3999996185302734375</ele>
        <time>2026-08-29T11:21:07.000Z</time>
        <extensions>
          <ns3:TrackPointExtension>
            <ns3:hr>95</ns3:hr>
          </ns3:TrackPointExtension>
        </extensions>
      </trkpt>
      <trkpt lat="39.9465312995016574859619140625" lon="116.575286686420440673828125">
        <ele>25.200000762939453125</ele>
        <time>2026-08-29T11:21:14.000Z</time>
        <extensions>
          <ns3:TrackPointExtension>
            <ns3:hr>95</ns3:hr>
          </ns3:TrackPointExtension>
        </extensions>
      </trkpt>
      <trkpt lat="39.94643415324389934539794921875" lon="116.57502927817404270172119140625">
        <ele>25.200000762939453125</ele>
        <time>2026-08-29T11:21:20.000Z</time>
        <extensions>
          <ns3:TrackPointExtension>
            <ns3:hr>97</ns3:hr>
          </ns3:TrackPointExtension>
        </extensions>
      </trkpt>
      <trkpt lat="39.94628244079649448394775390625" lon="116.574823670089244842529296875">
        <ele>25.200000762939453125</ele>
        <time>2026-08-29T11:21:26.000Z</time>
        <extensions>
          <ns3:TrackPointExtension>
            <ns3:hr>97</ns3:hr>
          </ns3:TrackPointExtension>
        </extensions>
      </trkpt>
      <trkpt lat="39.9460857175290584564208984375" lon="116.57469014637172222137451171875">
        <ele>25.200000762939453125</ele>
        <time>2026-08-29T11:21:32.000Z</time>
        <extensions>
          <ns3:TrackPointExtension>
            <ns3:hr>96</ns3:hr>
          </ns3:TrackPointExtension>
        </extensions>
      </trkpt>
      <trkpt lat="39.94590525515377521514892578125" lon="116.5746545232832431793212890625">
        <ele>25.200000762939453125</ele>
        <time>2026-08-29T11:21:37.000Z</time>
        <extensions>
          <ns3:TrackPointExtension>
            <ns3:hr>98</ns3:hr>
          </ns3:TrackPointExtension>
        </extensions>
      </trkpt>
      <trkpt lat="39.94565580971539020538330078125" lon="116.57469953410327434539794921875">
        <ele>25.200000762939453125</ele>
        <time>2026-08-29T11:21:44.000Z</time>
        <extensions>
          <ns3:TrackPointExtension>
            <ns3:hr>100</ns3:hr>
          </ns3:TrackPointExtension>
        </extensions>
      </trkpt>
      <trkpt lat="39.94548641145229339599609375" lon="116.57481185160577297210693359375">
        <ele>25.200000762939453125</ele>
        <time>2026-08-29T11:21:49.000Z</time>
        <extensions>
          <ns3:TrackPointExtension>
            <ns3:hr>100</ns3:hr>
          </ns3:TrackPointExtension>
        </extensions>
      </trkpt>
      <trkpt lat="39.94529773481190204620361328125" lon="116.57498485408723354339599609375">
        <ele>25.200000762939453125</ele>
        <time>2026-08-29T11:21:55.000Z</time>
        <extensions>
          <ns3:TrackPointExtension>
            <ns3:hr>103</ns3:hr>
          </ns3:TrackPointExtension>
        </extensions>
      </trkpt>
      <trkpt lat="39.94512624107301235198974609375" lon="116.57505266368389129638671875">
        <ele>25.200000762939453125</ele>
        <time>2026-08-29T11:22:00.000Z</time>
        <extensions>
          <ns3:TrackPointExtension>
            <ns3:hr>104</ns3:hr>
          </ns3:TrackPointExtension>
        </extensions>
      </trkpt>
      <trkpt lat="39.9449332058429718017578125" lon="116.575101949274539947509765625">
        <ele>25.3999996185302734375</ele>
        <time>2026-08-29T11:22:06.000Z</time>
        <extensions>
          <ns3:TrackPointExtension>
            <ns3:hr>104</ns3:hr>
          </ns3:TrackPointExtension>
        </extensions>
      </trkpt>
      <trkpt lat="39.94490160606801509857177734375" lon="116.5752788074314594268798828125">
        <ele>25.3999996185302734375</ele>
        <time>2026-08-29T11:22:11.000Z</time>
        <extensions>
          <ns3:TrackPointExtension>
            <ns3:hr>103</ns3:hr>
          </ns3:TrackPointExtension>
        </extensions>
      </trkpt>
      <trkpt lat="39.94487729854881763458251953125" lon="116.57556831836700439453125">
        <ele>25.200000762939453125</ele>
        <time>2026-08-29T11:22:17.000Z</time>
        <extensions>
          <ns3:TrackPointExtension>
            <ns3:hr>101</ns3:hr>
          </ns3:TrackPointExtension>
        </extensions>
      </trkpt>
      <trkpt lat="39.94487377814948558807373046875" lon="116.57567032612860202789306640625">
        <ele>25.200000762939453125</ele>
        <time>2026-08-29T11:22:19.000Z</time>
        <extensions>
          <ns3:TrackPointExtension>
            <ns3:hr>98</ns3:hr>
          </ns3:TrackPointExtension>
        </extensions>
      </trkpt>
      <trkpt lat="39.94485919363796710968017578125" lon="116.57601381652057170867919921875">
        <ele>25.200000762939453125</ele>
        <time>2026-08-29T11:22:26.000Z</time>
        <extensions>
          <ns3:TrackPointExtension>
            <ns3:hr>100</ns3:hr>
          </ns3:TrackPointExtension>
        </extensions>
      </trkpt>
      <trkpt lat="39.9448581039905548095703125" lon="116.5762695483863353729248046875">
        <ele>25.200000762939453125</ele>
        <time>2026-08-29T11:22:31.000Z</time>
        <extensions>
          <ns3:TrackPointExtension>
            <ns3:hr>103</ns3:hr>
          </ns3:TrackPointExtension>
        </extensions>
      </trkpt>
      <trkpt lat="39.9448576010763645172119140625" lon="116.57637205906212329864501953125">
        <ele>25.200000762939453125</ele>
        <time>2026-08-29T11:22:33.000Z</time>
        <extensions>
          <ns3:TrackPointExtension>
            <ns3:hr>102</ns3:hr>
          </ns3:TrackPointExtension>
        </extensions>
      </trkpt>
      <trkpt lat="39.9448572658002376556396484375" lon="116.5766691975295543670654296875">
        <ele>25.200000762939453125</ele>
        <time>2026-08-29T11:22:39.000Z</time>
        <extensions>
          <ns3:TrackPointExtension>
            <ns3:hr>99</ns3:hr>
          </ns3:TrackPointExtension>
        </extensions>
      </trkpt>
      <trkpt lat="39.9448535777628421783447265625" lon="116.57676994800567626953125">
        <ele>25.200000762939453125</ele>
        <time>2026-08-29T11:22:41.000Z</time>
        <extensions>
          <ns3:TrackPointExtension>
            <ns3:hr>99</ns3:hr>
          </ns3:TrackPointExtension>
        </extensions>
      </trkpt>
      <trkpt lat="39.9448502250015735626220703125" lon="116.5769069083034992218017578125">
        <ele>25.200000762939453125</ele>
        <time>2026-08-29T11:22:44.000Z</time>
        <extensions>
          <ns3:TrackPointExtension>
            <ns3:hr>96</ns3:hr>
          </ns3:TrackPointExtension>
        </extensions>
      </trkpt>
      <trkpt lat="39.9448525719344615936279296875" lon="116.576955355703830718994140625">
        <ele>25.200000762939453125</ele>
        <time>2026-08-29T11:22:45.000Z</time>
        <extensions>
          <ns3:TrackPointExtension>
            <ns3:hr>93</ns3:hr>
          </ns3:TrackPointExtension>
        </extensions>
      </trkpt>
      <trkpt lat="39.9448539130389690399169921875" lon="116.5770544297993183135986328125">
        <ele>25.200000762939453125</ele>
        <time>2026-08-29T11:22:47.000Z</time>
        <extensions>
          <ns3:TrackPointExtension>
            <ns3:hr>91</ns3:hr>
          </ns3:TrackPointExtension>
        </extensions>
      </trkpt>
      <trkpt lat="39.94484527967870235443115234375" lon="116.57731602899730205535888671875">
        <ele>25.3999996185302734375</ele>
        <time>2026-08-29T11:22:53.000Z</time>
        <extensions>
          <ns3:TrackPointExtension>
            <ns3:hr>94</ns3:hr>
          </ns3:TrackPointExtension>
        </extensions>
      </trkpt>
      <trkpt lat="39.94489607401192188262939453125" lon="116.57744846306741237640380859375">
        <ele>25.200000762939453125</ele>
        <time>2026-08-29T11:22:57.000Z</time>
        <extensions>
          <ns3:TrackPointExtension>
            <ns3:hr>95</ns3:hr>
          </ns3:TrackPointExtension>
        </extensions>
      </trkpt>
      <trkpt lat="39.94502532295882701873779296875" lon="116.57745081000030040740966796875">
        <ele>25.200000762939453125</ele>
        <time>2026-08-29T11:23:01.000Z</time>
        <extensions>
          <ns3:TrackPointExtension>
            <ns3:hr>94</ns3:hr>
          </ns3:TrackPointExtension>
        </extensions>
      </trkpt>
      <trkpt lat="39.94527585804462432861328125" lon="116.57741703093051910400390625">
        <ele>25</ele>
        <time>2026-08-29T11:23:08.000Z</time>
        <extensions>
          <ns3:TrackPointExtension>
            <ns3:hr>96</ns3:hr>
          </ns3:TrackPointExtension>
        </extensions>
      </trkpt>
      <trkpt lat="39.9455395527184009552001953125" lon="116.57735106535255908966064453125">
        <ele>25</ele>
        <time>2026-08-29T11:23:15.000Z</time>
        <extensions>
          <ns3:TrackPointExtension>
            <ns3:hr>97</ns3:hr>
          </ns3:TrackPointExtension>
        </extensions>
      </trkpt>
      <trkpt lat="39.945835769176483154296875" lon="116.57723606564104557037353515625">
        <ele>25</ele>
        <time>2026-08-29T11:23:23.000Z</time>
        <extensions>
          <ns3:TrackPointExtension>
            <ns3:hr>98</ns3:hr>
          </ns3:TrackPointExtension>
        </extensions>
      </trkpt>
      <trkpt lat="39.94611983187496662139892578125" lon="116.577164568006992340087890625">
        <ele>25</ele>
        <time>2026-08-29T11:23:31.000Z</time>
        <extensions>
          <ns3:TrackPointExtension>
            <ns3:hr>99</ns3:hr>
          </ns3:TrackPointExtension>
        </extensions>
      </trkpt>
      <trkpt lat="39.94633222930133342742919921875" lon="116.57712659798562526702880859375">
        <ele>25.200000762939453125</ele>
        <time>2026-08-29T11:23:37.000Z</time>
        <extensions>
          <ns3:TrackPointExtension>
            <ns3:hr>100</ns3:hr>
          </ns3:TrackPointExtension>
        </extensions>
      </trkpt>
      <trkpt lat="39.94655166752636432647705078125" lon="116.5771107561886310577392578125">
        <ele>25.200000762939453125</ele>
        <time>2026-08-29T11:23:43.000Z</time>
        <extensions>
          <ns3:TrackPointExtension>
            <ns3:hr>97</ns3:hr>
          </ns3:TrackPointExtension>
        </extensions>
      </trkpt>
      <trkpt lat="39.94682944379746913909912109375" lon="116.57707295380532741546630859375">
        <ele>25</ele>
        <time>2026-08-29T11:23:50.000Z</time>
        <extensions>
          <ns3:TrackPointExtension>
            <ns3:hr>97</ns3:hr>
          </ns3:TrackPointExtension>
        </extensions>
      </trkpt>
      <trkpt lat="39.9470841698348522186279296875" lon="116.5770420245826244354248046875">
        <ele>25</ele>
        <time>2026-08-29T11:23:56.000Z</time>
        <extensions>
          <ns3:TrackPointExtension>
            <ns3:hr>98</ns3:hr>
          </ns3:TrackPointExtension>
        </extensions>
      </trkpt>
      <trkpt lat="39.94712566025555133819580078125" lon="116.57703749835491180419921875">
        <ele>25</ele>
        <time>2026-08-29T11:23:57.000Z</time>
        <extensions>
          <ns3:TrackPointExtension>
            <ns3:hr>98</ns3:hr>
          </ns3:TrackPointExtension>
        </extensions>
      </trkpt>
      <trkpt lat="39.94752447120845317840576171875" lon="116.57700288109481334686279296875">
        <ele>25</ele>
        <time>2026-08-29T11:24:06.000Z</time>
        <extensions>
          <ns3:TrackPointExtension>
            <ns3:hr>99</ns3:hr>
          </ns3:TrackPointExtension>
        </extensions>
      </trkpt>
      <trkpt lat="39.94782538153231143951416015625" lon="116.57695527188479900360107421875">
        <ele>25</ele>
        <time>2026-08-29T11:24:13.000Z</time>
        <extensions>
          <ns3:TrackPointExtension>
            <ns3:hr>96</ns3:hr>
          </ns3:TrackPointExtension>
        </extensions>
      </trkpt>
      <trkpt lat="39.94809963740408420562744140625" lon="116.57686122693121433258056640625">
        <ele>25</ele>
        <time>2026-08-29T11:24:20.000Z</time>
        <extensions>
          <ns3:TrackPointExtension>
            <ns3:hr>96</ns3:hr>
          </ns3:TrackPointExtension>
        </extensions>
      </trkpt>
      <trkpt lat="39.948272220790386199951171875" lon="116.57670649699866771697998046875">
        <ele>25</ele>
        <time>2026-08-29T11:24:26.000Z</time>
        <extensions>
          <ns3:TrackPointExtension>
            <ns3:hr>99</ns3:hr>
          </ns3:TrackPointExtension>
        </extensions>
      </trkpt>
      <trkpt lat="39.94829359464347362518310546875" lon="116.5766715444624423980712890625">
        <ele>25.200000762939453125</ele>
        <time>2026-08-29T11:24:27.000Z</time>
        <extensions>
          <ns3:TrackPointExtension>
            <ns3:hr>100</ns3:hr>
          </ns3:TrackPointExtension>
        </extensions>
      </trkpt>
      <trkpt lat="39.94837607257068157196044921875" lon="116.576401479542255401611328125">
        <ele>25</ele>
        <time>2026-08-29T11:24:33.000Z</time>
        <extensions>
          <ns3:TrackPointExtension>
            <ns3:hr>100</ns3:hr>
          </ns3:TrackPointExtension>
        </extensions>
      </trkpt>
      <trkpt lat="39.948384873569011688232421875" lon="116.57624800689518451690673828125">
        <ele>25</ele>
        <time>2026-08-29T11:24:36.000Z</time>
        <extensions>
          <ns3:TrackPointExtension>
            <ns3:hr>103</ns3:hr>
          </ns3:TrackPointExtension>
        </extensions>
      </trkpt>
      <trkpt lat="39.94839233346283435821533203125" lon="116.5761463344097137451171875">
        <ele>25</ele>
        <time>2026-08-29T11:24:38.000Z</time>
        <extensions>
          <ns3:TrackPointExtension>
            <ns3:hr>107</ns3:hr>
          </ns3:TrackPointExtension>
        </extensions>
      </trkpt>
      <trkpt lat="39.94840172119438648223876953125" lon="116.57604667358100414276123046875">
        <ele>25</ele>
        <time>2026-08-29T11:24:40.000Z</time>
        <extensions>
          <ns3:TrackPointExtension>
            <ns3:hr>109</ns3:hr>
          </ns3:TrackPointExtension>
        </extensions>
      </trkpt>
      <trkpt lat="39.9484926648437976837158203125" lon="116.57573402859270572662353515625">
        <ele>25</ele>
        <time>2026-08-29T11:24:47.000Z</time>
        <extensions>
          <ns3:TrackPointExtension>
            <ns3:hr>108</ns3:hr>
          </ns3:TrackPointExtension>
        </extensions>
      </trkpt>
      <trkpt lat="39.94864144362509250640869140625" lon="116.5755078010261058807373046875">
        <ele>25.200000762939453125</ele>
        <time>2026-08-29T11:24:53.000Z</time>
        <extensions>
          <ns3:TrackPointExtension>
            <ns3:hr>108</ns3:hr>
          </ns3:TrackPointExtension>
        </extensions>
      </trkpt>
      <trkpt lat="39.94887806475162506103515625" lon="116.5753914602100849151611328125">
        <ele>25.200000762939453125</ele>
        <time>2026-08-29T11:25:00.000Z</time>
        <extensions>
          <ns3:TrackPointExtension>
            <ns3:hr>107</ns3:hr>
          </ns3:TrackPointExtension>
        </extensions>
      </trkpt>
      <trkpt lat="39.9491397477686405181884765625" lon="116.57536203972995281219482421875">
        <ele>25</ele>
        <time>2026-08-29T11:25:07.000Z</time>
        <extensions>
          <ns3:TrackPointExtension>
            <ns3:hr>106</ns3:hr>
          </ns3:TrackPointExtension>
        </extensions>
      </trkpt>
      <trkpt lat="39.94930855929851531982421875" lon="116.57543261535465717315673828125">
        <ele>25</ele>
        <time>2026-08-29T11:25:12.000Z</time>
        <extensions>
          <ns3:TrackPointExtension>
            <ns3:hr>108</ns3:hr>
          </ns3:TrackPointExtension>
        </extensions>
      </trkpt>
      <trkpt lat="39.9495085515081882476806640625" lon="116.575508303940296173095703125">
        <ele>25</ele>
        <time>2026-08-29T11:25:18.000Z</time>
        <extensions>
          <ns3:TrackPointExtension>
            <ns3:hr>105</ns3:hr>
          </ns3:TrackPointExtension>
        </extensions>
      </trkpt>
      <trkpt lat="39.94972891174256801605224609375" lon="116.5754891932010650634765625">
        <ele>24.799999237060546875</ele>
        <time>2026-08-29T11:25:24.000Z</time>
        <extensions>
          <ns3:TrackPointExtension>
            <ns3:hr>105</ns3:hr>
          </ns3:TrackPointExtension>
        </extensions>
      </trkpt>
      <trkpt lat="39.9499450810253620147705078125" lon="116.575407050549983978271484375">
        <ele>24.799999237060546875</ele>
        <time>2026-08-29T11:25:30.000Z</time>
        <extensions>
          <ns3:TrackPointExtension>
            <ns3:hr>102</ns3:hr>
          </ns3:TrackPointExtension>
        </extensions>
      </trkpt>
      <trkpt lat="39.94997852481901645660400390625" lon="116.57538953237235546112060546875">
        <ele>24.799999237060546875</ele>
        <time>2026-08-29T11:25:31.000Z</time>
        <extensions>
          <ns3:TrackPointExtension>
            <ns3:hr>102</ns3:hr>
          </ns3:TrackPointExtension>
        </extensions>
      </trkpt>
      <trkpt lat="39.9501962028443813323974609375" lon="116.57525626011192798614501953125">
        <ele>25</ele>
        <time>2026-08-29T11:25:38.000Z</time>
        <extensions>
          <ns3:TrackPointExtension>
            <ns3:hr>103</ns3:hr>
          </ns3:TrackPointExtension>
        </extensions>
      </trkpt>
      <trkpt lat="39.95038135908544063568115234375" lon="116.57513891346752643585205078125">
        <ele>25.200000762939453125</ele>
        <time>2026-08-29T11:25:45.000Z</time>
        <extensions>
          <ns3:TrackPointExtension>
            <ns3:hr>102</ns3:hr>
          </ns3:TrackPointExtension>
        </extensions>
      </trkpt>
      <trkpt lat="39.95048361830413341522216796875" lon="116.57505140639841556549072265625">
        <ele>25.200000762939453125</ele>
        <time>2026-08-29T11:25:50.000Z</time>
        <extensions>
          <ns3:TrackPointExtension>
            <ns3:hr>101</ns3:hr>
          </ns3:TrackPointExtension>
        </extensions>
      </trkpt>
      <trkpt lat="39.950482361018657684326171875" lon="116.57488980330526828765869140625">
        <ele>25.200000762939453125</ele>
        <time>2026-08-29T11:25:54.000Z</time>
        <extensions>
          <ns3:TrackPointExtension>
            <ns3:hr>101</ns3:hr>
          </ns3:TrackPointExtension>
        </extensions>
      </trkpt>
      <trkpt lat="39.95048294775187969207763671875" lon="116.5746313892304897308349609375">
        <ele>25</ele>
        <time>2026-08-29T11:25:59.000Z</time>
        <extensions>
          <ns3:TrackPointExtension>
            <ns3:hr>100</ns3:hr>
          </ns3:TrackPointExtension>
        </extensions>
      </trkpt>
      <trkpt lat="39.9504721350967884063720703125" lon="116.57431966625154018402099609375">
        <ele>25</ele>
        <time>2026-08-29T11:26:05.000Z</time>
        <extensions>
          <ns3:TrackPointExtension>
            <ns3:hr>98</ns3:hr>
          </ns3:TrackPointExtension>
        </extensions>
      </trkpt>
      <trkpt lat="39.95046132244169712066650390625" lon="116.5740434825420379638671875">
        <ele>25</ele>
        <time>2026-08-29T11:26:11.000Z</time>
        <extensions>
          <ns3:TrackPointExtension>
            <ns3:hr>100</ns3:hr>
          </ns3:TrackPointExtension>
        </extensions>
      </trkpt>
      <trkpt lat="39.95043617673218250274658203125" lon="116.57397433184087276458740234375">
        <ele>25</ele>
        <time>2026-08-29T11:26:13.000Z</time>
        <extensions>
          <ns3:TrackPointExtension>
            <ns3:hr>99</ns3:hr>
          </ns3:TrackPointExtension>
        </extensions>
      </trkpt>
      <trkpt lat="39.95039996691048145294189453125" lon="116.5739222802221775054931640625">
        <ele>25</ele>
        <time>2026-08-29T11:26:15.000Z</time>
        <extensions>
          <ns3:TrackPointExtension>
            <ns3:hr>99</ns3:hr>
          </ns3:TrackPointExtension>
        </extensions>
      </trkpt>
      <trkpt lat="39.95030843652784824371337890625" lon="116.57381071709096431732177734375">
        <ele>25.200000762939453125</ele>
        <time>2026-08-29T11:26:20.000Z</time>
        <extensions>
          <ns3:TrackPointExtension>
            <ns3:hr>98</ns3:hr>
          </ns3:TrackPointExtension>
        </extensions>
      </trkpt>
      <trkpt lat="39.95023383758962154388427734375" lon="116.57374500297009944915771484375">
        <ele>25.200000762939453125</ele>
        <time>2026-08-29T11:26:24.000Z</time>
        <extensions>
          <ns3:TrackPointExtension>
            <ns3:hr>96</ns3:hr>
          </ns3:TrackPointExtension>
        </extensions>
      </trkpt>
      <trkpt lat="39.95017851702868938446044921875" lon="116.57374969683587551116943359375">
        <ele>25.200000762939453125</ele>
        <time>2026-08-29T11:26:26.000Z</time>
        <extensions>
          <ns3:TrackPointExtension>
            <ns3:hr>96</ns3:hr>
          </ns3:TrackPointExtension>
        </extensions>
      </trkpt>
      <trkpt lat="39.9499531276524066925048828125" lon="116.5737502835690975189208984375">
        <ele>25.3999996185302734375</ele>
        <time>2026-08-29T11:26:33.000Z</time>
        <extensions>
          <ns3:TrackPointExtension>
            <ns3:hr>95</ns3:hr>
          </ns3:TrackPointExtension>
        </extensions>
      </trkpt>
      <trkpt lat="39.94970946572721004486083984375" lon="116.57375422306358814239501953125">
        <ele>25</ele>
        <time>2026-08-29T11:26:40.000Z</time>
        <extensions>
          <ns3:TrackPointExtension>
            <ns3:hr>95</ns3:hr>
          </ns3:TrackPointExtension>
        </extensions>
      </trkpt>
      <trkpt lat="39.9494616128504276275634765625" lon="116.5737727470695972442626953125">
        <ele>25</ele>
        <time>2026-08-29T11:26:47.000Z</time>
        <extensions>
          <ns3:TrackPointExtension>
            <ns3:hr>94</ns3:hr>
          </ns3:TrackPointExtension>
        </extensions>
      </trkpt>
      <trkpt lat="39.949215687811374664306640625" lon="116.5737898461520671844482421875">
        <ele>25</ele>
        <time>2026-08-29T11:26:54.000Z</time>
        <extensions>
          <ns3:TrackPointExtension>
            <ns3:hr>94</ns3:hr>
          </ns3:TrackPointExtension>
        </extensions>
      </trkpt>
      <trkpt lat="39.94886725209653377532958984375" lon="116.5738356113433837890625">
        <ele>25</ele>
        <time>2026-08-29T11:27:04.000Z</time>
        <extensions>
          <ns3:TrackPointExtension>
            <ns3:hr>96</ns3:hr>
          </ns3:TrackPointExtension>
        </extensions>
      </trkpt>
      <trkpt lat="39.94867430068552494049072265625" lon="116.5738672949373722076416015625">
        <ele>25</ele>
        <time>2026-08-29T11:27:09.000Z</time>
        <extensions>
          <ns3:TrackPointExtension>
            <ns3:hr>100</ns3:hr>
          </ns3:TrackPointExtension>
        </extensions>
      </trkpt>
      <trkpt lat="39.94856684468686580657958984375" lon="116.5738810412585735321044921875">
        <ele>25</ele>
        <time>2026-08-29T11:27:12.000Z</time>
        <extensions>
          <ns3:TrackPointExtension>
            <ns3:hr>104</ns3:hr>
          </ns3:TrackPointExtension>
        </extensions>
      </trkpt>
      <trkpt lat="39.94841999374330043792724609375" lon="116.57389420084655284881591796875">
        <ele>24.799999237060546875</ele>
        <time>2026-08-29T11:27:16.000Z</time>
        <extensions>
          <ns3:TrackPointExtension>
            <ns3:hr>107</ns3:hr>
          </ns3:TrackPointExtension>
        </extensions>
      </trkpt>
      <trkpt lat="39.94826761074364185333251953125" lon="116.57390325330197811126708984375">
        <ele>24.799999237060546875</ele>
        <time>2026-08-29T11:27:20.000Z</time>
        <extensions>
          <ns3:TrackPointExtension>
            <ns3:hr>106</ns3:hr>
          </ns3:TrackPointExtension>
        </extensions>
      </trkpt>
      <trkpt lat="39.94799754582345485687255859375" lon="116.5739216096699237823486328125">
        <ele>24.799999237060546875</ele>
        <time>2026-08-29T11:27:27.000Z</time>
        <extensions>
          <ns3:TrackPointExtension>
            <ns3:hr>108</ns3:hr>
          </ns3:TrackPointExtension>
        </extensions>
      </trkpt>
      <trkpt lat="39.94772982783615589141845703125" lon="116.5739564783871173858642578125">
        <ele>24.799999237060546875</ele>
        <time>2026-08-29T11:27:34.000Z</time>
        <extensions>
          <ns3:TrackPointExtension>
            <ns3:hr>107</ns3:hr>
          </ns3:TrackPointExtension>
        </extensions>
      </trkpt>
      <trkpt lat="39.9474610202014446258544921875" lon="116.5739952027797698974609375">
        <ele>24.799999237060546875</ele>
        <time>2026-08-29T11:27:41.000Z</time>
        <extensions>
          <ns3:TrackPointExtension>
            <ns3:hr>104</ns3:hr>
          </ns3:TrackPointExtension>
        </extensions>
      </trkpt>
      <trkpt lat="39.947192966938018798828125" lon="116.5740107931196689605712890625">
        <ele>24.799999237060546875</ele>
        <time>2026-08-29T11:27:48.000Z</time>
        <extensions>
          <ns3:TrackPointExtension>
            <ns3:hr>104</ns3:hr>
          </ns3:TrackPointExtension>
        </extensions>
      </trkpt>
      <trkpt lat="39.94700697250664234161376953125" lon="116.57402076758444309234619140625">
        <ele>24.799999237060546875</ele>
        <time>2026-08-29T11:27:53.000Z</time>
        <extensions>
          <ns3:TrackPointExtension>
            <ns3:hr>101</ns3:hr>
          </ns3:TrackPointExtension>
        </extensions>
      </trkpt>
      <trkpt lat="39.94689348153769969940185546875" lon="116.574033088982105255126953125">
        <ele>24.799999237060546875</ele>
        <time>2026-08-29T11:27:56.000Z</time>
        <extensions>
          <ns3:TrackPointExtension>
            <ns3:hr>101</ns3:hr>
          </ns3:TrackPointExtension>
        </extensions>
      </trkpt>
      <trkpt lat="39.9466727860271930694580078125" lon="116.574051864445209503173828125">
        <ele>24.799999237060546875</ele>
        <time>2026-08-29T11:28:02.000Z</time>
        <extensions>
          <ns3:TrackPointExtension>
            <ns3:hr>102</ns3:hr>
          </ns3:TrackPointExtension>
        </extensions>
      </trkpt>
      <trkpt lat="39.94652903638780117034912109375" lon="116.5740676224231719970703125">
        <ele>24.799999237060546875</ele>
        <time>2026-08-29T11:28:06.000Z</time>
        <extensions>
          <ns3:TrackPointExtension>
            <ns3:hr>106</ns3:hr>
          </ns3:TrackPointExtension>
        </extensions>
      </trkpt>
      <trkpt lat="39.94638226926326751708984375" lon="116.57407189719378948211669921875">
        <ele>24.799999237060546875</ele>
        <time>2026-08-29T11:28:10.000Z</time>
        <extensions>
          <ns3:TrackPointExtension>
            <ns3:hr>105</ns3:hr>
          </ns3:TrackPointExtension>
        </extensions>
      </trkpt>
      <trkpt lat="39.9462771601974964141845703125" lon="116.5740634314715862274169921875">
        <ele>24.799999237060546875</ele>
        <time>2026-08-29T11:28:13.000Z</time>
        <extensions>
          <ns3:TrackPointExtension>
            <ns3:hr>102</ns3:hr>
          </ns3:TrackPointExtension>
        </extensions>
      </trkpt>
      <trkpt lat="39.94623935781419277191162109375" lon="116.5740573965013027191162109375">
        <ele>24.799999237060546875</ele>
        <time>2026-08-29T11:28:14.000Z</time>
        <extensions>
          <ns3:TrackPointExtension>
            <ns3:hr>102</ns3:hr>
          </ns3:TrackPointExtension>
        </extensions>
      </trkpt>
      <trkpt lat="39.94617464952170848846435546875" lon="116.5740408003330230712890625">
        <ele>24.799999237060546875</ele>
        <time>2026-08-29T11:28:16.000Z</time>
        <extensions>
          <ns3:TrackPointExtension>
            <ns3:hr>101</ns3:hr>
          </ns3:TrackPointExtension>
        </extensions>
      </trkpt>
      <trkpt lat="39.94600416161119937896728515625" lon="116.57400467433035373687744140625">
        <ele>25</ele>
        <time>2026-08-29T11:28:21.000Z</time>
        <extensions>
          <ns3:TrackPointExtension>
            <ns3:hr>100</ns3:hr>
          </ns3:TrackPointExtension>
        </extensions>
      </trkpt>
      <trkpt lat="39.945805259048938751220703125" lon="116.57394130714237689971923828125">
        <ele>24.799999237060546875</ele>
        <time>2026-08-29T11:28:27.000Z</time>
        <extensions>
          <ns3:TrackPointExtension>
            <ns3:hr>100</ns3:hr>
          </ns3:TrackPointExtension>
        </extensions>
      </trkpt>
      <trkpt lat="39.945541732013225555419921875" lon="116.5738917700946331024169921875">
        <ele>24.6000003814697265625</ele>
        <time>2026-08-29T11:28:34.000Z</time>
        <extensions>
          <ns3:TrackPointExtension>
            <ns3:hr>99</ns3:hr>
          </ns3:TrackPointExtension>
        </extensions>
      </trkpt>
      <trkpt lat="39.9453239701688289642333984375" lon="116.573843657970428466796875">
        <ele>24.6000003814697265625</ele>
        <time>2026-08-29T11:28:40.000Z</time>
        <extensions>
          <ns3:TrackPointExtension>
            <ns3:hr>98</ns3:hr>
          </ns3:TrackPointExtension>
        </extensions>
      </trkpt>
      <trkpt lat="39.94511450640857219696044921875" lon="116.5738102979958057403564453125">
        <ele>24.6000003814697265625</ele>
        <time>2026-08-29T11:28:46.000Z</time>
        <extensions>
          <ns3:TrackPointExtension>
            <ns3:hr>99</ns3:hr>
          </ns3:TrackPointExtension>
        </extensions>
      </trkpt>
      <trkpt lat="39.94497570209205150604248046875" lon="116.57385296188294887542724609375">
        <ele>24.6000003814697265625</ele>
        <time>2026-08-29T11:28:51.000Z</time>
        <extensions>
          <ns3:TrackPointExtension>
            <ns3:hr>100</ns3:hr>
          </ns3:TrackPointExtension>
        </extensions>
      </trkpt>
      <trkpt lat="39.94493010453879833221435546875" lon="116.57404482364654541015625">
        <ele>24.6000003814697265625</ele>
        <time>2026-08-29T11:28:56.000Z</time>
        <extensions>
          <ns3:TrackPointExtension>
            <ns3:hr>99</ns3:hr>
          </ns3:TrackPointExtension>
        </extensions>
      </trkpt>
      <trkpt lat="39.9449249915778636932373046875" lon="116.5744402818381786346435546875">
        <ele>24.3999996185302734375</ele>
        <time>2026-08-29T11:29:04.000Z</time>
        <extensions>
          <ns3:TrackPointExtension>
            <ns3:hr>99</ns3:hr>
          </ns3:TrackPointExtension>
        </extensions>
      </trkpt>
      <trkpt lat="39.94490646757185459136962890625" lon="116.57488502562046051025390625">
        <ele>24.200000762939453125</ele>
        <time>2026-08-29T11:29:13.000Z</time>
        <extensions>
          <ns3:TrackPointExtension>
            <ns3:hr>98</ns3:hr>
          </ns3:TrackPointExtension>
        </extensions>
      </trkpt>
      <trkpt lat="39.9448911286890506744384765625" lon="116.57536773942410945892333984375">
        <ele>24.3999996185302734375</ele>
        <time>2026-08-29T11:29:23.000Z</time>
        <extensions>
          <ns3:TrackPointExtension>
            <ns3:hr>97</ns3:hr>
          </ns3:TrackPointExtension>
        </extensions>
      </trkpt>
      <trkpt lat="39.94487528689205646514892578125" lon="116.5757605992257595062255859375">
        <ele>24.200000762939453125</ele>
        <time>2026-08-29T11:29:31.000Z</time>
        <extensions>
          <ns3:TrackPointExtension>
            <ns3:hr>98</ns3:hr>
          </ns3:TrackPointExtension>
        </extensions>
      </trkpt>
      <trkpt lat="39.9448609538376331329345703125" lon="116.57627918757498264312744140625">
        <ele>24.200000762939453125</ele>
        <time>2026-08-29T11:29:41.000Z</time>
        <extensions>
          <ns3:TrackPointExtension>
            <ns3:hr>99</ns3:hr>
          </ns3:TrackPointExtension>
        </extensions>
      </trkpt>
      <trkpt lat="39.944847710430622100830078125" lon="116.57681898213922977447509765625">
        <ele>24.200000762939453125</ele>
        <time>2026-08-29T11:29:52.000Z</time>
        <extensions>
          <ns3:TrackPointExtension>
            <ns3:hr>100</ns3:hr>
          </ns3:TrackPointExtension>
        </extensions>
      </trkpt>
      <trkpt lat="39.94484829716384410858154296875" lon="116.5771291963756084442138671875">
        <ele>24.200000762939453125</ele>
        <time>2026-08-29T11:29:59.000Z</time>
        <extensions>
          <ns3:TrackPointExtension>
            <ns3:hr>102</ns3:hr>
          </ns3:TrackPointExtension>
        </extensions>
      </trkpt>
      <trkpt lat="39.9448743648827075958251953125" lon="116.5774332918226718902587890625">
        <ele>24.200000762939453125</ele>
        <time>2026-08-29T11:30:06.000Z</time>
        <extensions>
          <ns3:TrackPointExtension>
            <ns3:hr>101</ns3:hr>
          </ns3:TrackPointExtension>
        </extensions>
      </trkpt>
      <trkpt lat="39.9450016021728515625" lon="116.5774584375321865081787109375">
        <ele>24</ele>
        <time>2026-08-29T11:30:10.000Z</time>
        <extensions>
          <ns3:TrackPointExtension>
            <ns3:hr>101</ns3:hr>
          </ns3:TrackPointExtension>
        </extensions>
      </trkpt>
      <trkpt lat="39.94516479782760143280029296875" lon="116.577450223267078399658203125">
        <ele>24</ele>
        <time>2026-08-29T11:30:14.000Z</time>
        <extensions>
          <ns3:TrackPointExtension>
            <ns3:hr>100</ns3:hr>
          </ns3:TrackPointExtension>
        </extensions>
      </trkpt>
      <trkpt lat="39.94528432376682758331298828125" lon="116.57743052579462528228759765625">
        <ele>24</ele>
        <time>2026-08-29T11:30:17.000Z</time>
        <extensions>
          <ns3:TrackPointExtension>
            <ns3:hr>101</ns3:hr>
          </ns3:TrackPointExtension>
        </extensions>
      </trkpt>
      <trkpt lat="39.94555405341088771820068359375" lon="116.57735425047576427459716796875">
        <ele>23.799999237060546875</ele>
        <time>2026-08-29T11:30:24.000Z</time>
        <extensions>
          <ns3:TrackPointExtension>
            <ns3:hr>100</ns3:hr>
          </ns3:TrackPointExtension>
        </extensions>
      </trkpt>
      <trkpt lat="39.94586401619017124176025390625" lon="116.5772257559001445770263671875">
        <ele>23.799999237060546875</ele>
        <time>2026-08-29T11:30:32.000Z</time>
        <extensions>
          <ns3:TrackPointExtension>
            <ns3:hr>100</ns3:hr>
          </ns3:TrackPointExtension>
        </extensions>
      </trkpt>
      <trkpt lat="39.94601547718048095703125" lon="116.57719130627810955047607421875">
        <ele>23.799999237060546875</ele>
        <time>2026-08-29T11:30:36.000Z</time>
        <extensions>
          <ns3:TrackPointExtension>
            <ns3:hr>97</ns3:hr>
          </ns3:TrackPointExtension>
        </extensions>
      </trkpt>
      <trkpt lat="39.94608714245259761810302734375" lon="116.57717026770114898681640625">
        <ele>23.799999237060546875</ele>
        <time>2026-08-29T11:30:38.000Z</time>
        <extensions>
          <ns3:TrackPointExtension>
            <ns3:hr>95</ns3:hr>
          </ns3:TrackPointExtension>
        </extensions>
      </trkpt>
      <trkpt lat="39.9462288804352283477783203125" lon="116.577146463096141815185546875">
        <ele>23.799999237060546875</ele>
        <time>2026-08-29T11:30:42.000Z</time>
        <extensions>
          <ns3:TrackPointExtension>
            <ns3:hr>91</ns3:hr>
          </ns3:TrackPointExtension>
        </extensions>
      </trkpt>
      <trkpt lat="39.9462650902569293975830078125" lon="116.57713799737393856048583984375">
        <ele>23.799999237060546875</ele>
        <time>2026-08-29T11:30:43.000Z</time>
        <extensions>
          <ns3:TrackPointExtension>
            <ns3:hr>88</ns3:hr>
          </ns3:TrackPointExtension>
        </extensions>
      </trkpt>
      <trkpt lat="39.94633558206260204315185546875" lon="116.577133052051067352294921875">
        <ele>23.799999237060546875</ele>
        <time>2026-08-29T11:30:45.000Z</time>
        <extensions>
          <ns3:TrackPointExtension>
            <ns3:hr>84</ns3:hr>
          </ns3:TrackPointExtension>
        </extensions>
      </trkpt>
      <trkpt lat="39.94644186459481716156005859375" lon="116.5771188028156757354736328125">
        <ele>23.799999237060546875</ele>
        <time>2026-08-29T11:30:48.000Z</time>
        <extensions>
          <ns3:TrackPointExtension>
            <ns3:hr>80</ns3:hr>
          </ns3:TrackPointExtension>
        </extensions>
      </trkpt>
      <trkpt lat="39.94651378132402896881103515625" lon="116.57711972482502460479736328125">
        <ele>23.799999237060546875</ele>
        <time>2026-08-29T11:30:50.000Z</time>
        <extensions>
          <ns3:TrackPointExtension>
            <ns3:hr>77</ns3:hr>
          </ns3:TrackPointExtension>
        </extensions>
      </trkpt>
      <trkpt lat="39.946550242602825164794921875" lon="116.5771194733679294586181640625">
        <ele>23.799999237060546875</ele>
        <time>2026-08-29T11:30:51.000Z</time>
        <extensions>
          <ns3:TrackPointExtension>
            <ns3:hr>76</ns3:hr>
          </ns3:TrackPointExtension>
        </extensions>
      </trkpt>
      <trkpt lat="39.94676741771399974822998046875" lon="116.5770768932998180389404296875">
        <ele>23.799999237060546875</ele>
        <time>2026-08-29T11:30:57.000Z</time>
        <extensions>
          <ns3:TrackPointExtension>
            <ns3:hr>75</ns3:hr>
          </ns3:TrackPointExtension>
        </extensions>
      </trkpt>
      <trkpt lat="39.94704251177608966827392578125" lon="116.57705334015190601348876953125">
        <ele>23.799999237060546875</ele>
        <time>2026-08-29T11:31:04.000Z</time>
        <extensions>
          <ns3:TrackPointExtension>
            <ns3:hr>76</ns3:hr>
          </ns3:TrackPointExtension>
        </extensions>
      </trkpt>
      <trkpt lat="39.94731894694268703460693359375" lon="116.57700665295124053955078125">
        <ele>23.799999237060546875</ele>
        <time>2026-08-29T11:31:11.000Z</time>
        <extensions>
          <ns3:TrackPointExtension>
            <ns3:hr>76</ns3:hr>
          </ns3:TrackPointExtension>
        </extensions>
      </trkpt>
      <trkpt lat="39.94751022197306156158447265625" lon="116.57700673677027225494384765625">
        <ele>23.799999237060546875</ele>
        <time>2026-08-29T11:31:16.000Z</time>
        <extensions>
          <ns3:TrackPointExtension>
            <ns3:hr>77</ns3:hr>
          </ns3:TrackPointExtension>
        </extensions>
      </trkpt>
      <trkpt lat="39.947708286345005035400390625" lon="116.5769746340811252593994140625">
        <ele>23.799999237060546875</ele>
        <time>2026-08-29T11:31:21.000Z</time>
        <extensions>
          <ns3:TrackPointExtension>
            <ns3:hr>76</ns3:hr>
          </ns3:TrackPointExtension>
        </extensions>
      </trkpt>
      <trkpt lat="39.947966448962688446044921875" lon="116.57692861743271350860595703125">
        <ele>23.799999237060546875</ele>
        <time>2026-08-29T11:31:28.000Z</time>
        <extensions>
          <ns3:TrackPointExtension>
            <ns3:hr>77</ns3:hr>
          </ns3:TrackPointExtension>
        </extensions>
      </trkpt>
      <trkpt lat="39.948174990713596343994140625" lon="116.57682954333722591400146484375">
        <ele>23.6000003814697265625</ele>
        <time>2026-08-29T11:31:34.000Z</time>
        <extensions>
          <ns3:TrackPointExtension>
            <ns3:hr>78</ns3:hr>
          </ns3:TrackPointExtension>
        </extensions>
      </trkpt>
      <trkpt lat="39.94830583222210407257080078125" lon="116.5766640007495880126953125">
        <ele>23.799999237060546875</ele>
        <time>2026-08-29T11:31:39.000Z</time>
        <extensions>
          <ns3:TrackPointExtension>
            <ns3:hr>79</ns3:hr>
          </ns3:TrackPointExtension>
        </extensions>
      </trkpt>
      <trkpt lat="39.94836584664881229400634765625" lon="116.576425619423389434814453125">
        <ele>24</ele>
        <time>2026-08-29T11:31:45.000Z</time>
        <extensions>
          <ns3:TrackPointExtension>
            <ns3:hr>79</ns3:hr>
          </ns3:TrackPointExtension>
        </extensions>
      </trkpt>
      <trkpt lat="39.9483867175877094268798828125" lon="116.5760605037212371826171875">
        <ele>23.799999237060546875</ele>
        <time>2026-08-29T11:31:53.000Z</time>
        <extensions>
          <ns3:TrackPointExtension>
            <ns3:hr>79</ns3:hr>
          </ns3:TrackPointExtension>
        </extensions>
      </trkpt>
      <trkpt lat="39.94845503009855747222900390625" lon="116.57580259256064891815185546875">
        <ele>24</ele>
        <time>2026-08-29T11:31:59.000Z</time>
        <extensions>
          <ns3:TrackPointExtension>
            <ns3:hr>80</ns3:hr>
          </ns3:TrackPointExtension>
        </extensions>
      </trkpt>
      <trkpt lat="39.94855242781341075897216796875" lon="116.57563042826950550079345703125">
        <ele>24</ele>
        <time>2026-08-29T11:32:04.000Z</time>
        <extensions>
          <ns3:TrackPointExtension>
            <ns3:hr>83</ns3:hr>
          </ns3:TrackPointExtension>
        </extensions>
      </trkpt>
      <trkpt lat="39.9485743045806884765625" lon="116.5755946375429630279541015625">
        <ele>24</ele>
        <time>2026-08-29T11:32:05.000Z</time>
        <extensions>
          <ns3:TrackPointExtension>
            <ns3:hr>84</ns3:hr>
          </ns3:TrackPointExtension>
        </extensions>
      </trkpt>
      <trkpt lat="39.94874454103410243988037109375" lon="116.57542792148888111114501953125">
        <ele>24</ele>
        <time>2026-08-29T11:32:11.000Z</time>
        <extensions>
          <ns3:TrackPointExtension>
            <ns3:hr>86</ns3:hr>
          </ns3:TrackPointExtension>
        </extensions>
      </trkpt>
      <trkpt lat="39.948841519653797149658203125" lon="116.57539062201976776123046875">
        <ele>24</ele>
        <time>2026-08-29T11:32:14.000Z</time>
        <extensions>
          <ns3:TrackPointExtension>
            <ns3:hr>90</ns3:hr>
          </ns3:TrackPointExtension>
        </extensions>
      </trkpt>
      <trkpt lat="39.9489734508097171783447265625" lon="116.575356423854827880859375">
        <ele>24</ele>
        <time>2026-08-29T11:32:18.000Z</time>
        <extensions>
          <ns3:TrackPointExtension>
            <ns3:hr>91</ns3:hr>
          </ns3:TrackPointExtension>
        </extensions>
      </trkpt>
      <trkpt lat="39.949166066944599151611328125" lon="116.57535969279706478118896484375">
        <ele>24</ele>
        <time>2026-08-29T11:32:24.000Z</time>
        <extensions>
          <ns3:TrackPointExtension>
            <ns3:hr>92</ns3:hr>
          </ns3:TrackPointExtension>
        </extensions>
      </trkpt>
      <trkpt lat="39.9493883550167083740234375" lon="116.5754615329205989837646484375">
        <ele>24</ele>
        <time>2026-08-29T11:32:31.000Z</time>
        <extensions>
          <ns3:TrackPointExtension>
            <ns3:hr>92</ns3:hr>
          </ns3:TrackPointExtension>
        </extensions>
      </trkpt>
      <trkpt lat="39.94954585097730159759521484375" lon="116.5754843316972255706787109375">
        <ele>24</ele>
        <time>2026-08-29T11:32:36.000Z</time>
        <extensions>
          <ns3:TrackPointExtension>
            <ns3:hr>93</ns3:hr>
          </ns3:TrackPointExtension>
        </extensions>
      </trkpt>
      <trkpt lat="39.9497764371335506439208984375" lon="116.57547050155699253082275390625">
        <ele>23.799999237060546875</ele>
        <time>2026-08-29T11:32:43.000Z</time>
        <extensions>
          <ns3:TrackPointExtension>
            <ns3:hr>92</ns3:hr>
          </ns3:TrackPointExtension>
        </extensions>
      </trkpt>
      <trkpt lat="39.95000551454722881317138671875" lon="116.5753673203289508819580078125">
        <ele>24</ele>
        <time>2026-08-29T11:32:50.000Z</time>
        <extensions>
          <ns3:TrackPointExtension>
            <ns3:hr>92</ns3:hr>
          </ns3:TrackPointExtension>
        </extensions>
      </trkpt>
      <trkpt lat="39.95014901272952556610107421875" lon="116.57526916824281215667724609375">
        <ele>23.799999237060546875</ele>
        <time>2026-08-29T11:32:56.000Z</time>
        <extensions>
          <ns3:TrackPointExtension>
            <ns3:hr>94</ns3:hr>
          </ns3:TrackPointExtension>
        </extensions>
      </trkpt>
      <trkpt lat="39.950320422649383544921875" lon="116.57515768893063068389892578125">
        <ele>23.799999237060546875</ele>
        <time>2026-08-29T11:33:02.000Z</time>
        <extensions>
          <ns3:TrackPointExtension>
            <ns3:hr>95</ns3:hr>
          </ns3:TrackPointExtension>
        </extensions>
      </trkpt>
      <trkpt lat="39.95045880787074565887451171875" lon="116.57509960234165191650390625">
        <ele>24</ele>
        <time>2026-08-29T11:33:07.000Z</time>
        <extensions>
          <ns3:TrackPointExtension>
            <ns3:hr>95</ns3:hr>
          </ns3:TrackPointExtension>
        </extensions>
      </trkpt>
      <trkpt lat="39.950653016567230224609375" lon="116.57508074305951595306396484375">
        <ele>23.799999237060546875</ele>
        <time>2026-08-29T11:33:13.000Z</time>
        <extensions>
          <ns3:TrackPointExtension>
            <ns3:hr>95</ns3:hr>
          </ns3:TrackPointExtension>
        </extensions>
      </trkpt>
      <trkpt lat="39.950802884995937347412109375" lon="116.57496146857738494873046875">
        <ele>23.799999237060546875</ele>
        <time>2026-08-29T11:33:18.000Z</time>
        <extensions>
          <ns3:TrackPointExtension>
            <ns3:hr>95</ns3:hr>
          </ns3:TrackPointExtension>
        </extensions>
      </trkpt>
      <trkpt lat="39.95095384307205677032470703125" lon="116.5748885460197925567626953125">
        <ele>23.799999237060546875</ele>
        <time>2026-08-29T11:33:23.000Z</time>
        <extensions>
          <ns3:TrackPointExtension>
            <ns3:hr>95</ns3:hr>
          </ns3:TrackPointExtension>
        </extensions>
      </trkpt>
      <trkpt lat="39.9511148594319820404052734375" lon="116.5747323073446750640869140625">
        <ele>23.799999237060546875</ele>
        <time>2026-08-29T11:33:29.000Z</time>
        <extensions>
          <ns3:TrackPointExtension>
            <ns3:hr>95</ns3:hr>
          </ns3:TrackPointExtension>
        </extensions>
      </trkpt>
      <trkpt lat="39.95119147002696990966796875" lon="116.5747044794261455535888671875">
        <ele>23.6000003814697265625</ele>
        <time>2026-08-29T11:33:31.000Z</time>
        <extensions>
          <ns3:TrackPointExtension>
            <ns3:hr>95</ns3:hr>
          </ns3:TrackPointExtension>
        </extensions>
      </trkpt>
      <trkpt lat="39.9513079784810543060302734375" lon="116.574689559638500213623046875">
        <ele>23.6000003814697265625</ele>
        <time>2026-08-29T11:33:34.000Z</time>
        <extensions>
          <ns3:TrackPointExtension>
            <ns3:hr>93</ns3:hr>
          </ns3:TrackPointExtension>
        </extensions>
      </trkpt>
      <trkpt lat="39.95139255188405513763427734375" lon="116.57467103563249111175537109375">
        <ele>23.6000003814697265625</ele>
        <time>2026-08-29T11:33:36.000Z</time>
        <extensions>
          <ns3:TrackPointExtension>
            <ns3:hr>92</ns3:hr>
          </ns3:TrackPointExtension>
        </extensions>
      </trkpt>
      <trkpt lat="39.951473437249660491943359375" lon="116.5746605582535266876220703125">
        <ele>23.6000003814697265625</ele>
        <time>2026-08-29T11:33:38.000Z</time>
        <extensions>
          <ns3:TrackPointExtension>
            <ns3:hr>92</ns3:hr>
          </ns3:TrackPointExtension>
        </extensions>
      </trkpt>
      <trkpt lat="39.95167485438287258148193359375" lon="116.57464656047523021697998046875">
        <ele>23.3999996185302734375</ele>
        <time>2026-08-29T11:33:43.000Z</time>
        <extensions>
          <ns3:TrackPointExtension>
            <ns3:hr>92</ns3:hr>
          </ns3:TrackPointExtension>
        </extensions>
      </trkpt>
      <trkpt lat="39.95188121683895587921142578125" lon="116.57462560571730136871337890625">
        <ele>23.3999996185302734375</ele>
        <time>2026-08-29T11:33:48.000Z</time>
        <extensions>
          <ns3:TrackPointExtension>
            <ns3:hr>91</ns3:hr>
          </ns3:TrackPointExtension>
        </extensions>
      </trkpt>
      <trkpt lat="39.95192530564963817596435546875" lon="116.57462107948958873748779296875">
        <ele>23.3999996185302734375</ele>
        <time>2026-08-29T11:33:49.000Z</time>
        <extensions>
          <ns3:TrackPointExtension>
            <ns3:hr>91</ns3:hr>
          </ns3:TrackPointExtension>
        </extensions>
      </trkpt>
      <trkpt lat="39.95214675553143024444580078125" lon="116.574621163308620452880859375">
        <ele>23.3999996185302734375</ele>
        <time>2026-08-29T11:33:55.000Z</time>
        <extensions>
          <ns3:TrackPointExtension>
            <ns3:hr>90</ns3:hr>
          </ns3:TrackPointExtension>
        </extensions>
      </trkpt>
      <trkpt lat="39.9523919261991977691650390625" lon="116.57458587549626827239990234375">
        <ele>23.3999996185302734375</ele>
        <time>2026-08-29T11:34:02.000Z</time>
        <extensions>
          <ns3:TrackPointExtension>
            <ns3:hr>91</ns3:hr>
          </ns3:TrackPointExtension>
        </extensions>
      </trkpt>
      <trkpt lat="39.95247649960219860076904296875" lon="116.574601717293262481689453125">
        <ele>23.3999996185302734375</ele>
        <time>2026-08-29T11:34:05.000Z</time>
        <extensions>
          <ns3:TrackPointExtension>
            <ns3:hr>93</ns3:hr>
          </ns3:TrackPointExtension>
        </extensions>
      </trkpt>
      <trkpt lat="39.9524982087314128875732421875" lon="116.5746255218982696533203125">
        <ele>23.3999996185302734375</ele>
        <time>2026-08-29T11:34:06.000Z</time>
        <extensions>
          <ns3:TrackPointExtension>
            <ns3:hr>93</ns3:hr>
          </ns3:TrackPointExtension>
        </extensions>
      </trkpt>
      <trkpt lat="39.952556379139423370361328125" lon="116.57481017522513866424560546875">
        <ele>23.200000762939453125</ele>
        <time>2026-08-29T11:34:11.000Z</time>
        <extensions>
          <ns3:TrackPointExtension>
            <ns3:hr>92</ns3:hr>
          </ns3:TrackPointExtension>
        </extensions>
      </trkpt>
      <trkpt lat="39.95259216986596584320068359375" lon="116.5751353092491626739501953125">
        <ele>23.200000762939453125</ele>
        <time>2026-08-29T11:34:18.000Z</time>
        <extensions>
          <ns3:TrackPointExtension>
            <ns3:hr>89</ns3:hr>
          </ns3:TrackPointExtension>
        </extensions>
      </trkpt>
      <trkpt lat="39.9525967799127101898193359375" lon="116.575238406658172607421875">
        <ele>23.200000762939453125</ele>
        <time>2026-08-29T11:34:20.000Z</time>
        <extensions>
          <ns3:TrackPointExtension>
            <ns3:hr>86</ns3:hr>
          </ns3:TrackPointExtension>
        </extensions>
      </trkpt>
      <trkpt lat="39.95259719900786876678466796875" lon="116.575286351144313812255859375">
        <ele>23.200000762939453125</ele>
        <time>2026-08-29T11:34:21.000Z</time>
        <extensions>
          <ns3:TrackPointExtension>
            <ns3:hr>82</ns3:hr>
          </ns3:TrackPointExtension>
        </extensions>
      </trkpt>
      <trkpt lat="39.95262108743190765380859375" lon="116.57557494007050991058349609375">
        <ele>23.200000762939453125</ele>
        <time>2026-08-29T11:34:27.000Z</time>
        <extensions>
          <ns3:TrackPointExtension>
            <ns3:hr>80</ns3:hr>
          </ns3:TrackPointExtension>
        </extensions>
      </trkpt>
      <trkpt lat="39.9526477418839931488037109375" lon="116.57575196586549282073974609375">
        <ele>23</ele>
        <time>2026-08-29T11:34:31.000Z</time>
        <extensions>
          <ns3:TrackPointExtension>
            <ns3:hr>81</ns3:hr>
          </ns3:TrackPointExtension>
        </extensions>
      </trkpt>
      <trkpt lat="39.95267397724092006683349609375" lon="116.5757797099649906158447265625">
        <ele>22.799999237060546875</ele>
        <time>2026-08-29T11:34:32.000Z</time>
        <extensions>
          <ns3:TrackPointExtension>
            <ns3:hr>82</ns3:hr>
          </ns3:TrackPointExtension>
        </extensions>
      </trkpt>
      <trkpt lat="39.95270599611103534698486328125" lon="116.57579689286649227142333984375">
        <ele>22.799999237060546875</ele>
        <time>2026-08-29T11:34:33.000Z</time>
        <extensions>
          <ns3:TrackPointExtension>
            <ns3:hr>83</ns3:hr>
          </ns3:TrackPointExtension>
        </extensions>
      </trkpt>
      <trkpt lat="39.95285586453974246978759765625" lon="116.57577040605247020721435546875">
        <ele>22.200000762939453125</ele>
        <time>2026-08-29T11:34:37.000Z</time>
        <extensions>
          <ns3:TrackPointExtension>
            <ns3:hr>83</ns3:hr>
          </ns3:TrackPointExtension>
        </extensions>
      </trkpt>
      <trkpt lat="39.952988885343074798583984375" lon="116.57567300833761692047119140625">
        <ele>21.799999237060546875</ele>
        <time>2026-08-29T11:34:41.000Z</time>
        <extensions>
          <ns3:TrackPointExtension>
            <ns3:hr>83</ns3:hr>
          </ns3:TrackPointExtension>
        </extensions>
      </trkpt>
      <trkpt lat="39.953059963881969451904296875" lon="116.5756445936858654022216796875">
        <ele>21.799999237060546875</ele>
        <time>2026-08-29T11:34:43.000Z</time>
        <extensions>
          <ns3:TrackPointExtension>
            <ns3:hr>87</ns3:hr>
          </ns3:TrackPointExtension>
        </extensions>
      </trkpt>
      <trkpt lat="39.9530929885804653167724609375" lon="116.5756318531930446624755859375">
        <ele>21.799999237060546875</ele>
        <time>2026-08-29T11:34:44.000Z</time>
        <extensions>
          <ns3:TrackPointExtension>
            <ns3:hr>90</ns3:hr>
          </ns3:TrackPointExtension>
        </extensions>
      </trkpt>
      <trkpt lat="39.95312743820250034332275390625" lon="116.5756206214427947998046875">
        <ele>21.6000003814697265625</ele>
        <time>2026-08-29T11:34:45.000Z</time>
        <extensions>
          <ns3:TrackPointExtension>
            <ns3:hr>90</ns3:hr>
          </ns3:TrackPointExtension>
        </extensions>
      </trkpt>
      <trkpt lat="39.95330094359815120697021484375" lon="116.575596816837787628173828125">
        <ele>21.6000003814697265625</ele>
        <time>2026-08-29T11:34:50.000Z</time>
        <extensions>
          <ns3:TrackPointExtension>
            <ns3:hr>88</ns3:hr>
          </ns3:TrackPointExtension>
        </extensions>
      </trkpt>
      <trkpt lat="39.95349724777042865753173828125" lon="116.57560360617935657501220703125">
        <ele>21.3999996185302734375</ele>
        <time>2026-08-29T11:34:55.000Z</time>
        <extensions>
          <ns3:TrackPointExtension>
            <ns3:hr>87</ns3:hr>
          </ns3:TrackPointExtension>
        </extensions>
      </trkpt>
      <trkpt lat="39.953538067638874053955078125" lon="116.5756097249686717987060546875">
        <ele>21.3999996185302734375</ele>
        <time>2026-08-29T11:34:56.000Z</time>
        <extensions>
          <ns3:TrackPointExtension>
            <ns3:hr>87</ns3:hr>
          </ns3:TrackPointExtension>
        </extensions>
      </trkpt>
      <trkpt lat="39.95377242565155029296875" lon="116.57568993978202342987060546875">
        <ele>21.200000762939453125</ele>
        <time>2026-08-29T11:35:02.000Z</time>
        <extensions>
          <ns3:TrackPointExtension>
            <ns3:hr>87</ns3:hr>
          </ns3:TrackPointExtension>
        </extensions>
      </trkpt>
      <trkpt lat="39.95401524938642978668212890625" lon="116.57577325589954853057861328125">
        <ele>21</ele>
        <time>2026-08-29T11:35:08.000Z</time>
        <extensions>
          <ns3:TrackPointExtension>
            <ns3:hr>87</ns3:hr>
          </ns3:TrackPointExtension>
        </extensions>
      </trkpt>
      <trkpt lat="39.9540607631206512451171875" lon="116.575777530670166015625">
        <ele>21</ele>
        <time>2026-08-29T11:35:09.000Z</time>
        <extensions>
          <ns3:TrackPointExtension>
            <ns3:hr>86</ns3:hr>
          </ns3:TrackPointExtension>
        </extensions>
      </trkpt>
      <trkpt lat="39.954150281846523284912109375" lon="116.57578230835497379302978515625">
        <ele>21</ele>
        <time>2026-08-29T11:35:11.000Z</time>
        <extensions>
          <ns3:TrackPointExtension>
            <ns3:hr>87</ns3:hr>
          </ns3:TrackPointExtension>
        </extensions>
      </trkpt>
      <trkpt lat="39.9542324244976043701171875" lon="116.57577442936599254608154296875">
        <ele>20.799999237060546875</ele>
        <time>2026-08-29T11:35:13.000Z</time>
        <extensions>
          <ns3:TrackPointExtension>
            <ns3:hr>88</ns3:hr>
          </ns3:TrackPointExtension>
        </extensions>
      </trkpt>
      <trkpt lat="39.95431490242481231689453125" lon="116.575756072998046875">
        <ele>20.799999237060546875</ele>
        <time>2026-08-29T11:35:15.000Z</time>
        <extensions>
          <ns3:TrackPointExtension>
            <ns3:hr>89</ns3:hr>
          </ns3:TrackPointExtension>
        </extensions>
      </trkpt>
      <trkpt lat="39.95453895069658756256103515625" lon="116.57566110603511333465576171875">
        <ele>21</ele>
        <time>2026-08-29T11:35:21.000Z</time>
        <extensions>
          <ns3:TrackPointExtension>
            <ns3:hr>89</ns3:hr>
          </ns3:TrackPointExtension>
        </extensions>
      </trkpt>
      <trkpt lat="39.954751431941986083984375" lon="116.5754883550107479095458984375">
        <ele>21</ele>
        <time>2026-08-29T11:35:28.000Z</time>
        <extensions>
          <ns3:TrackPointExtension>
            <ns3:hr>88</ns3:hr>
          </ns3:TrackPointExtension>
        </extensions>
      </trkpt>
      <trkpt lat="39.95485804975032806396484375" lon="116.57535617239773273468017578125">
        <ele>21.200000762939453125</ele>
        <time>2026-08-29T11:35:32.000Z</time>
        <extensions>
          <ns3:TrackPointExtension>
            <ns3:hr>91</ns3:hr>
          </ns3:TrackPointExtension>
        </extensions>
      </trkpt>
      <trkpt lat="39.954881183803081512451171875" lon="116.57531660981476306915283203125">
        <ele>21</ele>
        <time>2026-08-29T11:35:33.000Z</time>
        <extensions>
          <ns3:TrackPointExtension>
            <ns3:hr>92</ns3:hr>
          </ns3:TrackPointExtension>
        </extensions>
      </trkpt>
      <trkpt lat="39.95497883297502994537353515625" lon="116.57501067034900188446044921875">
        <ele>21.200000762939453125</ele>
        <time>2026-08-29T11:35:40.000Z</time>
        <extensions>
          <ns3:TrackPointExtension>
            <ns3:hr>93</ns3:hr>
          </ns3:TrackPointExtension>
        </extensions>
      </trkpt>
      <trkpt lat="39.9549849517643451690673828125" lon="116.57468075864017009735107421875">
        <ele>21.3999996185302734375</ele>
        <time>2026-08-29T11:35:47.000Z</time>
        <extensions>
          <ns3:TrackPointExtension>
            <ns3:hr>93</ns3:hr>
          </ns3:TrackPointExtension>
        </extensions>
      </trkpt>
      <trkpt lat="39.95492049492895603179931640625" lon="116.57448881305754184722900390625">
        <ele>21.6000003814697265625</ele>
        <time>2026-08-29T11:35:52.000Z</time>
        <extensions>
          <ns3:TrackPointExtension>
            <ns3:hr>92</ns3:hr>
          </ns3:TrackPointExtension>
        </extensions>
      </trkpt>
      <trkpt lat="39.9547700397670269012451171875" lon="116.57420952804386615753173828125">
        <ele>21</ele>
        <time>2026-08-29T11:35:59.000Z</time>
        <extensions>
          <ns3:TrackPointExtension>
            <ns3:hr>93</ns3:hr>
          </ns3:TrackPointExtension>
        </extensions>
      </trkpt>
      <trkpt lat="39.9546701274812221527099609375" lon="116.57407726161181926727294921875">
        <ele>21</ele>
        <time>2026-08-29T11:36:03.000Z</time>
        <extensions>
          <ns3:TrackPointExtension>
            <ns3:hr>96</ns3:hr>
          </ns3:TrackPointExtension>
        </extensions>
      </trkpt>
      <trkpt lat="39.9545913375914096832275390625" lon="116.57399511896073818206787109375">
        <ele>21</ele>
        <time>2026-08-29T11:36:06.000Z</time>
        <extensions>
          <ns3:TrackPointExtension>
            <ns3:hr>99</ns3:hr>
          </ns3:TrackPointExtension>
        </extensions>
      </trkpt>
      <trkpt lat="39.9545333348214626312255859375" lon="116.57393342815339565277099609375">
        <ele>21.200000762939453125</ele>
        <time>2026-08-29T11:36:08.000Z</time>
        <extensions>
          <ns3:TrackPointExtension>
            <ns3:hr>99</ns3:hr>
          </ns3:TrackPointExtension>
        </extensions>
      </trkpt>
      <trkpt lat="39.9544309079647064208984375" lon="116.57375589944422245025634765625">
        <ele>21.200000762939453125</ele>
        <time>2026-08-29T11:36:13.000Z</time>
        <extensions>
          <ns3:TrackPointExtension>
            <ns3:hr>100</ns3:hr>
          </ns3:TrackPointExtension>
        </extensions>
      </trkpt>
      <trkpt lat="39.95442227460443973541259765625" lon="116.5735142491757869720458984375">
        <ele>21.200000762939453125</ele>
        <time>2026-08-29T11:36:18.000Z</time>
        <extensions>
          <ns3:TrackPointExtension>
            <ns3:hr>99</ns3:hr>
          </ns3:TrackPointExtension>
        </extensions>
      </trkpt>
      <trkpt lat="39.95442898012697696685791015625" lon="116.57340419478714466094970703125">
        <ele>21</ele>
        <time>2026-08-29T11:36:20.000Z</time>
        <extensions>
          <ns3:TrackPointExtension>
            <ns3:hr>94</ns3:hr>
          </ns3:TrackPointExtension>
        </extensions>
      </trkpt>
      <trkpt lat="39.95443736203014850616455078125" lon="116.57328248955309391021728515625">
        <ele>21</ele>
        <time>2026-08-29T11:36:22.000Z</time>
        <extensions>
          <ns3:TrackPointExtension>
            <ns3:hr>91</ns3:hr>
          </ns3:TrackPointExtension>
        </extensions>
      </trkpt>
      <trkpt lat="39.95447809807956218719482421875" lon="116.57310043461620807647705078125">
        <ele>21.200000762939453125</ele>
        <time>2026-08-29T11:36:25.000Z</time>
        <extensions>
          <ns3:TrackPointExtension>
            <ns3:hr>90</ns3:hr>
          </ns3:TrackPointExtension>
        </extensions>
      </trkpt>
      <trkpt lat="39.95450525544583797454833984375" lon="116.57299063168466091156005859375">
        <ele>21.200000762939453125</ele>
        <time>2026-08-29T11:36:27.000Z</time>
        <extensions>
          <ns3:TrackPointExtension>
            <ns3:hr>89</ns3:hr>
          </ns3:TrackPointExtension>
        </extensions>
      </trkpt>
      <trkpt lat="39.95455621741712093353271484375" lon="116.57276515848934650421142578125">
        <ele>21</ele>
        <time>2026-08-29T11:36:31.000Z</time>
        <extensions>
          <ns3:TrackPointExtension>
            <ns3:hr>90</ns3:hr>
          </ns3:TrackPointExtension>
        </extensions>
      </trkpt>
      <trkpt lat="39.95457231067121028900146484375" lon="116.5724574588239192962646484375">
        <ele>21.3999996185302734375</ele>
        <time>2026-08-29T11:36:37.000Z</time>
        <extensions>
          <ns3:TrackPointExtension>
            <ns3:hr>92</ns3:hr>
          </ns3:TrackPointExtension>
        </extensions>
      </trkpt>
      <trkpt lat="39.95450072921812534332275390625" lon="116.57213668338954448699951171875">
        <ele>21.3999996185302734375</ele>
        <time>2026-08-29T11:36:43.000Z</time>
        <extensions>
          <ns3:TrackPointExtension>
            <ns3:hr>94</ns3:hr>
          </ns3:TrackPointExtension>
        </extensions>
      </trkpt>
      <trkpt lat="39.95445529930293560028076171875" lon="116.5719941072165966033935546875">
        <ele>21.3999996185302734375</ele>
        <time>2026-08-29T11:36:46.000Z</time>
        <extensions>
          <ns3:TrackPointExtension>
            <ns3:hr>97</ns3:hr>
          </ns3:TrackPointExtension>
        </extensions>
      </trkpt>
      <trkpt lat="39.95439394377171993255615234375" lon="116.57180157490074634552001953125">
        <ele>21.3999996185302734375</ele>
        <time>2026-08-29T11:36:50.000Z</time>
        <extensions>
          <ns3:TrackPointExtension>
            <ns3:hr>97</ns3:hr>
          </ns3:TrackPointExtension>
        </extensions>
      </trkpt>
      <trkpt lat="39.95432160794734954833984375" lon="116.5714712440967559814453125">
        <ele>21.6000003814697265625</ele>
        <time>2026-08-29T11:36:57.000Z</time>
        <extensions>
          <ns3:TrackPointExtension>
            <ns3:hr>97</ns3:hr>
          </ns3:TrackPointExtension>
        </extensions>
      </trkpt>
      <trkpt lat="39.95430274866521358489990234375" lon="116.57138884998857975006103515625">
        <ele>21.6000003814697265625</ele>
        <time>2026-08-29T11:36:59.000Z</time>
        <extensions>
          <ns3:TrackPointExtension>
            <ns3:hr>101</ns3:hr>
          </ns3:TrackPointExtension>
        </extensions>
      </trkpt>
      <trkpt lat="39.95427408255636692047119140625" lon="116.571209393441677093505859375">
        <ele>21.799999237060546875</ele>
        <time>2026-08-29T11:37:03.000Z</time>
        <extensions>
          <ns3:TrackPointExtension>
            <ns3:hr>102</ns3:hr>
          </ns3:TrackPointExtension>
        </extensions>
      </trkpt>
      <trkpt lat="39.9542704783380031585693359375" lon="116.57097168266773223876953125">
        <ele>21.799999237060546875</ele>
        <time>2026-08-29T11:37:08.000Z</time>
        <extensions>
          <ns3:TrackPointExtension>
            <ns3:hr>103</ns3:hr>
          </ns3:TrackPointExtension>
        </extensions>
      </trkpt>
      <trkpt lat="39.95427156798541545867919921875" lon="116.5709329582750797271728515625">
        <ele>22</ele>
        <time>2026-08-29T11:37:09.000Z</time>
        <extensions>
          <ns3:TrackPointExtension>
            <ns3:hr>103</ns3:hr>
          </ns3:TrackPointExtension>
        </extensions>
      </trkpt>
      <trkpt lat="39.9542855657637119293212890625" lon="116.57065358944237232208251953125">
        <ele>22.6000003814697265625</ele>
        <time>2026-08-29T11:37:16.000Z</time>
        <extensions>
          <ns3:TrackPointExtension>
            <ns3:hr>104</ns3:hr>
          </ns3:TrackPointExtension>
        </extensions>
      </trkpt>
      <trkpt lat="39.95432160794734954833984375" lon="116.5704250149428844451904296875">
        <ele>22.799999237060546875</ele>
        <time>2026-08-29T11:37:22.000Z</time>
        <extensions>
          <ns3:TrackPointExtension>
            <ns3:hr>104</ns3:hr>
          </ns3:TrackPointExtension>
        </extensions>
      </trkpt>
      <trkpt lat="39.95437927544116973876953125" lon="116.57029517926275730133056640625">
        <ele>23</ele>
        <time>2026-08-29T11:37:26.000Z</time>
        <extensions>
          <ns3:TrackPointExtension>
            <ns3:hr>102</ns3:hr>
          </ns3:TrackPointExtension>
        </extensions>
      </trkpt>
      <trkpt lat="39.95441305451095104217529296875" lon="116.57023550011217594146728515625">
        <ele>23</ele>
        <time>2026-08-29T11:37:28.000Z</time>
        <extensions>
          <ns3:TrackPointExtension>
            <ns3:hr>100</ns3:hr>
          </ns3:TrackPointExtension>
        </extensions>
      </trkpt>
      <trkpt lat="39.9544421397149562835693359375" lon="116.57015888951718807220458984375">
        <ele>23</ele>
        <time>2026-08-29T11:37:30.000Z</time>
        <extensions>
          <ns3:TrackPointExtension>
            <ns3:hr>97</ns3:hr>
          </ns3:TrackPointExtension>
        </extensions>
      </trkpt>
      <trkpt lat="39.9545018188655376434326171875" lon="116.5700374357402324676513671875">
        <ele>22.799999237060546875</ele>
        <time>2026-08-29T11:37:33.000Z</time>
        <extensions>
          <ns3:TrackPointExtension>
            <ns3:hr>93</ns3:hr>
          </ns3:TrackPointExtension>
        </extensions>
      </trkpt>
      <trkpt lat="39.95464690960943698883056640625" lon="116.56991011463105678558349609375">
        <ele>22.799999237060546875</ele>
        <time>2026-08-29T11:37:38.000Z</time>
        <extensions>
          <ns3:TrackPointExtension>
            <ns3:hr>93</ns3:hr>
          </ns3:TrackPointExtension>
        </extensions>
      </trkpt>
      <trkpt lat="39.9548568762838840484619140625" lon="116.56978522427380084991455078125">
        <ele>23</ele>
        <time>2026-08-29T11:37:45.000Z</time>
        <extensions>
          <ns3:TrackPointExtension>
            <ns3:hr>93</ns3:hr>
          </ns3:TrackPointExtension>
        </extensions>
      </trkpt>
      <trkpt lat="39.9550365842878818511962890625" lon="116.56974784098565578460693359375">
        <ele>22.799999237060546875</ele>
        <time>2026-08-29T11:37:50.000Z</time>
        <extensions>
          <ns3:TrackPointExtension>
            <ns3:hr>90</ns3:hr>
          </ns3:TrackPointExtension>
        </extensions>
      </trkpt>
      <trkpt lat="39.95507002808153629302978515625" lon="116.56973409466445446014404296875">
        <ele>22.799999237060546875</ele>
        <time>2026-08-29T11:37:51.000Z</time>
        <extensions>
          <ns3:TrackPointExtension>
            <ns3:hr>89</ns3:hr>
          </ns3:TrackPointExtension>
        </extensions>
      </trkpt>
      <trkpt lat="39.955259375274181365966796875" lon="116.5696672908961772918701171875">
        <ele>22.799999237060546875</ele>
        <time>2026-08-29T11:37:56.000Z</time>
        <extensions>
          <ns3:TrackPointExtension>
            <ns3:hr>87</ns3:hr>
          </ns3:TrackPointExtension>
        </extensions>
      </trkpt>
      <trkpt lat="39.95544134639203548431396484375" lon="116.56950174830853939056396484375">
        <ele>23</ele>
        <time>2026-08-29T11:38:02.000Z</time>
        <extensions>
          <ns3:TrackPointExtension>
            <ns3:hr>88</ns3:hr>
          </ns3:TrackPointExtension>
        </extensions>
      </trkpt>
      <trkpt lat="39.9555542506277561187744140625" lon="116.56934492290019989013671875">
        <ele>23</ele>
        <time>2026-08-29T11:38:07.000Z</time>
        <extensions>
          <ns3:TrackPointExtension>
            <ns3:hr>87</ns3:hr>
          </ns3:TrackPointExtension>
        </extensions>
      </trkpt>
      <trkpt lat="39.9556124210357666015625" lon="116.56913143582642078399658203125">
        <ele>23</ele>
        <time>2026-08-29T11:38:12.000Z</time>
        <extensions>
          <ns3:TrackPointExtension>
            <ns3:hr>88</ns3:hr>
          </ns3:TrackPointExtension>
        </extensions>
      </trkpt>
      <trkpt lat="39.9555958248674869537353515625" lon="116.56882717274129390716552734375">
        <ele>23.200000762939453125</ele>
        <time>2026-08-29T11:38:18.000Z</time>
        <extensions>
          <ns3:TrackPointExtension>
            <ns3:hr>86</ns3:hr>
          </ns3:TrackPointExtension>
        </extensions>
      </trkpt>
      <trkpt lat="39.95552801527082920074462890625" lon="116.56857890076935291290283203125">
        <ele>23</ele>
        <time>2026-08-29T11:38:23.000Z</time>
        <extensions>
          <ns3:TrackPointExtension>
            <ns3:hr>86</ns3:hr>
          </ns3:TrackPointExtension>
        </extensions>
      </trkpt>
      <trkpt lat="39.955432377755641937255859375" lon="116.56841863878071308135986328125">
        <ele>23</ele>
        <time>2026-08-29T11:38:27.000Z</time>
        <extensions>
          <ns3:TrackPointExtension>
            <ns3:hr>89</ns3:hr>
          </ns3:TrackPointExtension>
        </extensions>
      </trkpt>
      <trkpt lat="39.9553949944674968719482421875" lon="116.5683452971279621124267578125">
        <ele>23.200000762939453125</ele>
        <time>2026-08-29T11:38:29.000Z</time>
        <extensions>
          <ns3:TrackPointExtension>
            <ns3:hr>93</ns3:hr>
          </ns3:TrackPointExtension>
        </extensions>
      </trkpt>
      <trkpt lat="39.955370686948299407958984375" lon="116.56815041787922382354736328125">
        <ele>23.3999996185302734375</ele>
        <time>2026-08-29T11:38:34.000Z</time>
        <extensions>
          <ns3:TrackPointExtension>
            <ns3:hr>94</ns3:hr>
          </ns3:TrackPointExtension>
        </extensions>
      </trkpt>
      <trkpt lat="39.95535065419971942901611328125" lon="116.56796626746654510498046875">
        <ele>23.3999996185302734375</ele>
        <time>2026-08-29T11:38:38.000Z</time>
        <extensions>
          <ns3:TrackPointExtension>
            <ns3:hr>97</ns3:hr>
          </ns3:TrackPointExtension>
        </extensions>
      </trkpt>
      <trkpt lat="39.9553410150110721588134765625" lon="116.56786568462848663330078125">
        <ele>23.3999996185302734375</ele>
        <time>2026-08-29T11:38:40.000Z</time>
        <extensions>
          <ns3:TrackPointExtension>
            <ns3:hr>97</ns3:hr>
          </ns3:TrackPointExtension>
        </extensions>
      </trkpt>
      <trkpt lat="39.9553058110177516937255859375" lon="116.56757877208292484283447265625">
        <ele>23.200000762939453125</ele>
        <time>2026-08-29T11:38:46.000Z</time>
        <extensions>
          <ns3:TrackPointExtension>
            <ns3:hr>103</ns3:hr>
          </ns3:TrackPointExtension>
        </extensions>
      </trkpt>
      <trkpt lat="39.955272786319255828857421875" lon="116.56749914400279521942138671875">
        <ele>23.3999996185302734375</ele>
        <time>2026-08-29T11:38:48.000Z</time>
        <extensions>
          <ns3:TrackPointExtension>
            <ns3:hr>106</ns3:hr>
          </ns3:TrackPointExtension>
        </extensions>
      </trkpt>
      <trkpt lat="39.95517857372760772705078125" lon="116.567358076572418212890625">
        <ele>23.3999996185302734375</ele>
        <time>2026-08-29T11:38:52.000Z</time>
        <extensions>
          <ns3:TrackPointExtension>
            <ns3:hr>107</ns3:hr>
          </ns3:TrackPointExtension>
        </extensions>
      </trkpt>
      <trkpt lat="39.95499542914330959320068359375" lon="116.56723109073936939239501953125">
        <ele>23.3999996185302734375</ele>
        <time>2026-08-29T11:38:58.000Z</time>
        <extensions>
          <ns3:TrackPointExtension>
            <ns3:hr>106</ns3:hr>
          </ns3:TrackPointExtension>
        </extensions>
      </trkpt>
      <trkpt lat="39.954872466623783111572265625" lon="116.5670739300549030303955078125">
        <ele>23.3999996185302734375</ele>
        <time>2026-08-29T11:39:03.000Z</time>
        <extensions>
          <ns3:TrackPointExtension>
            <ns3:hr>104</ns3:hr>
          </ns3:TrackPointExtension>
        </extensions>
      </trkpt>
      <trkpt lat="39.9548706226050853729248046875" lon="116.56691710464656352996826171875">
        <ele>23.3999996185302734375</ele>
        <time>2026-08-29T11:39:07.000Z</time>
        <extensions>
          <ns3:TrackPointExtension>
            <ns3:hr>103</ns3:hr>
          </ns3:TrackPointExtension>
        </extensions>
      </trkpt>
      <trkpt lat="39.95495486073195934295654296875" lon="116.56684854067862033843994140625">
        <ele>23.6000003814697265625</ele>
        <time>2026-08-29T11:39:11.000Z</time>
        <extensions>
          <ns3:TrackPointExtension>
            <ns3:hr>100</ns3:hr>
          </ns3:TrackPointExtension>
        </extensions>
      </trkpt>
      <trkpt lat="39.95500448159873485565185546875" lon="116.56680881045758724212646484375">
        <ele>23.3999996185302734375</ele>
        <time>2026-08-29T11:39:13.000Z</time>
        <extensions>
          <ns3:TrackPointExtension>
            <ns3:hr>97</ns3:hr>
          </ns3:TrackPointExtension>
        </extensions>
      </trkpt>
      <trkpt lat="39.95509416796267032623291015625" lon="116.56673437915742397308349609375">
        <ele>23.3999996185302734375</ele>
        <time>2026-08-29T11:39:17.000Z</time>
        <extensions>
          <ns3:TrackPointExtension>
            <ns3:hr>96</ns3:hr>
          </ns3:TrackPointExtension>
        </extensions>
      </trkpt>
      <trkpt lat="39.9551961757242679595947265625" lon="116.56657227315008640289306640625">
        <ele>23.6000003814697265625</ele>
        <time>2026-08-29T11:39:23.000Z</time>
        <extensions>
          <ns3:TrackPointExtension>
            <ns3:hr>98</ns3:hr>
          </ns3:TrackPointExtension>
        </extensions>
      </trkpt>
      <trkpt lat="39.95524856261909008026123046875" lon="116.56638820655643939971923828125">
        <ele>23.6000003814697265625</ele>
        <time>2026-08-29T11:39:29.000Z</time>
        <extensions>
          <ns3:TrackPointExtension>
            <ns3:hr>96</ns3:hr>
          </ns3:TrackPointExtension>
        </extensions>
      </trkpt>
      <trkpt lat="39.95528586208820343017578125" lon="116.566233225166797637939453125">
        <ele>23.6000003814697265625</ele>
        <time>2026-08-29T11:39:34.000Z</time>
        <extensions>
          <ns3:TrackPointExtension>
            <ns3:hr>95</ns3:hr>
          </ns3:TrackPointExtension>
        </extensions>
      </trkpt>
      <trkpt lat="39.95532718487083911895751953125" lon="116.56594765372574329376220703125">
        <ele>23.6000003814697265625</ele>
        <time>2026-08-29T11:39:42.000Z</time>
        <extensions>
          <ns3:TrackPointExtension>
            <ns3:hr>95</ns3:hr>
          </ns3:TrackPointExtension>
        </extensions>
      </trkpt>
      <trkpt lat="39.95534176938235759735107421875" lon="116.56580750830471515655517578125">
        <ele>23.3999996185302734375</ele>
        <time>2026-08-29T11:39:46.000Z</time>
        <extensions>
          <ns3:TrackPointExtension>
            <ns3:hr>92</ns3:hr>
          </ns3:TrackPointExtension>
        </extensions>
      </trkpt>
      <trkpt lat="39.95533690787851810455322265625" lon="116.5657137148082256317138671875">
        <ele>23.3999996185302734375</ele>
        <time>2026-08-29T11:39:49.000Z</time>
        <extensions>
          <ns3:TrackPointExtension>
            <ns3:hr>89</ns3:hr>
          </ns3:TrackPointExtension>
        </extensions>
      </trkpt>
      <trkpt lat="39.95533757843077182769775390625" lon="116.56568362377583980560302734375">
        <ele>23.3999996185302734375</ele>
        <time>2026-08-29T11:39:50.000Z</time>
        <extensions>
          <ns3:TrackPointExtension>
            <ns3:hr>88</ns3:hr>
          </ns3:TrackPointExtension>
        </extensions>
      </trkpt>
      <trkpt lat="39.9553520791232585906982421875" lon="116.565610282123088836669921875">
        <ele>23.6000003814697265625</ele>
        <time>2026-08-29T11:39:53.000Z</time>
        <extensions>
          <ns3:TrackPointExtension>
            <ns3:hr>87</ns3:hr>
          </ns3:TrackPointExtension>
        </extensions>
      </trkpt>
      <trkpt lat="39.9553859420120716094970703125" lon="116.5656003914773464202880859375">
        <ele>23.6000003814697265625</ele>
        <time>2026-08-29T11:39:55.000Z</time>
        <extensions>
          <ns3:TrackPointExtension>
            <ns3:hr>87</ns3:hr>
          </ns3:TrackPointExtension>
        </extensions>
      </trkpt>
      <trkpt lat="39.95552583597600460052490234375" lon="116.56560315750539302825927734375">
        <ele>23.6000003814697265625</ele>
        <time>2026-08-29T11:40:01.000Z</time>
        <extensions>
          <ns3:TrackPointExtension>
            <ns3:hr>88</ns3:hr>
          </ns3:TrackPointExtension>
        </extensions>
      </trkpt>
      <trkpt lat="39.95577092282474040985107421875" lon="116.5655611641705036163330078125">
        <ele>23.6000003814697265625</ele>
        <time>2026-08-29T11:40:10.000Z</time>
        <extensions>
          <ns3:TrackPointExtension>
            <ns3:hr>89</ns3:hr>
          </ns3:TrackPointExtension>
        </extensions>
      </trkpt>
      <trkpt lat="39.95595909655094146728515625" lon="116.56555789522826671600341796875">
        <ele>23.6000003814697265625</ele>
        <time>2026-08-29T11:40:18.000Z</time>
        <extensions>
          <ns3:TrackPointExtension>
            <ns3:hr>89</ns3:hr>
          </ns3:TrackPointExtension>
        </extensions>
      </trkpt>
      <trkpt lat="39.9560950510203838348388671875" lon="116.56552637927234172821044921875">
        <ele>23.3999996185302734375</ele>
        <time>2026-08-29T11:40:25.000Z</time>
        <extensions>
          <ns3:TrackPointExtension>
            <ns3:hr>89</ns3:hr>
          </ns3:TrackPointExtension>
        </extensions>
      </trkpt>
      <trkpt lat="39.95626696385443210601806640625" lon="116.5654863975942134857177734375">
        <ele>23.6000003814697265625</ele>
        <time>2026-08-29T11:40:32.000Z</time>
        <extensions>
          <ns3:TrackPointExtension>
            <ns3:hr>90</ns3:hr>
          </ns3:TrackPointExtension>
        </extensions>
      </trkpt>
      <trkpt lat="39.95630107820034027099609375" lon="116.56546284444630146026611328125">
        <ele>23.6000003814697265625</ele>
        <time>2026-08-29T11:40:37.000Z</time>
        <extensions>
          <ns3:TrackPointExtension>
            <ns3:hr>92</ns3:hr>
          </ns3:TrackPointExtension>
        </extensions>
      </trkpt>
      <trkpt lat="39.95630107820034027099609375" lon="116.56546284444630146026611328125">
        <ele>23.6000003814697265625</ele>
        <time>2026-08-29T11:40:46.000Z</time>
        <extensions>
          <ns3:TrackPointExtension>
            <ns3:hr>93</ns3:hr>
          </ns3:TrackPointExtension>
        </extensions>
      </trkpt>
      <trkpt lat="39.95630107820034027099609375" lon="116.56546284444630146026611328125">
        <ele>23.6000003814697265625</ele>
        <time>2026-08-29T11:40:51.000Z</time>
        <extensions>
          <ns3:TrackPointExtension>
            <ns3:hr>92</ns3:hr>
          </ns3:TrackPointExtension>
        </extensions>
      </trkpt>
      <trkpt lat="39.95633058249950408935546875" lon="116.5654671192169189453125">
        <ele>23.6000003814697265625</ele>
        <time>2026-08-29T11:40:57.000Z</time>
        <extensions>
          <ns3:TrackPointExtension>
            <ns3:hr>90</ns3:hr>
          </ns3:TrackPointExtension>
        </extensions>
      </trkpt>
      <trkpt lat="39.95634240098297595977783203125" lon="116.5654599107801914215087890625">
        <ele>23.6000003814697265625</ele>
        <time>2026-08-29T11:40:58.000Z</time>
        <extensions>
          <ns3:TrackPointExtension>
            <ns3:hr>90</ns3:hr>
          </ns3:TrackPointExtension>
        </extensions>
      </trkpt>
      <trkpt lat="39.9563693068921566009521484375" lon="116.56545798294246196746826171875">
        <ele>23.6000003814697265625</ele>
        <time>2026-08-29T11:41:00.000Z</time>
        <extensions>
          <ns3:TrackPointExtension>
            <ns3:hr>88</ns3:hr>
          </ns3:TrackPointExtension>
        </extensions>
      </trkpt>
      <trkpt lat="39.95640040375292301177978515625" lon="116.5654464997351169586181640625">
        <ele>23.6000003814697265625</ele>
        <time>2026-08-29T11:41:02.000Z</time>
        <extensions>
          <ns3:TrackPointExtension>
            <ns3:hr>87</ns3:hr>
          </ns3:TrackPointExtension>
        </extensions>
      </trkpt>
      <trkpt lat="39.95644935406744480133056640625" lon="116.56534331850707530975341796875">
        <ele>23.799999237060546875</ele>
        <time>2026-08-29T11:41:07.000Z</time>
        <extensions>
          <ns3:TrackPointExtension>
            <ns3:hr>86</ns3:hr>
          </ns3:TrackPointExtension>
        </extensions>
      </trkpt>
      <trkpt lat="39.956554211676120758056640625" lon="116.565237455070018768310546875">
        <ele>23.799999237060546875</ele>
        <time>2026-08-29T11:41:12.000Z</time>
        <extensions>
          <ns3:TrackPointExtension>
            <ns3:hr>87</ns3:hr>
          </ns3:TrackPointExtension>
        </extensions>
      </trkpt>
      <trkpt lat="39.9567230232059955596923828125" lon="116.56519554555416107177734375">
        <ele>23.6000003814697265625</ele>
        <time>2026-08-29T11:41:18.000Z</time>
        <extensions>
          <ns3:TrackPointExtension>
            <ns3:hr>88</ns3:hr>
          </ns3:TrackPointExtension>
        </extensions>
      </trkpt>
      <trkpt lat="39.9570116959512233734130859375" lon="116.5651886723935604095458984375">
        <ele>23.3999996185302734375</ele>
        <time>2026-08-29T11:41:27.000Z</time>
        <extensions>
          <ns3:TrackPointExtension>
            <ns3:hr>87</ns3:hr>
          </ns3:TrackPointExtension>
        </extensions>
      </trkpt>
      <trkpt lat="39.95710842311382293701171875" lon="116.56517048366367816925048828125">
        <ele>23.6000003814697265625</ele>
        <time>2026-08-29T11:41:30.000Z</time>
        <extensions>
          <ns3:TrackPointExtension>
            <ns3:hr>84</ns3:hr>
          </ns3:TrackPointExtension>
        </extensions>
      </trkpt>
      <trkpt lat="39.95724194683134555816650390625" lon="116.56515799462795257568359375">
        <ele>23.3999996185302734375</ele>
        <time>2026-08-29T11:41:34.000Z</time>
        <extensions>
          <ns3:TrackPointExtension>
            <ns3:hr>82</ns3:hr>
          </ns3:TrackPointExtension>
        </extensions>
      </trkpt>
      <trkpt lat="39.95737890712916851043701171875" lon="116.56515263020992279052734375">
        <ele>23.3999996185302734375</ele>
        <time>2026-08-29T11:41:38.000Z</time>
        <extensions>
          <ns3:TrackPointExtension>
            <ns3:hr>79</ns3:hr>
          </ns3:TrackPointExtension>
        </extensions>
      </trkpt>
      <trkpt lat="39.95745702646672725677490234375" lon="116.5651561506092548370361328125">
        <ele>23.3999996185302734375</ele>
        <time>2026-08-29T11:41:40.000Z</time>
        <extensions>
          <ns3:TrackPointExtension>
            <ns3:hr>76</ns3:hr>
          </ns3:TrackPointExtension>
        </extensions>
      </trkpt>
      <trkpt lat="39.95752818882465362548828125" lon="116.5651588328182697296142578125">
        <ele>23.3999996185302734375</ele>
        <time>2026-08-29T11:41:42.000Z</time>
        <extensions>
          <ns3:TrackPointExtension>
            <ns3:hr>75</ns3:hr>
          </ns3:TrackPointExtension>
        </extensions>
      </trkpt>
      <trkpt lat="39.95766070671379566192626953125" lon="116.5651635266840457916259765625">
        <ele>23.3999996185302734375</ele>
        <time>2026-08-29T11:41:46.000Z</time>
        <extensions>
          <ns3:TrackPointExtension>
            <ns3:hr>79</ns3:hr>
          </ns3:TrackPointExtension>
        </extensions>
      </trkpt>
      <trkpt lat="39.957797415554523468017578125" lon="116.5651551447808742523193359375">
        <ele>23.200000762939453125</ele>
        <time>2026-08-29T11:41:50.000Z</time>
        <extensions>
          <ns3:TrackPointExtension>
            <ns3:hr>81</ns3:hr>
          </ns3:TrackPointExtension>
        </extensions>
      </trkpt>
      <trkpt lat="39.958022721111774444580078125" lon="116.5651246346533298492431640625">
        <ele>23.200000762939453125</ele>
        <time>2026-08-29T11:41:56.000Z</time>
        <extensions>
          <ns3:TrackPointExtension>
            <ns3:hr>78</ns3:hr>
          </ns3:TrackPointExtension>
        </extensions>
      </trkpt>
      <trkpt lat="39.9580580927431583404541015625" lon="116.565123461186885833740234375">
        <ele>23.200000762939453125</ele>
        <time>2026-08-29T11:41:57.000Z</time>
        <extensions>
          <ns3:TrackPointExtension>
            <ns3:hr>78</ns3:hr>
          </ns3:TrackPointExtension>
        </extensions>
      </trkpt>
      <trkpt lat="39.9584014154970645904541015625" lon="116.565169058740139007568359375">
        <ele>23</ele>
        <time>2026-08-29T11:42:06.000Z</time>
        <extensions>
          <ns3:TrackPointExtension>
            <ns3:hr>77</ns3:hr>
          </ns3:TrackPointExtension>
        </extensions>
      </trkpt>
      <trkpt lat="39.95864591561257839202880859375" lon="116.5651937015354633331298828125">
        <ele>22.799999237060546875</ele>
        <time>2026-08-29T11:42:13.000Z</time>
        <extensions>
          <ns3:TrackPointExtension>
            <ns3:hr>77</ns3:hr>
          </ns3:TrackPointExtension>
        </extensions>
      </trkpt>
      <trkpt lat="39.9589048326015472412109375" lon="116.56521826051175594329833984375">
        <ele>22.799999237060546875</ele>
        <time>2026-08-29T11:42:21.000Z</time>
        <extensions>
          <ns3:TrackPointExtension>
            <ns3:hr>78</ns3:hr>
          </ns3:TrackPointExtension>
        </extensions>
      </trkpt>
      <trkpt lat="39.95917162857949733734130859375" lon="116.56525782309472560882568359375">
        <ele>22.799999237060546875</ele>
        <time>2026-08-29T11:42:31.000Z</time>
        <extensions>
          <ns3:TrackPointExtension>
            <ns3:hr>79</ns3:hr>
          </ns3:TrackPointExtension>
        </extensions>
      </trkpt>
      <trkpt lat="39.95936013758182525634765625" lon="116.565220020711421966552734375">
        <ele>22.799999237060546875</ele>
        <time>2026-08-29T11:42:37.000Z</time>
        <extensions>
          <ns3:TrackPointExtension>
            <ns3:hr>81</ns3:hr>
          </ns3:TrackPointExtension>
        </extensions>
      </trkpt>
      <trkpt lat="39.9596208147704601287841796875" lon="116.56517853029072284698486328125">
        <ele>22.200000762939453125</ele>
        <time>2026-08-29T11:42:43.000Z</time>
        <extensions>
          <ns3:TrackPointExtension>
            <ns3:hr>82</ns3:hr>
          </ns3:TrackPointExtension>
        </extensions>
      </trkpt>
      <trkpt lat="39.959905631840229034423828125" lon="116.56517668627202510833740234375">
        <ele>22</ele>
        <time>2026-08-29T11:42:49.000Z</time>
        <extensions>
          <ns3:TrackPointExtension>
            <ns3:hr>80</ns3:hr>
          </ns3:TrackPointExtension>
        </extensions>
      </trkpt>
      <trkpt lat="39.96026261709630489349365234375" lon="116.56518389470875263214111328125">
        <ele>22</ele>
        <time>2026-08-29T11:42:57.000Z</time>
        <extensions>
          <ns3:TrackPointExtension>
            <ns3:hr>80</ns3:hr>
          </ns3:TrackPointExtension>
        </extensions>
      </trkpt>
      <trkpt lat="39.96034744195640087127685546875" lon="116.56518825329840183258056640625">
        <ele>22</ele>
        <time>2026-08-29T11:42:59.000Z</time>
        <extensions>
          <ns3:TrackPointExtension>
            <ns3:hr>83</ns3:hr>
          </ns3:TrackPointExtension>
        </extensions>
      </trkpt>
      <trkpt lat="39.96039119549095630645751953125" lon="116.565191186964511871337890625">
        <ele>22</ele>
        <time>2026-08-29T11:43:00.000Z</time>
        <extensions>
          <ns3:TrackPointExtension>
            <ns3:hr>86</ns3:hr>
          </ns3:TrackPointExtension>
        </extensions>
      </trkpt>
      <trkpt lat="39.96059504337608814239501953125" lon="116.565215997397899627685546875">
        <ele>22</ele>
        <time>2026-08-29T11:43:05.000Z</time>
        <extensions>
          <ns3:TrackPointExtension>
            <ns3:hr>87</ns3:hr>
          </ns3:TrackPointExtension>
        </extensions>
      </trkpt>
      <trkpt lat="39.96082487516105175018310546875" lon="116.56522697769105434417724609375">
        <ele>21.799999237060546875</ele>
        <time>2026-08-29T11:43:11.000Z</time>
        <extensions>
          <ns3:TrackPointExtension>
            <ns3:hr>84</ns3:hr>
          </ns3:TrackPointExtension>
        </extensions>
      </trkpt>
      <trkpt lat="39.96092797257006168365478515625" lon="116.56522094272077083587646484375">
        <ele>21.799999237060546875</ele>
        <time>2026-08-29T11:43:14.000Z</time>
        <extensions>
          <ns3:TrackPointExtension>
            <ns3:hr>84</ns3:hr>
          </ns3:TrackPointExtension>
        </extensions>
      </trkpt>
      <trkpt lat="39.96106275357306003570556640625" lon="116.56523770652711391448974609375">
        <ele>21.799999237060546875</ele>
        <time>2026-08-29T11:43:19.000Z</time>
        <extensions>
          <ns3:TrackPointExtension>
            <ns3:hr>82</ns3:hr>
          </ns3:TrackPointExtension>
        </extensions>
      </trkpt>
      <trkpt lat="39.9612358398735523223876953125" lon="116.5651916898787021636962890625">
        <ele>21.799999237060546875</ele>
        <time>2026-08-29T11:43:25.000Z</time>
        <extensions>
          <ns3:TrackPointExtension>
            <ns3:hr>82</ns3:hr>
          </ns3:TrackPointExtension>
        </extensions>
      </trkpt>
      <trkpt lat="39.96140037663280963897705078125" lon="116.565172411501407623291015625">
        <ele>21.6000003814697265625</ele>
        <time>2026-08-29T11:43:30.000Z</time>
        <extensions>
          <ns3:TrackPointExtension>
            <ns3:hr>82</ns3:hr>
          </ns3:TrackPointExtension>
        </extensions>
      </trkpt>
      <trkpt lat="39.961732216179370880126953125" lon="116.565181128680706024169921875">
        <ele>21.3999996185302734375</ele>
        <time>2026-08-29T11:43:39.000Z</time>
        <extensions>
          <ns3:TrackPointExtension>
            <ns3:hr>81</ns3:hr>
          </ns3:TrackPointExtension>
        </extensions>
      </trkpt>
      <trkpt lat="39.96197654865682125091552734375" lon="116.56518540345132350921630859375">
        <ele>21.3999996185302734375</ele>
        <time>2026-08-29T11:43:45.000Z</time>
        <extensions>
          <ns3:TrackPointExtension>
            <ns3:hr>80</ns3:hr>
          </ns3:TrackPointExtension>
        </extensions>
      </trkpt>
      <trkpt lat="39.96219833381474018096923828125" lon="116.56519294716417789459228515625">
        <ele>21.6000003814697265625</ele>
        <time>2026-08-29T11:43:52.000Z</time>
        <extensions>
          <ns3:TrackPointExtension>
            <ns3:hr>79</ns3:hr>
          </ns3:TrackPointExtension>
        </extensions>
      </trkpt>
      <trkpt lat="39.96240033768117427825927734375" lon="116.565209291875362396240234375">
        <ele>21.6000003814697265625</ele>
        <time>2026-08-29T11:44:00.000Z</time>
        <extensions>
          <ns3:TrackPointExtension>
            <ns3:hr>79</ns3:hr>
          </ns3:TrackPointExtension>
        </extensions>
      </trkpt>
      <trkpt lat="39.9625176005065441131591796875" lon="116.56509035266935825347900390625">
        <ele>21.3999996185302734375</ele>
        <time>2026-08-29T11:44:05.000Z</time>
        <extensions>
          <ns3:TrackPointExtension>
            <ns3:hr>80</ns3:hr>
          </ns3:TrackPointExtension>
        </extensions>
      </trkpt>
      <trkpt lat="39.96254660189151763916015625" lon="116.5649858303368091583251953125">
        <ele>21.3999996185302734375</ele>
        <time>2026-08-29T11:44:07.000Z</time>
        <extensions>
          <ns3:TrackPointExtension>
            <ns3:hr>80</ns3:hr>
          </ns3:TrackPointExtension>
        </extensions>
      </trkpt>
      <trkpt lat="39.96257367543876171112060546875" lon="116.56480385921895503997802734375">
        <ele>21.200000762939453125</ele>
        <time>2026-08-29T11:44:10.000Z</time>
        <extensions>
          <ns3:TrackPointExtension>
            <ns3:hr>80</ns3:hr>
          </ns3:TrackPointExtension>
        </extensions>
      </trkpt>
      <trkpt lat="39.9625930376350879669189453125" lon="116.56455223448574542999267578125">
        <ele>20.799999237060546875</ele>
        <time>2026-08-29T11:44:14.000Z</time>
        <extensions>
          <ns3:TrackPointExtension>
            <ns3:hr>81</ns3:hr>
          </ns3:TrackPointExtension>
        </extensions>
      </trkpt>
      <trkpt lat="39.96260385029017925262451171875" lon="116.56442197971045970916748046875">
        <ele>20.799999237060546875</ele>
        <time>2026-08-29T11:44:16.000Z</time>
        <extensions>
          <ns3:TrackPointExtension>
            <ns3:hr>81</ns3:hr>
          </ns3:TrackPointExtension>
        </extensions>
      </trkpt>
      <trkpt lat="39.9626567400991916656494140625" lon="116.56391353346407413482666015625">
        <ele>21</ele>
        <time>2026-08-29T11:44:24.000Z</time>
        <extensions>
          <ns3:TrackPointExtension>
            <ns3:hr>84</ns3:hr>
          </ns3:TrackPointExtension>
        </extensions>
      </trkpt>
      <trkpt lat="39.96267476119101047515869140625" lon="116.563798449933528900146484375">
        <ele>21</ele>
        <time>2026-08-29T11:44:26.000Z</time>
        <extensions>
          <ns3:TrackPointExtension>
            <ns3:hr>84</ns3:hr>
          </ns3:TrackPointExtension>
        </extensions>
      </trkpt>
      <trkpt lat="39.9627385474741458892822265625" lon="116.56325496733188629150390625">
        <ele>21.3999996185302734375</ele>
        <time>2026-08-29T11:44:36.000Z</time>
        <extensions>
          <ns3:TrackPointExtension>
            <ns3:hr>86</ns3:hr>
          </ns3:TrackPointExtension>
        </extensions>
      </trkpt>
      <trkpt lat="39.962825216352939605712890625" lon="116.56281231902539730072021484375">
        <ele>21.3999996185302734375</ele>
        <time>2026-08-29T11:44:44.000Z</time>
        <extensions>
          <ns3:TrackPointExtension>
            <ns3:hr>86</ns3:hr>
          </ns3:TrackPointExtension>
        </extensions>
      </trkpt>
      <trkpt lat="39.96288162656128406524658203125" lon="116.56242071650922298431396484375">
        <ele>21.200000762939453125</ele>
        <time>2026-08-29T11:44:50.000Z</time>
        <extensions>
          <ns3:TrackPointExtension>
            <ns3:hr>87</ns3:hr>
          </ns3:TrackPointExtension>
        </extensions>
      </trkpt>
      <trkpt lat="39.9629361927509307861328125" lon="116.56193724833428859710693359375">
        <ele>21.200000762939453125</ele>
        <time>2026-08-29T11:44:58.000Z</time>
        <extensions>
          <ns3:TrackPointExtension>
            <ns3:hr>89</ns3:hr>
          </ns3:TrackPointExtension>
        </extensions>
      </trkpt>
      <trkpt lat="39.96294901706278324127197265625" lon="116.561886705458164215087890625">
        <ele>21.200000762939453125</ele>
        <time>2026-08-29T11:44:59.000Z</time>
        <extensions>
          <ns3:TrackPointExtension>
            <ns3:hr>89</ns3:hr>
          </ns3:TrackPointExtension>
        </extensions>
      </trkpt>
      <trkpt lat="39.96301774866878986358642578125" lon="116.5615898184478282928466796875">
        <ele>21.3999996185302734375</ele>
        <time>2026-08-29T11:45:05.000Z</time>
        <extensions>
          <ns3:TrackPointExtension>
            <ns3:hr>89</ns3:hr>
          </ns3:TrackPointExtension>
        </extensions>
      </trkpt>
      <trkpt lat="39.9631090275943279266357421875" lon="116.561385132372379302978515625">
        <ele>21.200000762939453125</ele>
        <time>2026-08-29T11:45:10.000Z</time>
        <extensions>
          <ns3:TrackPointExtension>
            <ns3:hr>92</ns3:hr>
          </ns3:TrackPointExtension>
        </extensions>
      </trkpt>
      <trkpt lat="39.96313660405576229095458984375" lon="116.56135252676904201507568359375">
        <ele>21.200000762939453125</ele>
        <time>2026-08-29T11:45:11.000Z</time>
        <extensions>
          <ns3:TrackPointExtension>
            <ns3:hr>92</ns3:hr>
          </ns3:TrackPointExtension>
        </extensions>
      </trkpt>
      <trkpt lat="39.96327356435358524322509765625" lon="116.5612984634935855865478515625">
        <ele>20.799999237060546875</ele>
        <time>2026-08-29T11:45:15.000Z</time>
        <extensions>
          <ns3:TrackPointExtension>
            <ns3:hr>94</ns3:hr>
          </ns3:TrackPointExtension>
        </extensions>
      </trkpt>
      <trkpt lat="39.9633497558534145355224609375" lon="116.5612558834254741668701171875">
        <ele>20.3999996185302734375</ele>
        <time>2026-08-29T11:45:17.000Z</time>
        <extensions>
          <ns3:TrackPointExtension>
            <ns3:hr>94</ns3:hr>
          </ns3:TrackPointExtension>
        </extensions>
      </trkpt>
      <trkpt lat="39.963451512157917022705078125" lon="116.5611541271209716796875">
        <ele>20</ele>
        <time>2026-08-29T11:45:20.000Z</time>
        <extensions>
          <ns3:TrackPointExtension>
            <ns3:hr>94</ns3:hr>
          </ns3:TrackPointExtension>
        </extensions>
      </trkpt>
      <trkpt lat="39.9635504186153411865234375" lon="116.56092010438442230224609375">
        <ele>20</ele>
        <time>2026-08-29T11:45:25.000Z</time>
        <extensions>
          <ns3:TrackPointExtension>
            <ns3:hr>93</ns3:hr>
          </ns3:TrackPointExtension>
        </extensions>
      </trkpt>
      <trkpt lat="39.963580258190631866455078125" lon="116.5605447627604007720947265625">
        <ele>20</ele>
        <time>2026-08-29T11:45:32.000Z</time>
        <extensions>
          <ns3:TrackPointExtension>
            <ns3:hr>95</ns3:hr>
          </ns3:TrackPointExtension>
        </extensions>
      </trkpt>
      <trkpt lat="39.9635879695415496826171875" lon="116.56018383800983428955078125">
        <ele>20.200000762939453125</ele>
        <time>2026-08-29T11:45:39.000Z</time>
        <extensions>
          <ns3:TrackPointExtension>
            <ns3:hr>94</ns3:hr>
          </ns3:TrackPointExtension>
        </extensions>
      </trkpt>
      <trkpt lat="39.96359358541667461395263671875" lon="116.55993112362921237945556640625">
        <ele>20.3999996185302734375</ele>
        <time>2026-08-29T11:45:44.000Z</time>
        <extensions>
          <ns3:TrackPointExtension>
            <ns3:hr>97</ns3:hr>
          </ns3:TrackPointExtension>
        </extensions>
      </trkpt>
      <trkpt lat="39.963598363101482391357421875" lon="116.55967866070568561553955078125">
        <ele>20.3999996185302734375</ele>
        <time>2026-08-29T11:45:49.000Z</time>
        <extensions>
          <ns3:TrackPointExtension>
            <ns3:hr>98</ns3:hr>
          </ns3:TrackPointExtension>
        </extensions>
      </trkpt>
      <trkpt lat="39.963605403900146484375" lon="116.5595228411257266998291015625">
        <ele>20.3999996185302734375</ele>
        <time>2026-08-29T11:45:52.000Z</time>
        <extensions>
          <ns3:TrackPointExtension>
            <ns3:hr>101</ns3:hr>
          </ns3:TrackPointExtension>
        </extensions>
      </trkpt>
      <trkpt lat="39.96360741555690765380859375" lon="116.55947229824960231781005859375">
        <ele>20.3999996185302734375</ele>
        <time>2026-08-29T11:45:53.000Z</time>
        <extensions>
          <ns3:TrackPointExtension>
            <ns3:hr>106</ns3:hr>
          </ns3:TrackPointExtension>
        </extensions>
      </trkpt>
      <trkpt lat="39.96361051686108112335205078125" lon="116.55942133627831935882568359375">
        <ele>20.3999996185302734375</ele>
        <time>2026-08-29T11:45:54.000Z</time>
        <extensions>
          <ns3:TrackPointExtension>
            <ns3:hr>111</ns3:hr>
          </ns3:TrackPointExtension>
        </extensions>
      </trkpt>
      <trkpt lat="39.9636183120310306549072265625" lon="116.55917323194444179534912109375">
        <ele>20.6000003814697265625</ele>
        <time>2026-08-29T11:45:59.000Z</time>
        <extensions>
          <ns3:TrackPointExtension>
            <ns3:hr>113</ns3:hr>
          </ns3:TrackPointExtension>
        </extensions>
      </trkpt>
      <trkpt lat="39.96362610720098018646240234375" lon="116.558841727674007415771484375">
        <ele>20.6000003814697265625</ele>
        <time>2026-08-29T11:46:06.000Z</time>
        <extensions>
          <ns3:TrackPointExtension>
            <ns3:hr>112</ns3:hr>
          </ns3:TrackPointExtension>
        </extensions>
      </trkpt>
      <trkpt lat="39.9636447988450527191162109375" lon="116.55843361280858516693115234375">
        <ele>20.6000003814697265625</ele>
        <time>2026-08-29T11:46:14.000Z</time>
        <extensions>
          <ns3:TrackPointExtension>
            <ns3:hr>109</ns3:hr>
          </ns3:TrackPointExtension>
        </extensions>
      </trkpt>
      <trkpt lat="39.9636461399495601654052734375" lon="116.5583802200853824615478515625">
        <ele>20.6000003814697265625</ele>
        <time>2026-08-29T11:46:15.000Z</time>
        <extensions>
          <ns3:TrackPointExtension>
            <ns3:hr>105</ns3:hr>
          </ns3:TrackPointExtension>
        </extensions>
      </trkpt>
      <trkpt lat="39.96364857070147991180419921875" lon="116.55832867138087749481201171875">
        <ele>20.6000003814697265625</ele>
        <time>2026-08-29T11:46:16.000Z</time>
        <extensions>
          <ns3:TrackPointExtension>
            <ns3:hr>99</ns3:hr>
          </ns3:TrackPointExtension>
        </extensions>
      </trkpt>
      <trkpt lat="39.96365259401500225067138671875" lon="116.55827754177153110504150390625">
        <ele>20.6000003814697265625</ele>
        <time>2026-08-29T11:46:17.000Z</time>
        <extensions>
          <ns3:TrackPointExtension>
            <ns3:hr>90</ns3:hr>
          </ns3:TrackPointExtension>
        </extensions>
      </trkpt>
      <trkpt lat="39.96365410275757312774658203125" lon="116.55822507105767726898193359375">
        <ele>20.799999237060546875</ele>
        <time>2026-08-29T11:46:18.000Z</time>
        <extensions>
          <ns3:TrackPointExtension>
            <ns3:hr>84</ns3:hr>
          </ns3:TrackPointExtension>
        </extensions>
      </trkpt>
      <trkpt lat="39.9636555276811122894287109375" lon="116.55817327089607715606689453125">
        <ele>20.799999237060546875</ele>
        <time>2026-08-29T11:46:19.000Z</time>
        <extensions>
          <ns3:TrackPointExtension>
            <ns3:hr>80</ns3:hr>
          </ns3:TrackPointExtension>
        </extensions>
      </trkpt>
      <trkpt lat="39.963660053908824920654296875" lon="116.5579044632613658905029296875">
        <ele>20.6000003814697265625</ele>
        <time>2026-08-29T11:46:24.000Z</time>
        <extensions>
          <ns3:TrackPointExtension>
            <ns3:hr>79</ns3:hr>
          </ns3:TrackPointExtension>
        </extensions>
      </trkpt>
      <trkpt lat="39.9636716209352016448974609375" lon="116.55753783881664276123046875">
        <ele>20.799999237060546875</ele>
        <time>2026-08-29T11:46:31.000Z</time>
        <extensions>
          <ns3:TrackPointExtension>
            <ns3:hr>82</ns3:hr>
          </ns3:TrackPointExtension>
        </extensions>
      </trkpt>
      <trkpt lat="39.96367908082902431488037109375" lon="116.55743465758860111236572265625">
        <ele>20.799999237060546875</ele>
        <time>2026-08-29T11:46:33.000Z</time>
        <extensions>
          <ns3:TrackPointExtension>
            <ns3:hr>83</ns3:hr>
          </ns3:TrackPointExtension>
        </extensions>
      </trkpt>
      <trkpt lat="39.96371881105005741119384765625" lon="116.557170711457729339599609375">
        <ele>20.799999237060546875</ele>
        <time>2026-08-29T11:46:38.000Z</time>
        <extensions>
          <ns3:TrackPointExtension>
            <ns3:hr>84</ns3:hr>
          </ns3:TrackPointExtension>
        </extensions>
      </trkpt>
      <trkpt lat="39.963748566806316375732421875" lon="116.5569697134196758270263671875">
        <ele>21</ele>
        <time>2026-08-29T11:46:42.000Z</time>
        <extensions>
          <ns3:TrackPointExtension>
            <ns3:hr>84</ns3:hr>
          </ns3:TrackPointExtension>
        </extensions>
      </trkpt>
      <trkpt lat="39.96379508636891841888427734375" lon="116.556559503078460693359375">
        <ele>21</ele>
        <time>2026-08-29T11:46:50.000Z</time>
        <extensions>
          <ns3:TrackPointExtension>
            <ns3:hr>86</ns3:hr>
          </ns3:TrackPointExtension>
        </extensions>
      </trkpt>
      <trkpt lat="39.96384101919829845428466796875" lon="116.55621877871453762054443359375">
        <ele>20.799999237060546875</ele>
        <time>2026-08-29T11:46:57.000Z</time>
        <extensions>
          <ns3:TrackPointExtension>
            <ns3:hr>87</ns3:hr>
          </ns3:TrackPointExtension>
        </extensions>
      </trkpt>
      <trkpt lat="39.963873960077762603759765625" lon="116.55594670213758945465087890625">
        <ele>21</ele>
        <time>2026-08-29T11:47:03.000Z</time>
        <extensions>
          <ns3:TrackPointExtension>
            <ns3:hr>86</ns3:hr>
          </ns3:TrackPointExtension>
        </extensions>
      </trkpt>
      <trkpt lat="39.96390840969979763031005859375" lon="116.5557352267205715179443359375">
        <ele>21</ele>
        <time>2026-08-29T11:47:08.000Z</time>
        <extensions>
          <ns3:TrackPointExtension>
            <ns3:hr>89</ns3:hr>
          </ns3:TrackPointExtension>
        </extensions>
      </trkpt>
      <trkpt lat="39.96392735280096530914306640625" lon="116.55558921396732330322265625">
        <ele>21</ele>
        <time>2026-08-29T11:47:11.000Z</time>
        <extensions>
          <ns3:TrackPointExtension>
            <ns3:hr>91</ns3:hr>
          </ns3:TrackPointExtension>
        </extensions>
      </trkpt>
      <trkpt lat="39.96396959759294986724853515625" lon="116.555267684161663055419921875">
        <ele>21</ele>
        <time>2026-08-29T11:47:18.000Z</time>
        <extensions>
          <ns3:TrackPointExtension>
            <ns3:hr>94</ns3:hr>
          </ns3:TrackPointExtension>
        </extensions>
      </trkpt>
      <trkpt lat="39.9639911390841007232666015625" lon="116.55507716350257396697998046875">
        <ele>21.200000762939453125</ele>
        <time>2026-08-29T11:47:22.000Z</time>
        <extensions>
          <ns3:TrackPointExtension>
            <ns3:hr>92</ns3:hr>
          </ns3:TrackPointExtension>
        </extensions>
      </trkpt>
      <trkpt lat="39.96404151432216167449951171875" lon="116.55465320684015750885009765625">
        <ele>21</ele>
        <time>2026-08-29T11:47:31.000Z</time>
        <extensions>
          <ns3:TrackPointExtension>
            <ns3:hr>94</ns3:hr>
          </ns3:TrackPointExtension>
        </extensions>
      </trkpt>
      <trkpt lat="39.964087195694446563720703125" lon="116.55432396568357944488525390625">
        <ele>21.200000762939453125</ele>
        <time>2026-08-29T11:47:38.000Z</time>
        <extensions>
          <ns3:TrackPointExtension>
            <ns3:hr>95</ns3:hr>
          </ns3:TrackPointExtension>
        </extensions>
      </trkpt>
      <trkpt lat="39.9641349725425243377685546875" lon="116.55395734123885631561279296875">
        <ele>21.3999996185302734375</ele>
        <time>2026-08-29T11:47:46.000Z</time>
        <extensions>
          <ns3:TrackPointExtension>
            <ns3:hr>97</ns3:hr>
          </ns3:TrackPointExtension>
        </extensions>
      </trkpt>
      <trkpt lat="39.9641654826700687408447265625" lon="116.55365441925823688507080078125">
        <ele>21.799999237060546875</ele>
        <time>2026-08-29T11:47:53.000Z</time>
        <extensions>
          <ns3:TrackPointExtension>
            <ns3:hr>97</ns3:hr>
          </ns3:TrackPointExtension>
        </extensions>
      </trkpt>
      <trkpt lat="39.9641691707074642181396484375" lon="116.5536135993897914886474609375">
        <ele>21.799999237060546875</ele>
        <time>2026-08-29T11:47:54.000Z</time>
        <extensions>
          <ns3:TrackPointExtension>
            <ns3:hr>96</ns3:hr>
          </ns3:TrackPointExtension>
        </extensions>
      </trkpt>
      <trkpt lat="39.96421250514686107635498046875" lon="116.55327455140650272369384765625">
        <ele>22.200000762939453125</ele>
        <time>2026-08-29T11:48:02.000Z</time>
        <extensions>
          <ns3:TrackPointExtension>
            <ns3:hr>94</ns3:hr>
          </ns3:TrackPointExtension>
        </extensions>
      </trkpt>
      <trkpt lat="39.96424485929310321807861328125" lon="116.55290558002889156341552734375">
        <ele>22.6000003814697265625</ele>
        <time>2026-08-29T11:48:11.000Z</time>
        <extensions>
          <ns3:TrackPointExtension>
            <ns3:hr>96</ns3:hr>
          </ns3:TrackPointExtension>
        </extensions>
      </trkpt>
      <trkpt lat="39.96429028920829296112060546875" lon="116.5524602495133876800537109375">
        <ele>22.799999237060546875</ele>
        <time>2026-08-29T11:48:21.000Z</time>
        <extensions>
          <ns3:TrackPointExtension>
            <ns3:hr>96</ns3:hr>
          </ns3:TrackPointExtension>
        </extensions>
      </trkpt>
      <trkpt lat="39.9643324501812458038330078125" lon="116.5521387197077274322509765625">
        <ele>23</ele>
        <time>2026-08-29T11:48:29.000Z</time>
        <extensions>
          <ns3:TrackPointExtension>
            <ns3:hr>94</ns3:hr>
          </ns3:TrackPointExtension>
        </extensions>
      </trkpt>
      <trkpt lat="39.96437058784067630767822265625" lon="116.5518849156796932220458984375">
        <ele>23.200000762939453125</ele>
        <time>2026-08-29T11:48:36.000Z</time>
        <extensions>
          <ns3:TrackPointExtension>
            <ns3:hr>92</ns3:hr>
          </ns3:TrackPointExtension>
        </extensions>
      </trkpt>
      <trkpt lat="39.9644005112349987030029296875" lon="116.55174870975315570831298828125">
        <ele>23.200000762939453125</ele>
        <time>2026-08-29T11:48:40.000Z</time>
        <extensions>
          <ns3:TrackPointExtension>
            <ns3:hr>89</ns3:hr>
          </ns3:TrackPointExtension>
        </extensions>
      </trkpt>
      <trkpt lat="39.96441182680428028106689453125" lon="116.55162884853780269622802734375">
        <ele>23.200000762939453125</ele>
        <time>2026-08-29T11:48:43.000Z</time>
        <extensions>
          <ns3:TrackPointExtension>
            <ns3:hr>89</ns3:hr>
          </ns3:TrackPointExtension>
        </extensions>
      </trkpt>
      <trkpt lat="39.9644679017364978790283203125" lon="116.551380492746829986572265625">
        <ele>23.6000003814697265625</ele>
        <time>2026-08-29T11:48:50.000Z</time>
        <extensions>
          <ns3:TrackPointExtension>
            <ns3:hr>88</ns3:hr>
          </ns3:TrackPointExtension>
        </extensions>
      </trkpt>
      <trkpt lat="39.96448810212314128875732421875" lon="116.55119298957288265228271484375">
        <ele>24</ele>
        <time>2026-08-29T11:48:55.000Z</time>
        <extensions>
          <ns3:TrackPointExtension>
            <ns3:hr>89</ns3:hr>
          </ns3:TrackPointExtension>
        </extensions>
      </trkpt>
      <trkpt lat="39.96450520120561122894287109375" lon="116.55112945474684238433837890625">
        <ele>24</ele>
        <time>2026-08-29T11:48:57.000Z</time>
        <extensions>
          <ns3:TrackPointExtension>
            <ns3:hr>89</ns3:hr>
          </ns3:TrackPointExtension>
        </extensions>
      </trkpt>
      <trkpt lat="39.9645185284316539764404296875" lon="116.55092778615653514862060546875">
        <ele>23.6000003814697265625</ele>
        <time>2026-08-29T11:49:04.000Z</time>
        <extensions>
          <ns3:TrackPointExtension>
            <ns3:hr>90</ns3:hr>
          </ns3:TrackPointExtension>
        </extensions>
      </trkpt>
      <trkpt lat="39.964519031345844268798828125" lon="116.5509146265685558319091796875">
        <ele>23.6000003814697265625</ele>
        <time>2026-08-29T11:49:08.000Z</time>
        <extensions>
          <ns3:TrackPointExtension>
            <ns3:hr>90</ns3:hr>
          </ns3:TrackPointExtension>
        </extensions>
      </trkpt>
      <trkpt lat="39.964519031345844268798828125" lon="116.5509146265685558319091796875">
        <ele>24</ele>
        <time>2026-08-29T11:49:12.000Z</time>
        <extensions>
          <ns3:TrackPointExtension>
            <ns3:hr>87</ns3:hr>
          </ns3:TrackPointExtension>
        </extensions>
      </trkpt>
      <trkpt lat="39.964519031345844268798828125" lon="116.5509146265685558319091796875">
        <ele>24.200000762939453125</ele>
        <time>2026-08-29T11:49:15.000Z</time>
        <extensions>
          <ns3:TrackPointExtension>
            <ns3:hr>84</ns3:hr>
          </ns3:TrackPointExtension>
        </extensions>
      </trkpt>
      <trkpt lat="39.964519031345844268798828125" lon="116.5509146265685558319091796875">
        <ele>24</ele>
        <time>2026-08-29T11:49:22.000Z</time>
        <extensions>
          <ns3:TrackPointExtension>
            <ns3:hr>83</ns3:hr>
          </ns3:TrackPointExtension>
        </extensions>
      </trkpt>
      <trkpt lat="39.964519031345844268798828125" lon="116.5509146265685558319091796875">
        <ele>23.799999237060546875</ele>
        <time>2026-08-29T11:49:31.000Z</time>
        <extensions>
          <ns3:TrackPointExtension>
            <ns3:hr>81</ns3:hr>
          </ns3:TrackPointExtension>
        </extensions>
      </trkpt>
      <trkpt lat="39.96452447958290576934814453125" lon="116.550878249108791351318359375">
        <ele>23.799999237060546875</ele>
        <time>2026-08-29T11:49:37.000Z</time>
        <extensions>
          <ns3:TrackPointExtension>
            <ns3:hr>83</ns3:hr>
          </ns3:TrackPointExtension>
        </extensions>
      </trkpt>
      <trkpt lat="39.9644970707595348358154296875" lon="116.5508693642914295196533203125">
        <ele>23.799999237060546875</ele>
        <time>2026-08-29T11:49:43.000Z</time>
        <extensions>
          <ns3:TrackPointExtension>
            <ns3:hr>83</ns3:hr>
          </ns3:TrackPointExtension>
        </extensions>
      </trkpt>
      <trkpt lat="39.96448458172380924224853515625" lon="116.55086944811046123504638671875">
        <ele>23.799999237060546875</ele>
        <time>2026-08-29T11:49:44.000Z</time>
        <extensions>
          <ns3:TrackPointExtension>
            <ns3:hr>83</ns3:hr>
          </ns3:TrackPointExtension>
        </extensions>
      </trkpt>
      <trkpt lat="39.96440009213984012603759765625" lon="116.5508760698139667510986328125">
        <ele>24</ele>
        <time>2026-08-29T11:49:49.000Z</time>
        <extensions>
          <ns3:TrackPointExtension>
            <ns3:hr>82</ns3:hr>
          </ns3:TrackPointExtension>
        </extensions>
      </trkpt>
      <trkpt lat="39.96424251236021518707275390625" lon="116.55088369734585285186767578125">
        <ele>24.200000762939453125</ele>
        <time>2026-08-29T11:49:56.000Z</time>
        <extensions>
          <ns3:TrackPointExtension>
            <ns3:hr>81</ns3:hr>
          </ns3:TrackPointExtension>
        </extensions>
      </trkpt>
      <trkpt lat="39.964055679738521575927734375" lon="116.55082737095654010772705078125">
        <ele>24.3999996185302734375</ele>
        <time>2026-08-29T11:50:04.000Z</time>
        <extensions>
          <ns3:TrackPointExtension>
            <ns3:hr>82</ns3:hr>
          </ns3:TrackPointExtension>
        </extensions>
      </trkpt>
      <trkpt lat="39.96387370862066745758056640625" lon="116.55075947754085063934326171875">
        <ele>24.3999996185302734375</ele>
        <time>2026-08-29T11:50:11.000Z</time>
        <extensions>
          <ns3:TrackPointExtension>
            <ns3:hr>84</ns3:hr>
          </ns3:TrackPointExtension>
        </extensions>
      </trkpt>
      <trkpt lat="39.9636979401111602783203125" lon="116.55071706511080265045166015625">
        <ele>24.3999996185302734375</ele>
        <time>2026-08-29T11:50:17.000Z</time>
        <extensions>
          <ns3:TrackPointExtension>
            <ns3:hr>84</ns3:hr>
          </ns3:TrackPointExtension>
        </extensions>
      </trkpt>
      <trkpt lat="39.96345176361501216888427734375" lon="116.5506987087428569793701171875">
        <ele>24.3999996185302734375</ele>
        <time>2026-08-29T11:50:25.000Z</time>
        <extensions>
          <ns3:TrackPointExtension>
            <ns3:hr>84</ns3:hr>
          </ns3:TrackPointExtension>
        </extensions>
      </trkpt>
      <trkpt lat="39.96322696097195148468017578125" lon="116.55065973289310932159423828125">
        <ele>24.3999996185302734375</ele>
        <time>2026-08-29T11:50:32.000Z</time>
        <extensions>
          <ns3:TrackPointExtension>
            <ns3:hr>85</ns3:hr>
          </ns3:TrackPointExtension>
        </extensions>
      </trkpt>
      <trkpt lat="39.962996207177639007568359375" lon="116.550601981580257415771484375">
        <ele>24.3999996185302734375</ele>
        <time>2026-08-29T11:50:39.000Z</time>
        <extensions>
          <ns3:TrackPointExtension>
            <ns3:hr>86</ns3:hr>
          </ns3:TrackPointExtension>
        </extensions>
      </trkpt>
      <trkpt lat="39.9628981389105319976806640625" lon="116.55058027245104312896728515625">
        <ele>24.3999996185302734375</ele>
        <time>2026-08-29T11:50:42.000Z</time>
        <extensions>
          <ns3:TrackPointExtension>
            <ns3:hr>85</ns3:hr>
          </ns3:TrackPointExtension>
        </extensions>
      </trkpt>
      <trkpt lat="39.96256076730787754058837890625" lon="116.55050818808376789093017578125">
        <ele>24.200000762939453125</ele>
        <time>2026-08-29T11:50:51.000Z</time>
        <extensions>
          <ns3:TrackPointExtension>
            <ns3:hr>84</ns3:hr>
          </ns3:TrackPointExtension>
        </extensions>
      </trkpt>
      <trkpt lat="39.962314926087856292724609375" lon="116.5504489280283451080322265625">
        <ele>24</ele>
        <time>2026-08-29T11:50:57.000Z</time>
        <extensions>
          <ns3:TrackPointExtension>
            <ns3:hr>81</ns3:hr>
          </ns3:TrackPointExtension>
        </extensions>
      </trkpt>
      <trkpt lat="39.9622000940144062042236328125" lon="116.55041833408176898956298828125">
        <ele>24</ele>
        <time>2026-08-29T11:51:00.000Z</time>
        <extensions>
          <ns3:TrackPointExtension>
            <ns3:hr>81</ns3:hr>
          </ns3:TrackPointExtension>
        </extensions>
      </trkpt>
      <trkpt lat="39.9619536660611629486083984375" lon="116.5503765083849430084228515625">
        <ele>24</ele>
        <time>2026-08-29T11:51:07.000Z</time>
        <extensions>
          <ns3:TrackPointExtension>
            <ns3:hr>81</ns3:hr>
          </ns3:TrackPointExtension>
        </extensions>
      </trkpt>
      <trkpt lat="39.9616784043610095977783203125" lon="116.55028992332518100738525390625">
        <ele>23.799999237060546875</ele>
        <time>2026-08-29T11:51:14.000Z</time>
        <extensions>
          <ns3:TrackPointExtension>
            <ns3:hr>82</ns3:hr>
          </ns3:TrackPointExtension>
        </extensions>
      </trkpt>
      <trkpt lat="39.9614722095429897308349609375" lon="116.5502581559121608734130859375">
        <ele>23.6000003814697265625</ele>
        <time>2026-08-29T11:51:19.000Z</time>
        <extensions>
          <ns3:TrackPointExtension>
            <ns3:hr>85</ns3:hr>
          </ns3:TrackPointExtension>
        </extensions>
      </trkpt>
      <trkpt lat="39.96130549348890781402587890625" lon="116.55023510567843914031982421875">
        <ele>23.6000003814697265625</ele>
        <time>2026-08-29T11:51:23.000Z</time>
        <extensions>
          <ns3:TrackPointExtension>
            <ns3:hr>87</ns3:hr>
          </ns3:TrackPointExtension>
        </extensions>
      </trkpt>
      <trkpt lat="39.96103341691195964813232421875" lon="116.55019923113286495208740234375">
        <ele>23.6000003814697265625</ele>
        <time>2026-08-29T11:51:30.000Z</time>
        <extensions>
          <ns3:TrackPointExtension>
            <ns3:hr>88</ns3:hr>
          </ns3:TrackPointExtension>
        </extensions>
      </trkpt>
      <trkpt lat="39.9607832171022891998291015625" lon="116.5501760132610797882080078125">
        <ele>23.799999237060546875</ele>
        <time>2026-08-29T11:51:37.000Z</time>
        <extensions>
          <ns3:TrackPointExtension>
            <ns3:hr>89</ns3:hr>
          </ns3:TrackPointExtension>
        </extensions>
      </trkpt>
      <trkpt lat="39.96050150133669376373291015625" lon="116.5501066111028194427490234375">
        <ele>23.799999237060546875</ele>
        <time>2026-08-29T11:51:45.000Z</time>
        <extensions>
          <ns3:TrackPointExtension>
            <ns3:hr>85</ns3:hr>
          </ns3:TrackPointExtension>
        </extensions>
      </trkpt>
      <trkpt lat="39.9604338593780994415283203125" lon="116.55008800327777862548828125">
        <ele>23.799999237060546875</ele>
        <time>2026-08-29T11:51:47.000Z</time>
        <extensions>
          <ns3:TrackPointExtension>
            <ns3:hr>84</ns3:hr>
          </ns3:TrackPointExtension>
        </extensions>
      </trkpt>
      <trkpt lat="39.96022674255073070526123046875" lon="116.55010275542736053466796875">
        <ele>24</ele>
        <time>2026-08-29T11:51:53.000Z</time>
        <extensions>
          <ns3:TrackPointExtension>
            <ns3:hr>83</ns3:hr>
          </ns3:TrackPointExtension>
        </extensions>
      </trkpt>
      <trkpt lat="39.96003462933003902435302734375" lon="116.5502013266086578369140625">
        <ele>24.200000762939453125</ele>
        <time>2026-08-29T11:52:00.000Z</time>
        <extensions>
          <ns3:TrackPointExtension>
            <ns3:hr>82</ns3:hr>
          </ns3:TrackPointExtension>
        </extensions>
      </trkpt>
      <trkpt lat="39.96000059880316257476806640625" lon="116.5503983013331890106201171875">
        <ele>24</ele>
        <time>2026-08-29T11:52:05.000Z</time>
        <extensions>
          <ns3:TrackPointExtension>
            <ns3:hr>85</ns3:hr>
          </ns3:TrackPointExtension>
        </extensions>
      </trkpt>
      <trkpt lat="39.95993907563388347625732421875" lon="116.5504972077906131744384765625">
        <ele>24</ele>
        <time>2026-08-29T11:52:09.000Z</time>
        <extensions>
          <ns3:TrackPointExtension>
            <ns3:hr>85</ns3:hr>
          </ns3:TrackPointExtension>
        </extensions>
      </trkpt>
      <trkpt lat="39.9598618783056735992431640625" lon="116.55063777230679988861083984375">
        <ele>23.799999237060546875</ele>
        <time>2026-08-29T11:52:15.000Z</time>
        <extensions>
          <ns3:TrackPointExtension>
            <ns3:hr>86</ns3:hr>
          </ns3:TrackPointExtension>
        </extensions>
      </trkpt>
      <trkpt lat="39.95987688191235065460205078125" lon="116.55087447725236415863037109375">
        <ele>23.799999237060546875</ele>
        <time>2026-08-29T11:52:21.000Z</time>
        <extensions>
          <ns3:TrackPointExtension>
            <ns3:hr>88</ns3:hr>
          </ns3:TrackPointExtension>
        </extensions>
      </trkpt>
      <trkpt lat="39.95987067930400371551513671875" lon="116.55125820077955722808837890625">
        <ele>23.799999237060546875</ele>
        <time>2026-08-29T11:52:29.000Z</time>
        <extensions>
          <ns3:TrackPointExtension>
            <ns3:hr>89</ns3:hr>
          </ns3:TrackPointExtension>
        </extensions>
      </trkpt>
      <trkpt lat="39.9598736129701137542724609375" lon="116.55176614411175251007080078125">
        <ele>23.3999996185302734375</ele>
        <time>2026-08-29T11:52:40.000Z</time>
        <extensions>
          <ns3:TrackPointExtension>
            <ns3:hr>86</ns3:hr>
          </ns3:TrackPointExtension>
        </extensions>
      </trkpt>
      <trkpt lat="39.95987671427428722381591796875" lon="116.552348434925079345703125">
        <ele>23.3999996185302734375</ele>
        <time>2026-08-29T11:52:53.000Z</time>
        <extensions>
          <ns3:TrackPointExtension>
            <ns3:hr>85</ns3:hr>
          </ns3:TrackPointExtension>
        </extensions>
      </trkpt>
      <trkpt lat="39.95988450944423675537109375" lon="116.55266434885561466217041015625">
        <ele>23</ele>
        <time>2026-08-29T11:53:01.000Z</time>
        <extensions>
          <ns3:TrackPointExtension>
            <ns3:hr>85</ns3:hr>
          </ns3:TrackPointExtension>
        </extensions>
      </trkpt>
      <trkpt lat="39.95989163406193256378173828125" lon="116.55299727804958820343017578125">
        <ele>23.200000762939453125</ele>
        <time>2026-08-29T11:53:09.000Z</time>
        <extensions>
          <ns3:TrackPointExtension>
            <ns3:hr>86</ns3:hr>
          </ns3:TrackPointExtension>
        </extensions>
      </trkpt>
      <trkpt lat="39.95991946198046207427978515625" lon="116.55313071794807910919189453125">
        <ele>22.799999237060546875</ele>
        <time>2026-08-29T11:53:14.000Z</time>
        <extensions>
          <ns3:TrackPointExtension>
            <ns3:hr>85</ns3:hr>
          </ns3:TrackPointExtension>
        </extensions>
      </trkpt>
      <trkpt lat="39.95993790216743946075439453125" lon="116.5531398542225360870361328125">
        <ele>22.799999237060546875</ele>
        <time>2026-08-29T11:53:15.000Z</time>
        <extensions>
          <ns3:TrackPointExtension>
            <ns3:hr>85</ns3:hr>
          </ns3:TrackPointExtension>
        </extensions>
      </trkpt>
      <trkpt lat="39.959990791976451873779296875" lon="116.55314479954540729522705078125">
        <ele>22.799999237060546875</ele>
        <time>2026-08-29T11:53:18.000Z</time>
        <extensions>
          <ns3:TrackPointExtension>
            <ns3:hr>85</ns3:hr>
          </ns3:TrackPointExtension>
        </extensions>
      </trkpt>
      <trkpt lat="39.9600824899971485137939453125" lon="116.55316717922687530517578125">
        <ele>23</ele>
        <time>2026-08-29T11:53:24.000Z</time>
        <extensions>
          <ns3:TrackPointExtension>
            <ns3:hr>86</ns3:hr>
          </ns3:TrackPointExtension>
        </extensions>
      </trkpt>
      <trkpt lat="39.96013655327260494232177734375" lon="116.55315779149532318115234375">
        <ele>23</ele>
        <time>2026-08-29T11:53:30.000Z</time>
        <extensions>
          <ns3:TrackPointExtension>
            <ns3:hr>87</ns3:hr>
          </ns3:TrackPointExtension>
        </extensions>
      </trkpt>
      <trkpt lat="39.96013797819614410400390625" lon="116.55315737240016460418701171875">
        <ele>23</ele>
        <time>2026-08-29T11:53:36.000Z</time>
        <extensions>
          <ns3:TrackPointExtension>
            <ns3:hr>87</ns3:hr>
          </ns3:TrackPointExtension>
        </extensions>
      </trkpt>
    </trkseg>
  </trk>
</gpx>
